OrderID,DateKey,CustomerID,RestaurantID,DeliveryPartnerID,Quantity,OrderAmount,DeliveryFee,Discount,DeliveryTime,CustomerRating,OrderStatus
50001,20240412,1229,2096,3084,5,1111.25,64.89,37.6,47,4.3,Delivered
50002,20250311,1537,2063,3149,4,2114.38,50.13,144.76,19,,Cancelled
50003,20240927,1793,2106,3126,1,893.03,44.26,0.0,42,3.1,Delivered
50004,20240416,1306,2027,3116,2,1135.0,60.89,0.0,49,3.6,Delivered
50005,20240312,1352,2001,3014,4,2062.36,57.91,45.16,61,3.9,Delivered
50006,20251201,1257,2115,3025,5,3953.82,47.15,0.0,42,3.7,Delivered
50007,20240121,1443,2039,3069,3,1171.09,69.4,0.0,40,4.2,Delivered
50008,20250906,1389,2061,3147,3,1306.29,41.78,118.47,21,3.5,Delivered
50009,20240501,1279,2055,3118,3,1783.2,34.82,0.0,39,4.1,Delivered
50010,20250411,1606,2005,3144,1,495.68,73.59,218.57,35,3.9,Delivered
50011,20240802,1289,2040,3014,1,889.32,52.22,0.0,49,4.4,Delivered
50012,20241126,1257,2114,3090,3,1567.65,25.83,206.64,37,3.9,Delivered
50013,20250403,1172,2097,3111,4,2506.33,70.27,0.0,31,3.1,Delivered
50014,20240328,1183,2119,3083,5,2257.6,20.98,71.95,55,3.7,Delivered
50015,20250107,1072,2013,3130,1,574.82,37.58,0.0,22,3.6,Delivered
50016,20240409,1283,2008,3099,3,1424.05,41.15,0.0,57,4.3,Delivered
50017,20251025,1727,2001,3072,5,1427.25,71.08,24.28,54,4.3,Delivered
50018,20240510,1535,2089,3142,4,1403.81,70.43,166.72,45,4.5,Delivered
50019,20251023,1447,2020,3106,1,541.7,24.78,0.0,61,4.7,Delivered
50020,20241104,1093,2004,3068,4,1555.96,28.23,0.0,44,3.6,Delivered
50021,20241209,1384,2004,3113,2,684.67,22.38,0.0,30,4.6,Delivered
50022,20250506,1346,2115,3103,3,1494.36,57.05,0.0,20,3.5,Delivered
50023,20250217,1215,2025,3013,1,343.8,26.44,204.81,20,,Cancelled
50024,20250120,1194,2075,3147,4,2946.7,35.4,32.73,37,4.8,Delivered
50025,20240710,1664,2079,3088,4,3290.32,40.8,174.48,64,3.5,Delivered
50026,20241003,1011,2043,3015,5,3504.3,68.88,234.58,51,4.8,Delivered
50027,20240609,1778,2047,3073,2,1199.73,69.1,0.0,65,4.5,Delivered
50028,20250404,1052,2094,3065,2,1703.25,28.92,0.0,35,3.5,Delivered
50029,20241109,1017,2082,3138,5,959.72,22.34,142.7,52,4.4,Delivered
50030,20240122,1229,2095,3038,3,2428.73,61.52,0.0,37,4.9,Delivered
50031,20240909,1743,2006,3070,5,880.54,18.55,190.07,60,4.1,Delivered
50032,20250714,1104,2076,3053,3,1887.64,59.54,181.14,52,4.7,Delivered
50033,20250419,1375,2067,3054,4,623.6,74.67,240.97,37,4.6,Delivered
50034,20240228,1276,2096,3031,2,746.13,43.52,0.0,38,4.5,Delivered
50035,20250525,1135,2066,3105,4,2967.95,65.66,0.0,49,3.8,Delivered
50036,20251112,1266,2008,3039,3,2064.12,68.59,221.66,62,3.1,Delivered
50037,20250420,1668,2095,3037,4,2406.35,44.46,207.09,19,4.3,Delivered
50038,20251130,1631,2014,3043,2,1245.23,41.04,0.0,58,4.2,Delivered
50039,20240708,1463,2034,3052,1,268.37,68.99,138.76,26,4.4,Delivered
50040,20251117,1101,2058,3076,3,1465.85,26.28,0.0,55,4.6,Delivered
50041,20250716,1751,2106,3106,2,426.6,39.53,0.0,54,4.9,Delivered
50042,20250720,1381,2094,3023,5,3176.65,78.32,164.12,30,4.7,Delivered
50043,20240831,1447,2084,3061,1,450.78,20.79,0.0,41,4.1,Delivered
50044,20250519,1168,2076,3016,1,688.94,44.49,120.09,61,3.4,Delivered
50045,20240510,1278,2115,3057,2,585.82,33.72,218.25,49,3.9,Delivered
50046,20250429,1574,2008,3107,2,1200.12,59.02,0.0,44,4.6,Delivered
50047,20251008,1466,2044,3090,1,367.64,73.98,80.21,41,4.3,Delivered
50048,20240121,1584,2037,3030,1,157.74,60.05,0.0,61,3.8,Delivered
50049,20240615,1359,2060,3057,4,2808.31,18.82,0.0,39,3.9,Delivered
50050,20240930,1365,2061,3031,3,2692.66,53.89,236.04,65,3.0,Delivered
50051,20250122,1269,2008,3131,5,3073.72,39.11,0.0,53,3.4,Delivered
50052,20250823,1789,2104,3034,2,1055.62,23.57,233.98,38,3.9,Delivered
50053,20241111,1480,2055,3015,3,712.89,71.66,0.0,35,4.9,Delivered
50054,20240114,1096,2037,3109,3,2481.28,75.24,80.54,51,4.8,Delivered
50055,20240829,1353,2025,3083,3,2107.96,51.12,132.99,60,3.9,Delivered
50056,20241211,1225,2094,3118,2,522.93,31.91,0.0,63,3.2,Delivered
50057,20250718,1482,2113,3079,4,722.38,46.54,102.0,49,4.4,Delivered
50058,20241205,1590,2100,3107,2,485.48,26.74,41.52,28,4.6,Delivered
50059,20240401,1382,2119,3134,5,4090.85,78.16,154.71,51,3.4,Delivered
50060,20250101,1244,2068,3101,1,334.62,36.36,0.0,36,4.4,Delivered
50061,20250330,1468,2016,3026,4,1720.67,36.03,0.0,19,4.7,Delivered
50062,20250303,1210,2044,3073,4,1962.17,15.38,239.7,20,4.9,Delivered
50063,20250523,1635,2045,3078,3,2581.69,66.81,249.96,26,3.1,Delivered
50064,20240204,1186,2103,3043,3,1177.13,76.87,0.0,42,3.5,Delivered
50065,20240724,1076,2079,3120,2,1747.57,70.4,0.0,28,3.8,Delivered
50066,20240321,1082,2083,3100,2,480.9,67.41,0.0,37,4.2,Delivered
50067,20250715,1273,2026,3044,3,1947.42,46.83,211.37,42,4.1,Delivered
50068,20250122,1573,2046,3074,4,870.67,27.11,0.0,58,3.1,Delivered
50069,20240102,1409,2119,3067,3,2639.86,61.39,175.58,49,4.3,Delivered
50070,20250124,1111,2011,3089,1,368.03,46.04,120.59,27,,Cancelled
50071,20250719,1433,2023,3026,3,2343.46,18.1,0.0,22,4.0,Delivered
50072,20240415,1712,2024,3027,5,2343.43,51.95,41.73,34,4.2,Delivered
50073,20250421,1601,2118,3001,5,811.01,66.1,190.32,43,3.8,Delivered
50074,20251203,1189,2044,3131,3,1156.38,44.25,186.54,34,4.8,Delivered
50075,20250205,1503,2018,3041,2,616.6,31.86,37.99,61,4.1,Delivered
50076,20251230,1677,2035,3015,1,446.2,44.91,23.06,43,4.9,Delivered
50077,20250709,1520,2023,3114,5,3472.17,55.09,89.64,62,4.4,Delivered
50078,20240610,1339,2112,3103,4,3013.92,27.4,0.0,19,3.4,Delivered
50079,20240720,1650,2097,3078,1,306.92,43.33,169.18,58,4.1,Delivered
50080,20240926,1689,2056,3083,1,375.69,16.42,126.59,28,4.5,Delivered
50081,20240927,1798,2057,3119,4,3491.6,53.04,128.44,30,4.7,Delivered
50082,20250331,1735,2064,3031,4,752.77,61.35,21.81,44,4.5,Delivered
50083,20250406,1692,2066,3023,5,3491.54,40.98,0.0,50,4.2,Delivered
50084,20251227,1560,2077,3006,4,1295.72,52.47,0.0,53,4.8,Delivered
50085,20240908,1550,2002,3100,4,3267.42,57.0,46.9,46,3.0,Delivered
50086,20251202,1795,2065,3069,3,2083.97,48.0,0.0,55,3.7,Delivered
50087,20241022,1785,2089,3071,5,3950.45,72.41,184.5,64,4.9,Delivered
50088,20251225,1047,2061,3079,3,2240.94,55.42,203.94,36,3.2,Delivered
50089,20251220,1622,2043,3092,4,987.29,21.56,65.88,44,,Cancelled
50090,20241203,1792,2084,3073,4,1510.96,16.18,0.0,34,3.3,Delivered
50091,20240222,1746,2018,3113,5,869.89,55.14,0.0,25,4.0,Delivered
50092,20240804,1046,2058,3018,3,2215.99,51.21,196.96,27,4.7,Delivered
50093,20240706,1555,2105,3093,5,3260.57,43.46,182.47,47,,Cancelled
50094,20250114,1615,2078,3073,1,880.99,70.8,199.78,24,3.1,Delivered
50095,20250507,1187,2096,3060,1,275.28,38.51,0.0,64,3.9,Delivered
50096,20240210,1761,2024,3118,5,2618.97,38.64,0.0,26,3.4,Delivered
50097,20240605,1782,2112,3002,4,2907.66,45.79,21.52,36,3.2,Delivered
50098,20240115,1536,2092,3064,3,2059.2,30.95,115.45,51,3.5,Delivered
50099,20240305,1711,2025,3114,4,1840.23,70.41,114.14,61,3.1,Delivered
50100,20250604,1792,2071,3091,2,1455.23,19.52,185.05,39,5.0,Delivered
50101,20241209,1167,2006,3120,2,951.11,74.96,0.0,27,3.1,Delivered
50102,20240508,1516,2007,3050,5,4397.48,60.55,116.44,37,3.6,Delivered
50103,20251009,1395,2072,3062,3,467.78,74.83,84.35,62,4.3,Delivered
50104,20250416,1337,2030,3056,5,3091.35,37.44,0.0,59,3.4,Delivered
50105,20240303,1623,2072,3021,3,639.63,61.73,0.0,26,4.1,Delivered
50106,20240518,1141,2056,3139,2,439.23,64.21,146.91,28,4.8,Delivered
50107,20250513,1459,2097,3129,5,2971.89,62.22,75.51,50,3.1,Delivered
50108,20250815,1630,2036,3056,3,1034.45,64.18,0.0,25,4.1,Delivered
50109,20250126,1799,2043,3037,1,489.86,79.29,246.08,54,4.9,Delivered
50110,20251105,1687,2116,3128,5,3916.86,58.35,0.0,63,3.3,Delivered
50111,20250222,1431,2008,3069,4,2159.0,52.85,0.0,41,3.3,Delivered
50112,20241015,1442,2030,3032,4,3085.31,72.75,0.0,48,3.2,Delivered
50113,20250113,1226,2064,3048,5,2260.33,71.68,148.56,55,3.8,Delivered
50114,20250504,1714,2016,3081,4,2667.05,42.1,238.0,28,3.3,Delivered
50115,20240818,1060,2070,3001,4,988.16,22.67,182.04,31,3.1,Delivered
50116,20240210,1577,2101,3033,2,1716.1,54.1,104.95,44,3.7,Delivered
50117,20240128,1038,2070,3059,3,540.63,79.42,0.0,37,3.1,Delivered
50118,20240514,1417,2029,3127,2,513.21,73.13,0.0,36,4.6,Delivered
50119,20240719,1158,2111,3048,4,606.26,17.9,0.0,48,4.1,Delivered
50120,20240202,1328,2002,3056,3,2208.04,54.37,129.3,26,3.9,Delivered
50121,20240217,1577,2076,3069,4,2601.66,20.81,54.27,57,3.8,Delivered
50122,20250517,1728,2113,3134,2,1650.37,58.58,0.0,46,4.3,Delivered
50123,20250210,1601,2009,3025,2,1360.81,60.98,151.56,53,4.3,Delivered
50124,20250727,1257,2078,3131,1,294.32,18.44,162.3,54,4.5,Delivered
50125,20251228,1049,2081,3002,5,4113.24,26.68,47.67,19,3.4,Delivered
50126,20240408,1145,2083,3110,5,2415.86,41.12,205.59,20,4.9,Delivered
50127,20251114,1420,2102,3017,3,1433.29,35.63,115.44,34,5.0,Delivered
50128,20251226,1561,2063,3148,5,1380.58,20.83,0.0,37,,Cancelled
50129,20250630,1434,2027,3043,2,388.37,61.36,0.0,37,3.6,Delivered
50130,20250904,1057,2011,3037,4,3279.03,73.47,79.32,21,4.5,Delivered
50131,20250406,1046,2067,3015,5,1636.84,76.71,136.98,35,3.9,Delivered
50132,20251004,1417,2044,3148,4,796.37,74.39,26.65,19,4.9,Delivered
50133,20240105,1230,2077,3125,1,334.74,34.8,147.58,44,4.7,Delivered
50134,20240805,1704,2114,3094,5,1512.96,79.05,0.0,33,3.8,Delivered
50135,20250517,1738,2006,3088,5,2444.03,68.91,20.23,36,3.3,Delivered
50136,20250201,1088,2074,3145,1,850.13,69.57,130.9,42,,Cancelled
50137,20250127,1382,2068,3061,2,1177.74,63.05,0.0,54,3.2,Delivered
50138,20240725,1783,2060,3061,1,772.87,72.09,186.77,31,4.9,Delivered
50139,20240115,1698,2096,3012,3,2438.85,78.68,237.44,63,3.5,Delivered
50140,20250707,1415,2002,3061,3,1218.67,16.03,125.75,62,4.8,Delivered
50141,20250405,1558,2090,3080,5,2536.98,41.86,227.33,62,4.5,Delivered
50142,20251121,1647,2026,3052,5,1054.31,50.01,221.65,60,3.2,Delivered
50143,20250728,1759,2106,3112,4,3082.4,64.92,0.0,62,,Cancelled
50144,20240828,1292,2111,3075,1,497.02,29.4,0.0,19,4.4,Delivered
50145,20250717,1739,2061,3150,3,880.9,67.55,207.74,32,4.0,Delivered
50146,20240405,1117,2081,3112,3,532.79,54.39,133.35,18,4.6,Delivered
50147,20250429,1115,2033,3046,4,932.84,26.08,83.79,30,4.1,Delivered
50148,20250210,1625,2015,3132,5,2869.28,19.23,0.0,34,4.7,Delivered
50149,20240818,1336,2034,3121,5,3483.37,16.5,83.1,62,4.2,Delivered
50150,20251016,1740,2085,3122,5,4061.63,58.75,0.0,59,4.9,Delivered
50151,20240619,1081,2079,3150,4,3133.02,48.69,0.0,49,4.5,Delivered
50152,20250624,1375,2067,3063,2,370.45,35.56,231.23,43,3.2,Delivered
50153,20240205,1504,2006,3100,5,3778.77,59.82,0.0,22,3.4,Delivered
50154,20250608,1427,2033,3066,3,1149.31,46.2,0.0,19,4.3,Delivered
50155,20240608,1680,2028,3085,3,2341.14,77.32,76.85,21,4.0,Delivered
50156,20251129,1649,2103,3144,2,1715.32,64.67,198.42,58,3.2,Delivered
50157,20240830,1379,2011,3106,1,837.54,60.07,106.8,26,4.6,Delivered
50158,20240326,1364,2085,3126,1,376.1,59.04,0.0,53,4.7,Delivered
50159,20250731,1170,2070,3057,4,887.49,53.97,0.0,60,3.9,Delivered
50160,20251112,1337,2038,3141,4,2985.49,37.08,222.39,61,3.9,Delivered
50161,20250710,1275,2031,3137,3,1772.58,61.36,0.0,55,3.4,Delivered
50162,20250727,1566,2051,3086,5,1222.43,46.29,0.0,57,3.5,Delivered
50163,20251007,1573,2040,3031,1,195.37,77.38,0.0,40,4.8,Delivered
50164,20240128,1462,2006,3128,2,521.11,38.97,0.0,18,4.3,Delivered
50165,20250911,1391,2105,3126,2,385.98,70.82,136.63,45,5.0,Delivered
50166,20250709,1494,2091,3107,2,1477.9,60.16,98.56,47,3.7,Delivered
50167,20241205,1464,2115,3123,5,2872.86,36.36,0.0,24,4.6,Delivered
50168,20241126,1474,2023,3107,1,521.95,60.06,231.59,47,3.5,Delivered
50169,20251001,1562,2111,3095,3,2266.36,68.7,0.0,18,3.1,Delivered
50170,20250520,1780,2052,3054,1,566.02,56.04,0.0,41,3.1,Delivered
50171,20241213,1766,2033,3059,2,726.15,26.33,0.0,53,3.4,Delivered
50172,20250417,1164,2015,3058,2,1564.32,59.03,0.0,42,4.8,Delivered
50173,20240818,1216,2049,3057,3,2556.26,67.62,0.0,60,4.1,Delivered
50174,20240708,1657,2044,3090,5,4056.24,24.39,0.0,26,3.4,Delivered
50175,20240812,1311,2079,3001,4,2683.06,56.35,0.0,20,4.2,Delivered
50176,20250119,1533,2118,3067,5,1853.19,55.91,0.0,35,4.7,Delivered
50177,20250111,1625,2083,3010,5,4071.88,45.59,0.0,60,3.3,Delivered
50178,20241009,1232,2117,3069,4,2853.92,47.41,168.37,47,4.4,Delivered
50179,20250924,1068,2008,3028,5,3354.41,32.44,184.6,43,4.6,Delivered
50180,20250919,1628,2015,3004,1,305.4,30.23,225.82,31,4.8,Delivered
50181,20240915,1591,2098,3108,5,1339.54,20.51,0.0,23,4.0,Delivered
50182,20241224,1586,2096,3023,2,1175.94,42.7,127.01,47,3.7,Delivered
50183,20251210,1786,2009,3035,4,1551.06,30.2,0.0,59,4.8,Delivered
50184,20250331,1501,2066,3059,3,2345.86,66.08,137.94,32,3.1,Delivered
50185,20250214,1492,2001,3131,1,559.52,31.25,96.76,65,4.4,Delivered
50186,20251010,1067,2045,3029,3,878.95,70.57,0.0,63,4.8,Delivered
50187,20241113,1601,2009,3100,1,727.56,79.79,0.0,43,4.5,Delivered
50188,20251107,1189,2025,3014,1,504.0,24.7,137.91,43,4.4,Delivered
50189,20240812,1731,2006,3150,2,1011.66,64.25,138.64,64,3.7,Delivered
50190,20240821,1176,2017,3085,1,384.81,60.37,63.2,31,4.7,Delivered
50191,20251114,1233,2049,3021,1,431.03,76.32,0.0,18,4.3,Delivered
50192,20251025,1229,2071,3026,3,1214.6,41.22,116.4,62,3.7,Delivered
50193,20250108,1041,2017,3038,1,575.68,78.52,0.0,39,4.6,Delivered
50194,20251102,1600,2073,3029,5,2902.05,76.67,0.0,22,3.4,Delivered
50195,20250830,1759,2017,3061,1,396.63,34.8,241.25,28,4.1,Delivered
50196,20250416,1502,2085,3022,1,769.86,27.93,0.0,42,3.5,Delivered
50197,20240820,1334,2006,3123,5,1012.42,26.17,33.21,44,5.0,Delivered
50198,20251122,1142,2082,3144,2,1104.68,77.08,0.0,31,3.4,Delivered
50199,20240422,1333,2043,3140,4,3053.69,52.38,0.0,37,4.0,Delivered
50200,20250511,1055,2085,3102,4,1426.32,19.16,0.0,43,3.5,Delivered
50201,20250317,1423,2003,3029,3,2498.18,52.45,222.23,65,4.3,Delivered
50202,20250717,1325,2097,3080,4,1640.35,40.42,213.81,29,3.4,Delivered
50203,20240924,1031,2068,3112,5,3499.66,26.92,125.3,54,4.4,Delivered
50204,20250524,1558,2002,3052,1,329.77,55.83,0.0,36,3.1,Delivered
50205,20250120,1650,2008,3041,2,1663.1,22.88,114.59,41,3.2,Delivered
50206,20250121,1479,2086,3131,3,1372.72,17.9,0.0,19,4.4,Delivered
50207,20240422,1699,2022,3052,4,1743.47,40.78,191.57,18,4.4,Delivered
50208,20250904,1433,2100,3087,2,790.67,19.44,192.2,53,4.4,Delivered
50209,20250916,1621,2086,3069,4,1020.77,26.09,208.7,19,3.4,Delivered
50210,20240321,1120,2041,3061,1,550.99,64.63,0.0,61,3.9,Delivered
50211,20251129,1327,2117,3030,2,625.01,29.05,27.92,62,4.3,Delivered
50212,20240422,1608,2120,3053,5,3153.8,40.39,184.77,37,4.2,Delivered
50213,20240102,1775,2007,3113,1,729.31,39.35,196.44,33,3.0,Delivered
50214,20251003,1637,2039,3132,1,891.97,58.48,0.0,32,,Cancelled
50215,20240807,1121,2057,3038,1,747.69,25.86,0.0,44,4.6,Delivered
50216,20250719,1482,2067,3026,3,1714.62,50.21,0.0,45,3.4,Delivered
50217,20240812,1772,2049,3054,3,1177.58,15.78,23.45,31,3.1,Delivered
50218,20250119,1512,2007,3033,3,1912.38,29.21,0.0,37,4.0,Delivered
50219,20250206,1200,2114,3149,1,684.4,52.0,201.99,34,,Cancelled
50220,20250929,1685,2031,3127,5,1966.33,75.1,0.0,62,3.4,Delivered
50221,20240509,1218,2110,3082,3,2650.55,16.15,0.0,55,4.0,Delivered
50222,20240222,1062,2096,3042,2,1055.13,16.38,0.0,25,4.5,Delivered
50223,20251114,1012,2003,3073,2,1229.65,34.28,0.0,27,4.3,Delivered
50224,20251230,1643,2056,3106,2,1685.11,63.05,157.56,39,3.6,Delivered
50225,20251102,1691,2008,3078,1,540.65,33.75,244.84,19,4.5,Delivered
50226,20251210,1387,2010,3141,3,995.06,58.23,144.04,33,4.4,Delivered
50227,20250219,1711,2029,3147,2,1212.09,43.75,0.0,18,4.0,Delivered
50228,20240903,1601,2112,3150,2,378.16,23.16,248.16,29,4.7,Delivered
50229,20250314,1203,2003,3085,2,654.47,35.25,37.98,64,3.8,Delivered
50230,20240721,1167,2025,3072,5,1683.64,56.31,0.0,35,4.0,Delivered
50231,20240702,1521,2055,3002,3,1346.05,47.84,0.0,65,3.3,Delivered
50232,20240502,1275,2095,3020,4,659.43,64.33,107.73,37,3.3,Delivered
50233,20250204,1490,2068,3070,2,685.94,39.38,126.64,56,3.7,Delivered
50234,20241020,1529,2059,3094,4,1187.15,71.01,0.0,64,4.0,Delivered
50235,20241006,1084,2024,3087,4,3420.85,46.82,0.0,59,,Cancelled
50236,20250901,1307,2005,3008,1,456.59,40.01,28.93,54,4.5,Delivered
50237,20240716,1735,2057,3121,3,2185.36,61.09,0.0,58,4.4,Delivered
50238,20250525,1411,2103,3004,4,3379.56,17.24,0.0,41,4.4,Delivered
50239,20240523,1640,2077,3110,2,692.0,31.53,124.76,56,4.3,Delivered
50240,20250831,1037,2052,3033,2,318.51,74.6,197.32,43,4.9,Delivered
50241,20240719,1031,2052,3125,1,538.9,68.93,0.0,34,4.0,Delivered
50242,20240503,1268,2071,3088,5,3219.32,41.75,0.0,64,3.2,Delivered
50243,20240705,1544,2037,3086,5,3662.59,63.67,0.0,65,3.6,Delivered
50244,20241121,1482,2015,3116,2,1524.58,60.26,0.0,51,3.6,Delivered
50245,20250408,1184,2088,3033,4,1111.9,27.87,106.17,29,3.2,Delivered
50246,20241214,1010,2092,3068,5,3803.89,26.88,0.0,30,4.8,Delivered
50247,20251021,1475,2065,3080,4,1922.19,56.37,0.0,23,3.8,Delivered
50248,20250206,1059,2089,3097,3,594.59,46.54,0.0,24,3.5,Delivered
50249,20241211,1496,2035,3149,1,648.99,28.72,0.0,18,4.0,Delivered
50250,20250525,1278,2074,3009,3,2547.29,42.91,0.0,41,3.7,Delivered
50251,20240526,1457,2006,3045,3,2287.91,39.6,236.43,21,,Cancelled
50252,20240527,1008,2113,3146,3,2264.11,41.12,20.71,26,3.2,Delivered
50253,20251211,1637,2003,3001,5,1798.0,38.95,180.83,57,4.7,Delivered
50254,20250503,1204,2037,3041,5,2299.22,77.24,63.23,38,3.7,Delivered
50255,20251001,1517,2071,3080,1,877.2,30.18,189.24,49,4.2,Delivered
50256,20250704,1786,2115,3082,1,411.25,45.95,235.99,60,4.8,Delivered
50257,20241203,1339,2069,3131,4,1481.59,48.8,0.0,54,4.4,Delivered
50258,20251002,1025,2029,3082,1,245.9,58.75,0.0,53,,Cancelled
50259,20250417,1690,2045,3095,4,1104.16,58.07,0.0,33,3.3,Delivered
50260,20240530,1545,2005,3125,1,229.1,75.39,0.0,38,4.5,Delivered
50261,20250218,1231,2105,3080,2,1378.76,58.59,173.16,60,4.1,Delivered
50262,20241024,1495,2037,3135,4,871.33,75.57,179.11,56,3.7,Delivered
50263,20250902,1747,2105,3089,4,2561.76,43.4,200.57,32,3.2,Delivered
50264,20240919,1160,2059,3150,1,233.54,27.23,98.25,25,3.3,Delivered
50265,20240523,1541,2089,3145,3,2596.65,19.02,0.0,52,3.8,Delivered
50266,20241211,1741,2085,3089,4,1558.93,66.78,103.96,51,4.2,Delivered
50267,20250915,1269,2090,3012,1,446.48,24.41,143.81,36,4.0,Delivered
50268,20250725,1169,2027,3033,4,1042.28,70.19,85.18,62,3.6,Delivered
50269,20240102,1377,2048,3050,5,4463.76,60.92,48.4,48,3.4,Delivered
50270,20241030,1440,2075,3137,3,2034.32,36.65,106.64,63,4.5,Delivered
50271,20240910,1489,2022,3029,2,1350.61,26.64,32.09,49,3.6,Delivered
50272,20251013,1039,2046,3017,2,1786.59,59.06,0.0,40,3.8,Delivered
50273,20250328,1056,2005,3046,5,3475.33,60.57,84.94,53,3.3,Delivered
50274,20240206,1067,2045,3142,5,3996.96,34.76,32.45,59,3.3,Delivered
50275,20240608,1023,2049,3094,4,1473.24,63.64,0.0,65,3.7,Delivered
50276,20240109,1754,2084,3054,5,1132.3,39.48,200.66,45,3.3,Delivered
50277,20240820,1138,2061,3077,1,222.04,18.41,0.0,50,4.2,Delivered
50278,20240408,1784,2056,3098,2,1240.46,30.66,0.0,49,4.2,Delivered
50279,20251020,1695,2113,3061,2,1279.2,66.7,106.34,60,3.9,Delivered
50280,20240726,1598,2115,3118,4,1425.65,22.8,0.0,23,4.3,Delivered
50281,20240510,1612,2098,3002,5,1593.51,46.17,154.98,62,4.6,Delivered
50282,20250207,1480,2051,3123,2,875.94,34.39,249.99,26,3.1,Delivered
50283,20240531,1342,2062,3077,5,1443.34,51.14,0.0,52,4.1,Delivered
50284,20240223,1648,2071,3012,1,539.18,66.35,154.49,25,3.4,Delivered
50285,20240429,1260,2045,3095,1,285.5,51.06,0.0,38,3.3,Delivered
50286,20251103,1125,2068,3123,2,1278.96,63.95,0.0,23,,Cancelled
50287,20250919,1254,2117,3069,5,1869.67,78.51,0.0,60,3.6,Delivered
50288,20250809,1069,2012,3030,5,4142.32,24.09,87.48,49,4.0,Delivered
50289,20250916,1585,2097,3089,3,1813.89,58.07,137.44,20,3.4,Delivered
50290,20250223,1208,2045,3066,3,2376.19,50.88,0.0,55,3.3,Delivered
50291,20250225,1266,2090,3077,5,2332.56,57.23,0.0,28,3.2,Delivered
50292,20240413,1077,2090,3047,3,1972.18,28.24,0.0,58,5.0,Delivered
50293,20240910,1622,2077,3120,2,1371.67,48.24,149.64,28,3.3,Delivered
50294,20240814,1420,2066,3010,4,1736.83,32.56,0.0,52,4.1,Delivered
50295,20240421,1415,2002,3005,1,397.02,65.57,40.46,27,3.5,Delivered
50296,20250524,1077,2002,3131,1,223.46,76.87,0.0,25,4.5,Delivered
50297,20250417,1579,2031,3015,3,1774.86,37.68,0.0,54,4.1,Delivered
50298,20240408,1232,2085,3093,5,1121.5,63.87,0.0,29,4.5,Delivered
50299,20240601,1542,2064,3082,5,2818.77,53.5,0.0,34,4.0,Delivered
50300,20241203,1331,2085,3060,2,1286.34,32.38,52.81,64,3.7,Delivered
50301,20251206,1486,2002,3074,2,1317.32,43.53,116.2,40,4.0,Delivered
50302,20240611,1732,2055,3147,3,2593.39,75.05,139.74,32,4.7,Delivered
50303,20251220,1259,2089,3043,3,1364.66,20.17,0.0,64,3.2,Delivered
50304,20251111,1143,2006,3115,5,965.29,47.04,190.98,18,,Cancelled
50305,20240609,1365,2067,3084,4,2631.1,47.36,0.0,61,,Cancelled
50306,20250802,1077,2002,3005,5,3367.06,74.21,113.26,65,3.8,Delivered
50307,20250201,1485,2044,3014,5,3561.25,76.81,76.17,51,3.1,Delivered
50308,20241003,1104,2030,3083,4,3493.94,49.03,175.14,32,3.7,Delivered
50309,20250518,1687,2030,3095,2,1070.53,39.64,0.0,41,,Cancelled
50310,20250126,1223,2074,3053,3,2506.6,64.82,77.45,25,4.0,Delivered
50311,20240514,1077,2097,3060,3,929.4,29.14,189.75,37,4.9,Delivered
50312,20240713,1624,2119,3023,5,3846.48,55.15,28.15,49,3.0,Delivered
50313,20250204,1027,2097,3109,4,1585.66,72.86,0.0,29,3.0,Delivered
50314,20251001,1701,2102,3050,4,2076.14,24.99,39.49,25,3.0,Delivered
50315,20240202,1124,2009,3040,3,958.71,42.84,0.0,29,3.5,Delivered
50316,20251118,1022,2093,3040,4,2568.84,63.56,0.0,18,4.7,Delivered
50317,20250404,1550,2117,3075,2,466.0,42.37,0.0,39,3.3,Delivered
50318,20250414,1721,2110,3107,2,1722.56,22.72,240.73,49,4.6,Delivered
50319,20250109,1188,2069,3086,2,787.33,47.62,195.81,65,3.8,Delivered
50320,20240122,1456,2074,3090,1,868.26,37.37,0.0,18,3.5,Delivered
50321,20251031,1336,2119,3070,3,1416.75,46.21,0.0,36,4.5,Delivered
50322,20240207,1757,2029,3090,2,1226.42,33.27,0.0,25,5.0,Delivered
50323,20240817,1571,2035,3028,2,1299.5,65.88,118.71,24,4.0,Delivered
50324,20241230,1072,2087,3024,2,583.0,24.67,216.62,25,3.1,Delivered
50325,20250716,1624,2075,3056,2,1693.65,20.91,118.05,21,4.0,Delivered
50326,20250313,1223,2118,3025,2,632.66,42.76,0.0,21,3.5,Delivered
50327,20241009,1492,2084,3066,3,2571.75,73.18,0.0,29,3.1,Delivered
50328,20240127,1420,2055,3076,3,926.95,21.55,128.57,29,4.0,Delivered
50329,20240813,1649,2046,3038,3,1134.8,50.86,0.0,26,4.5,Delivered
50330,20241003,1417,2043,3089,3,2121.6,30.49,155.45,35,3.8,Delivered
50331,20250831,1445,2099,3070,1,247.86,53.13,0.0,59,3.4,Delivered
50332,20241010,1338,2114,3015,4,3376.5,37.29,37.22,64,4.5,Delivered
50333,20250425,1688,2053,3013,5,3452.89,50.78,0.0,34,4.5,Delivered
50334,20250328,1631,2062,3057,5,4406.72,61.63,0.0,45,3.8,Delivered
50335,20251020,1711,2006,3032,5,3715.82,77.89,0.0,36,4.1,Delivered
50336,20250530,1567,2024,3013,2,1411.07,71.57,111.42,22,4.5,Delivered
50337,20250630,1303,2117,3062,4,2287.5,28.45,109.76,18,3.4,Delivered
50338,20240710,1438,2007,3029,1,809.37,61.0,201.85,51,4.7,Delivered
50339,20240218,1560,2029,3101,3,2043.57,17.96,0.0,33,4.3,Delivered
50340,20250526,1583,2097,3141,3,2536.31,56.76,82.2,33,,Cancelled
50341,20240117,1138,2011,3072,2,1101.89,54.34,0.0,41,4.9,Delivered
50342,20240620,1228,2063,3060,5,1740.14,34.17,50.73,21,3.0,Delivered
50343,20240807,1431,2117,3046,3,943.38,78.15,0.0,52,4.7,Delivered
50344,20240606,1086,2070,3021,5,1149.16,57.5,0.0,58,4.1,Delivered
50345,20250421,1769,2017,3125,4,1261.92,67.5,81.82,43,3.5,Delivered
50346,20240215,1444,2003,3004,4,1705.92,26.8,0.0,29,3.4,Delivered
50347,20250107,1234,2041,3091,5,2589.44,16.37,187.78,28,4.6,Delivered
50348,20250601,1308,2055,3028,5,1454.43,44.58,0.0,59,,Cancelled
50349,20240408,1070,2048,3057,1,693.23,15.77,51.58,24,3.0,Delivered
50350,20240206,1364,2117,3144,1,722.58,31.14,0.0,23,4.9,Delivered
50351,20241006,1024,2029,3077,5,800.61,21.91,242.26,65,4.7,Delivered
50352,20241214,1175,2063,3069,1,301.74,43.88,130.5,28,4.0,Delivered
50353,20250511,1671,2116,3044,2,383.81,23.0,179.17,20,3.6,Delivered
50354,20241028,1155,2035,3121,5,4074.21,29.58,0.0,32,3.3,Delivered
50355,20240629,1743,2006,3115,3,958.24,72.47,0.0,25,5.0,Delivered
50356,20250829,1402,2001,3056,2,452.6,55.02,0.0,25,4.8,Delivered
50357,20240408,1031,2034,3059,1,821.69,49.48,0.0,56,3.9,Delivered
50358,20251130,1353,2044,3107,3,1855.71,32.62,86.01,49,4.9,Delivered
50359,20240425,1191,2099,3145,1,741.64,65.56,218.19,27,3.8,Delivered
50360,20240709,1738,2044,3071,4,3043.95,62.24,0.0,27,5.0,Delivered
50361,20240909,1566,2045,3094,2,1451.3,46.28,101.1,44,4.3,Delivered
50362,20240609,1076,2027,3011,2,1503.21,42.21,0.0,49,4.0,Delivered
50363,20240912,1317,2082,3121,5,3830.27,42.42,108.46,54,4.6,Delivered
50364,20241118,1025,2025,3114,2,1354.64,79.6,0.0,19,3.9,Delivered
50365,20240507,1735,2046,3001,2,1681.36,70.17,0.0,26,3.3,Delivered
50366,20240118,1741,2097,3062,5,4394.32,68.81,0.0,21,3.2,Delivered
50367,20250719,1320,2111,3126,2,866.19,39.16,26.06,62,4.2,Delivered
50368,20250723,1718,2056,3062,4,3112.31,38.74,0.0,23,3.0,Delivered
50369,20241118,1250,2070,3043,4,1049.15,63.63,61.96,62,,Cancelled
50370,20251116,1623,2086,3128,4,1834.57,60.19,97.59,36,3.1,Delivered
50371,20250917,1256,2024,3144,1,603.13,40.77,0.0,45,4.8,Delivered
50372,20241014,1658,2117,3045,5,3417.78,34.89,79.35,32,3.3,Delivered
50373,20251024,1676,2047,3042,1,541.13,28.77,0.0,57,3.8,Delivered
50374,20250930,1233,2049,3015,5,3019.06,46.03,37.76,59,4.7,Delivered
50375,20240603,1060,2039,3112,2,382.01,32.54,0.0,24,4.2,Delivered
50376,20250504,1695,2084,3105,3,513.11,19.25,84.91,56,4.8,Delivered
50377,20250120,1491,2071,3122,2,1127.54,32.5,0.0,54,4.1,Delivered
50378,20240413,1735,2114,3125,4,737.04,15.55,92.35,40,4.9,Delivered
50379,20250127,1696,2082,3134,5,1480.81,78.3,192.92,62,3.7,Delivered
50380,20240902,1732,2094,3114,5,1128.76,53.17,0.0,42,4.7,Delivered
50381,20240624,1146,2046,3127,1,367.59,72.54,54.85,23,,Cancelled
50382,20240208,1457,2044,3114,2,1626.6,64.97,205.72,28,,Cancelled
50383,20250421,1264,2044,3041,5,2686.13,75.46,187.61,39,3.3,Delivered
50384,20251112,1296,2024,3145,3,1260.71,72.89,0.0,61,3.4,Delivered
50385,20250621,1706,2101,3110,5,3025.79,79.64,240.34,24,3.3,Delivered
50386,20250211,1221,2118,3112,3,1681.06,20.67,242.86,24,3.3,Delivered
50387,20250608,1436,2036,3004,3,813.31,20.8,0.0,29,3.9,Delivered
50388,20250520,1244,2036,3026,4,3535.45,75.07,0.0,25,,Cancelled
50389,20240205,1395,2072,3017,4,718.78,70.71,0.0,61,3.7,Delivered
50390,20251115,1728,2083,3031,5,4320.17,47.89,105.95,34,5.0,Delivered
50391,20240120,1205,2028,3144,1,615.46,30.91,168.09,53,4.7,Delivered
50392,20241116,1207,2073,3146,3,1295.6,29.5,151.13,47,3.7,Delivered
50393,20250526,1101,2113,3062,4,2527.45,20.58,227.03,64,4.9,Delivered
50394,20250203,1241,2047,3116,4,2904.65,35.62,0.0,56,4.4,Delivered
50395,20251015,1173,2048,3035,4,942.98,76.65,124.55,27,3.6,Delivered
50396,20250415,1284,2049,3125,1,890.86,67.55,0.0,45,,Cancelled
50397,20240522,1533,2041,3097,2,381.12,59.44,219.64,35,3.4,Delivered
50398,20240401,1307,2035,3055,2,403.89,61.29,0.0,44,4.3,Delivered
50399,20241219,1333,2006,3093,3,864.18,42.85,32.36,37,3.7,Delivered
50400,20251227,1600,2068,3092,4,2044.88,77.76,143.17,45,4.4,Delivered
50401,20240220,1303,2085,3038,4,3069.05,27.91,149.01,64,4.2,Delivered
50402,20251026,1139,2017,3015,3,1944.14,68.64,209.41,64,3.3,Delivered
50403,20251128,1769,2044,3001,4,3401.46,66.48,0.0,61,4.0,Delivered
50404,20250728,1561,2047,3026,1,891.18,56.23,236.96,58,,Cancelled
50405,20240708,1429,2081,3093,1,177.36,60.27,0.0,28,3.4,Delivered
50406,20240504,1756,2028,3071,2,1728.57,15.93,243.5,41,4.8,Delivered
50407,20240529,1396,2119,3118,5,3821.44,79.94,48.69,44,3.7,Delivered
50408,20241109,1051,2006,3036,5,2346.93,75.21,0.0,47,3.4,Delivered
50409,20250723,1067,2004,3114,5,1359.96,57.87,0.0,61,3.6,Delivered
50410,20241207,1667,2101,3142,5,4267.13,20.7,0.0,24,3.0,Delivered
50411,20241031,1356,2029,3109,4,911.03,50.41,192.49,58,4.2,Delivered
50412,20251122,1591,2023,3019,1,650.78,65.5,0.0,53,3.4,Delivered
50413,20251112,1127,2086,3029,4,3451.65,45.16,100.64,59,4.5,Delivered
50414,20240223,1445,2023,3024,1,854.71,32.39,199.91,60,4.7,Delivered
50415,20250319,1151,2093,3010,4,2619.9,17.12,20.96,19,3.7,Delivered
50416,20250904,1694,2047,3145,5,3825.13,77.35,0.0,45,4.9,Delivered
50417,20240920,1497,2076,3055,2,1224.4,75.58,0.0,45,4.3,Delivered
50418,20240222,1403,2040,3147,2,904.68,30.01,0.0,63,4.0,Delivered
50419,20250725,1666,2096,3111,5,3691.05,31.91,213.9,53,3.6,Delivered
50420,20250911,1550,2085,3102,1,219.95,53.56,120.61,19,4.1,Delivered
50421,20240105,1255,2113,3095,1,578.85,78.92,25.82,58,3.7,Delivered
50422,20240412,1478,2062,3024,2,1278.78,69.63,0.0,64,4.6,Delivered
50423,20240714,1756,2031,3068,3,1933.33,55.78,83.24,58,,Cancelled
50424,20241215,1640,2029,3055,1,233.2,24.22,0.0,34,3.2,Delivered
50425,20240216,1510,2097,3029,4,3133.87,21.54,0.0,19,4.0,Delivered
50426,20251017,1410,2017,3037,1,307.72,56.18,116.58,46,3.4,Delivered
50427,20240925,1734,2017,3003,1,827.73,70.56,171.72,25,,Cancelled
50428,20250104,1763,2065,3007,3,1538.8,25.3,161.22,65,3.2,Delivered
50429,20250927,1381,2004,3121,5,860.83,24.9,25.3,41,3.4,Delivered
50430,20240415,1501,2055,3106,3,761.77,23.23,39.19,35,4.9,Delivered
50431,20251031,1589,2117,3127,3,2043.19,67.59,169.94,45,3.8,Delivered
50432,20251020,1197,2027,3091,2,675.14,61.63,65.51,43,4.6,Delivered
50433,20251018,1411,2069,3032,5,1918.44,46.71,202.64,46,4.5,Delivered
50434,20240429,1468,2017,3061,3,1851.55,51.86,0.0,41,4.6,Delivered
50435,20250826,1438,2050,3029,4,1101.75,53.15,27.76,36,4.8,Delivered
50436,20240227,1095,2002,3149,5,2070.95,35.97,0.0,29,3.1,Delivered
50437,20241211,1716,2062,3002,3,1286.92,35.71,0.0,18,3.4,Delivered
50438,20250418,1690,2055,3131,5,3732.15,40.06,226.71,56,3.4,Delivered
50439,20240426,1336,2024,3087,5,1792.68,70.89,159.82,22,4.3,Delivered
50440,20240506,1249,2118,3106,4,1553.35,67.18,0.0,49,3.5,Delivered
50441,20250127,1651,2102,3017,1,243.07,39.89,0.0,54,3.0,Delivered
50442,20251002,1154,2114,3020,5,4454.83,69.71,0.0,43,4.1,Delivered
50443,20240227,1514,2051,3031,5,896.7,21.18,0.0,44,3.5,Delivered
50444,20250925,1642,2109,3004,3,1350.77,54.8,0.0,43,5.0,Delivered
50445,20250527,1241,2070,3128,4,3146.02,39.3,0.0,57,3.4,Delivered
50446,20240405,1503,2058,3134,1,254.05,62.08,248.51,32,3.4,Delivered
50447,20250929,1543,2108,3138,3,2286.33,59.74,0.0,21,4.6,Delivered
50448,20240427,1492,2020,3023,1,186.0,59.71,0.0,42,3.3,Delivered
50449,20250713,1643,2060,3029,2,1175.18,24.62,0.0,55,4.9,Delivered
50450,20250823,1361,2042,3115,4,2510.71,30.63,173.69,48,5.0,Delivered
50451,20250502,1162,2090,3084,3,2188.45,64.8,0.0,63,4.1,Delivered
50452,20240824,1061,2084,3071,2,1289.22,20.07,0.0,49,3.0,Delivered
50453,20240928,1466,2017,3021,2,1002.23,37.13,108.56,55,4.0,Delivered
50454,20240707,1494,2014,3082,3,2161.1,25.01,91.72,50,3.3,Delivered
50455,20251204,1522,2076,3007,3,1317.55,28.2,124.06,43,3.6,Delivered
50456,20250322,1657,2006,3114,2,1329.4,21.63,238.84,47,4.5,Delivered
50457,20250803,1026,2112,3033,2,324.88,45.96,0.0,51,3.5,Delivered
50458,20240903,1062,2020,3047,5,1065.25,47.64,0.0,50,3.9,Delivered
50459,20240316,1607,2027,3076,3,670.08,42.47,169.18,36,3.4,Delivered
50460,20240602,1502,2002,3083,3,1641.52,59.28,0.0,59,3.2,Delivered
50461,20251017,1025,2106,3032,1,189.85,19.28,0.0,24,4.8,Delivered
50462,20250310,1012,2070,3092,4,1775.72,72.17,43.3,35,3.3,Delivered
50463,20240326,1001,2100,3070,2,821.45,62.7,86.24,24,4.8,Delivered
50464,20251127,1136,2019,3133,5,2537.84,30.51,90.22,38,3.3,Delivered
50465,20241011,1086,2032,3023,3,2474.71,45.85,0.0,39,4.9,Delivered
50466,20240807,1324,2089,3004,1,278.04,37.89,0.0,48,4.0,Delivered
50467,20240309,1638,2080,3021,2,1008.85,59.2,0.0,36,4.1,Delivered
50468,20240216,1105,2013,3007,2,1432.49,67.25,0.0,39,4.5,Delivered
50469,20240403,1049,2114,3145,5,1715.02,15.88,0.0,40,3.7,Delivered
50470,20250328,1340,2008,3087,5,3654.47,53.72,217.1,25,4.0,Delivered
50471,20240722,1354,2071,3034,1,260.93,79.62,0.0,40,3.5,Delivered
50472,20240805,1794,2022,3125,4,1678.26,77.06,0.0,58,3.5,Delivered
50473,20250418,1319,2031,3041,5,4122.08,49.25,123.33,34,3.7,Delivered
50474,20250307,1698,2011,3124,3,1329.81,35.11,115.98,20,4.4,Delivered
50475,20241206,1778,2091,3042,5,1211.1,66.51,202.93,40,4.9,Delivered
50476,20250704,1093,2055,3017,4,3381.7,49.01,53.84,36,4.3,Delivered
50477,20250903,1265,2116,3036,3,1545.36,44.5,0.0,31,4.2,Delivered
50478,20241015,1464,2046,3048,1,516.27,69.22,0.0,21,3.7,Delivered
50479,20240910,1097,2049,3095,3,2216.84,51.45,135.46,23,3.3,Delivered
50480,20241222,1326,2008,3080,2,948.08,17.09,0.0,40,4.4,Delivered
50481,20240123,1068,2097,3150,4,1867.69,31.98,0.0,37,3.3,Delivered
50482,20250605,1077,2089,3006,4,2636.77,59.42,94.17,30,3.8,Delivered
50483,20240409,1410,2077,3003,2,751.59,55.84,39.69,52,4.6,Delivered
50484,20240628,1074,2102,3065,4,888.13,47.75,141.11,61,3.9,Delivered
50485,20240810,1747,2076,3142,4,1999.66,74.32,241.13,19,,Cancelled
50486,20251020,1345,2039,3068,4,865.29,66.13,52.33,55,3.3,Delivered
50487,20250317,1668,2031,3138,5,4124.67,69.93,0.0,26,3.0,Delivered
50488,20250830,1115,2030,3066,5,2475.83,68.94,0.0,59,4.2,Delivered
50489,20241120,1245,2116,3014,3,1722.25,22.89,178.84,55,4.5,Delivered
50490,20250530,1528,2036,3042,1,676.18,77.87,138.74,26,4.4,Delivered
50491,20240116,1465,2092,3022,2,751.34,15.42,91.5,49,3.4,Delivered
50492,20241201,1019,2013,3073,1,150.03,21.3,0.0,31,3.0,Delivered
50493,20240914,1403,2114,3054,5,2414.31,41.3,0.0,29,4.7,Delivered
50494,20250511,1409,2022,3117,5,1726.02,57.78,0.0,25,4.3,Delivered
50495,20240608,1597,2044,3105,2,512.53,48.25,0.0,62,4.0,Delivered
50496,20250419,1324,2002,3123,3,1101.26,38.88,43.0,35,4.4,Delivered
50497,20251025,1730,2068,3061,1,497.97,33.42,0.0,25,3.0,Delivered
50498,20251120,1612,2100,3098,3,526.69,43.89,169.6,40,,Cancelled
50499,20251105,1393,2089,3002,4,3247.27,25.29,0.0,50,4.0,Delivered
50500,20250114,1486,2090,3086,3,2480.74,26.34,140.76,27,4.4,Delivered
50501,20250628,1133,2030,3009,3,1483.83,66.02,0.0,60,3.8,Delivered
50502,20251121,1093,2048,3138,4,1729.57,52.44,128.5,50,4.1,Delivered
50503,20250302,1208,2066,3125,2,1346.65,52.99,155.44,43,3.1,Delivered
50504,20250904,1746,2084,3051,2,647.56,59.16,173.01,38,5.0,Delivered
50505,20240924,1266,2097,3062,2,458.15,39.97,222.57,44,3.1,Delivered
50506,20250730,1113,2021,3122,3,707.57,64.62,0.0,56,3.1,Delivered
50507,20250220,1454,2117,3123,2,781.74,79.28,0.0,54,3.4,Delivered
50508,20240616,1440,2073,3063,4,1912.54,25.54,0.0,51,3.4,Delivered
50509,20240212,1367,2116,3132,5,840.91,17.16,0.0,26,3.7,Delivered
50510,20250709,1635,2051,3099,4,2304.89,59.35,0.0,64,4.0,Delivered
50511,20241011,1034,2042,3070,2,1155.56,55.2,0.0,53,4.6,Delivered
50512,20250131,1171,2095,3016,4,1882.54,20.08,0.0,51,3.2,Delivered
50513,20240112,1059,2090,3019,2,377.22,68.39,0.0,36,3.5,Delivered
50514,20250829,1226,2115,3041,3,602.89,19.86,220.44,54,4.0,Delivered
50515,20241028,1593,2112,3103,5,2625.18,60.34,0.0,25,4.9,Delivered
50516,20240909,1054,2117,3095,3,1919.77,28.03,0.0,21,4.1,Delivered
50517,20250513,1403,2041,3093,3,2529.39,30.32,172.57,22,4.1,Delivered
50518,20240204,1443,2003,3068,5,3386.59,78.77,0.0,44,4.2,Delivered
50519,20251227,1540,2116,3026,1,815.64,62.02,0.0,24,4.0,Delivered
50520,20240330,1360,2085,3055,3,1420.91,78.15,89.79,19,3.1,Delivered
50521,20250827,1631,2023,3129,2,1101.28,62.97,217.87,53,3.8,Delivered
50522,20250824,1008,2001,3051,4,2686.32,23.96,0.0,46,4.2,Delivered
50523,20250221,1491,2020,3025,3,1241.53,30.48,98.92,23,3.5,Delivered
50524,20240424,1687,2065,3083,5,2880.18,61.79,0.0,21,3.3,Delivered
50525,20250908,1093,2045,3138,2,723.89,72.88,92.25,36,3.8,Delivered
50526,20240714,1268,2001,3120,1,642.44,28.38,37.57,63,3.7,Delivered
50527,20250515,1583,2002,3122,2,965.31,50.84,0.0,59,4.8,Delivered
50528,20250917,1010,2119,3060,3,2019.99,73.53,0.0,63,,Cancelled
50529,20250507,1273,2022,3037,4,1439.35,78.44,0.0,32,4.1,Delivered
50530,20240315,1210,2006,3118,1,429.29,78.56,0.0,62,4.5,Delivered
50531,20250216,1464,2069,3080,1,165.97,53.24,0.0,37,3.2,Delivered
50532,20250110,1779,2036,3123,3,2372.79,39.87,0.0,46,3.4,Delivered
50533,20250223,1547,2004,3018,2,1289.89,17.03,142.47,40,4.8,Delivered
50534,20251229,1165,2029,3090,3,2526.07,53.41,228.71,19,4.7,Delivered
50535,20241003,1366,2001,3001,4,3197.23,63.91,200.0,24,4.9,Delivered
50536,20251106,1319,2061,3034,3,2381.66,52.22,235.73,54,3.5,Delivered
50537,20250128,1266,2089,3007,4,2002.0,74.0,0.0,35,4.9,Delivered
50538,20250401,1080,2034,3012,1,899.1,52.12,0.0,20,3.7,Delivered
50539,20240710,1401,2042,3026,3,2210.46,23.08,206.36,54,4.7,Delivered
50540,20251119,1112,2035,3122,2,965.71,17.41,0.0,40,4.7,Delivered
50541,20240408,1751,2029,3042,2,912.92,73.31,0.0,53,3.1,Delivered
50542,20250701,1317,2040,3007,2,687.01,47.17,0.0,32,3.3,Delivered
50543,20240405,1365,2015,3015,5,3209.92,26.98,73.51,50,4.2,Delivered
50544,20251025,1474,2014,3025,1,565.06,79.48,72.43,34,4.7,Delivered
50545,20251024,1234,2112,3086,3,1665.99,22.1,0.0,50,4.0,Delivered
50546,20240708,1763,2037,3088,2,606.06,59.27,151.18,22,4.8,Delivered
50547,20240206,1149,2044,3121,2,337.04,78.38,0.0,59,4.9,Delivered
50548,20250103,1765,2090,3096,3,1849.31,75.47,0.0,55,4.2,Delivered
50549,20251125,1800,2034,3059,3,1599.29,52.8,199.6,40,3.8,Delivered
50550,20250608,1069,2092,3132,5,872.25,79.86,0.0,23,,Cancelled
50551,20241005,1086,2099,3081,2,1148.1,62.71,249.5,52,4.7,Delivered
50552,20240804,1626,2008,3141,5,3743.27,48.82,159.63,38,4.7,Delivered
50553,20240929,1318,2043,3143,3,2499.91,78.54,95.6,32,4.5,Delivered
50554,20240302,1709,2041,3037,1,669.8,41.65,122.35,23,4.0,Delivered
50555,20250818,1293,2021,3131,3,1919.99,42.23,0.0,54,5.0,Delivered
50556,20251229,1447,2015,3124,5,1668.54,58.28,229.13,56,3.6,Delivered
50557,20241207,1412,2116,3122,3,715.42,24.65,113.96,49,4.5,Delivered
50558,20250131,1244,2026,3048,2,1614.61,32.12,0.0,53,3.9,Delivered
50559,20251129,1424,2098,3135,1,244.8,59.85,0.0,22,4.7,Delivered
50560,20240119,1520,2107,3056,4,3312.78,51.2,0.0,63,3.7,Delivered
50561,20240625,1638,2080,3058,3,1780.83,17.94,161.82,65,4.9,Delivered
50562,20250903,1652,2113,3108,4,2492.5,64.25,0.0,62,3.4,Delivered
50563,20250130,1211,2117,3074,5,4186.28,73.21,0.0,55,4.3,Delivered
50564,20250320,1167,2025,3101,4,1738.12,53.23,120.88,24,4.0,Delivered
50565,20240820,1304,2047,3071,1,573.1,69.86,226.38,45,3.8,Delivered
50566,20240316,1182,2072,3078,2,1730.27,72.35,29.64,64,4.0,Delivered
50567,20240921,1715,2038,3029,5,4048.44,25.76,0.0,36,3.9,Delivered
50568,20250330,1714,2106,3100,2,732.72,63.98,231.07,32,3.3,Delivered
50569,20251218,1688,2072,3095,2,1128.25,53.9,0.0,20,,Cancelled
50570,20250118,1785,2002,3097,5,2767.18,68.46,64.88,41,4.9,Delivered
50571,20250717,1265,2038,3144,5,2349.38,44.5,0.0,25,4.8,Delivered
50572,20250520,1019,2032,3134,1,483.3,71.19,0.0,35,3.2,Delivered
50573,20250101,1626,2085,3139,3,2258.19,19.83,0.0,28,3.6,Delivered
50574,20240523,1637,2063,3061,5,3270.31,73.0,37.04,20,4.9,Delivered
50575,20240309,1762,2029,3020,5,1940.73,72.04,213.53,20,,Cancelled
50576,20240408,1562,2030,3092,1,334.44,29.31,154.86,30,3.3,Delivered
50577,20250130,1600,2034,3037,2,1400.34,71.93,0.0,51,4.5,Delivered
50578,20240125,1765,2089,3140,1,475.74,61.15,132.86,20,3.5,Delivered
50579,20250413,1680,2028,3130,4,2493.08,49.48,0.0,29,4.7,Delivered
50580,20250428,1178,2106,3045,3,1952.95,53.86,132.75,52,3.2,Delivered
50581,20250718,1618,2106,3128,1,872.19,42.27,226.27,46,4.3,Delivered
50582,20240530,1342,2091,3005,1,282.15,37.59,239.95,43,4.5,Delivered
50583,20240523,1257,2082,3150,4,3120.36,59.67,218.72,19,4.0,Delivered
50584,20250722,1243,2017,3115,4,782.41,35.65,0.0,43,3.9,Delivered
50585,20240208,1707,2110,3123,3,2502.83,37.09,81.71,20,3.8,Delivered
50586,20240418,1594,2070,3058,5,4033.58,22.17,143.28,57,3.3,Delivered
50587,20251123,1146,2041,3122,5,824.7,20.87,186.11,63,3.7,Delivered
50588,20240211,1252,2044,3131,5,987.99,49.81,0.0,28,3.8,Delivered
50589,20240704,1311,2076,3063,2,735.28,41.87,0.0,53,4.9,Delivered
50590,20250201,1347,2026,3126,1,784.11,47.6,193.68,49,3.6,Delivered
50591,20240810,1280,2002,3110,1,322.5,32.71,0.0,25,3.8,Delivered
50592,20250925,1094,2090,3083,4,993.58,20.52,0.0,22,4.4,Delivered
50593,20240512,1437,2114,3149,4,660.46,74.73,190.81,24,4.6,Delivered
50594,20240611,1040,2117,3062,2,1547.21,42.63,217.64,65,3.5,Delivered
50595,20240802,1254,2097,3069,2,449.52,39.48,242.93,45,4.9,Delivered
50596,20240822,1398,2020,3109,5,1794.59,47.93,85.42,42,4.0,Delivered
50597,20251019,1170,2099,3004,4,3454.37,44.4,195.42,54,,Cancelled
50598,20250810,1584,2065,3017,4,2913.62,22.08,122.83,37,4.6,Delivered
50599,20240109,1341,2062,3048,1,221.54,46.84,58.93,33,3.8,Delivered
50600,20240314,1685,2071,3117,4,2170.22,18.83,213.12,49,3.6,Delivered
50601,20250506,1417,2043,3108,3,2327.23,53.92,28.4,18,3.4,Delivered
50602,20240909,1584,2038,3108,5,3730.11,57.38,0.0,38,4.0,Delivered
50603,20240817,1398,2113,3116,5,3969.95,21.83,0.0,62,3.3,Delivered
50604,20250602,1586,2113,3081,1,271.57,43.44,0.0,25,3.8,Delivered
50605,20240622,1780,2036,3147,2,1239.25,71.82,0.0,44,3.6,Delivered
50606,20251014,1235,2056,3059,4,3587.23,32.62,185.59,38,3.7,Delivered
50607,20240616,1761,2053,3144,2,512.28,54.91,0.0,63,4.2,Delivered
50608,20240618,1592,2028,3132,4,1988.64,61.81,235.33,26,4.4,Delivered
50609,20250127,1482,2083,3092,4,629.46,19.36,0.0,18,3.4,Delivered
50610,20250925,1398,2031,3065,1,553.3,45.47,0.0,28,4.3,Delivered
50611,20240712,1221,2112,3099,2,817.44,33.47,0.0,45,3.6,Delivered
50612,20250531,1242,2092,3098,5,3626.21,56.7,234.89,30,3.3,Delivered
50613,20240129,1554,2085,3027,2,719.98,66.8,0.0,55,3.8,Delivered
50614,20240613,1227,2117,3072,5,3644.92,67.47,0.0,57,3.9,Delivered
50615,20250225,1243,2016,3077,2,304.01,75.42,0.0,57,3.3,Delivered
50616,20241204,1045,2120,3115,1,392.5,48.26,0.0,46,3.9,Delivered
50617,20251009,1652,2001,3092,3,1575.84,39.53,46.98,42,3.7,Delivered
50618,20250510,1022,2063,3092,5,1938.64,28.9,37.99,28,,Cancelled
50619,20241230,1192,2106,3108,3,2050.53,46.86,213.17,34,4.1,Delivered
50620,20241207,1179,2109,3135,4,2556.28,70.6,60.94,60,3.8,Delivered
50621,20250514,1280,2085,3083,5,2849.23,39.86,249.52,29,5.0,Delivered
50622,20251018,1740,2085,3009,2,963.12,35.18,0.0,24,4.8,Delivered
50623,20250525,1112,2080,3102,5,4205.86,32.87,0.0,48,5.0,Delivered
50624,20241122,1680,2071,3048,3,1066.89,16.98,33.16,63,5.0,Delivered
50625,20240804,1703,2057,3119,4,2070.9,63.79,128.89,24,3.1,Delivered
50626,20241027,1557,2084,3014,2,1358.46,20.38,60.69,25,4.3,Delivered
50627,20240511,1743,2025,3134,1,385.68,70.42,0.0,59,3.0,Delivered
50628,20240310,1391,2033,3053,3,2469.91,61.94,58.92,41,4.9,Delivered
50629,20240908,1530,2044,3038,4,1849.14,27.54,0.0,50,3.5,Delivered
50630,20250218,1699,2012,3044,2,965.1,47.86,0.0,29,4.7,Delivered
50631,20250320,1547,2049,3060,1,383.37,45.31,0.0,62,4.9,Delivered
50632,20240630,1602,2104,3008,1,237.2,27.07,40.83,55,3.0,Delivered
50633,20240615,1768,2085,3131,2,1483.11,20.28,0.0,64,,Cancelled
50634,20240331,1736,2034,3142,3,2333.94,27.42,167.73,65,3.1,Delivered
50635,20251214,1764,2112,3123,3,850.51,29.69,0.0,30,3.4,Delivered
50636,20250614,1186,2046,3051,3,1033.55,38.08,0.0,41,4.3,Delivered
50637,20240208,1005,2090,3001,4,3088.5,76.73,0.0,55,4.1,Delivered
50638,20240505,1205,2096,3011,2,1790.63,59.33,119.79,36,4.4,Delivered
50639,20250326,1008,2061,3032,5,2818.54,48.36,0.0,31,3.9,Delivered
50640,20240621,1540,2088,3131,1,841.44,45.89,138.92,47,3.7,Delivered
50641,20251014,1228,2104,3062,4,2574.91,21.8,0.0,40,3.0,Delivered
50642,20240807,1795,2079,3105,4,2026.49,27.16,97.43,40,3.9,Delivered
50643,20250929,1348,2055,3044,2,1428.07,53.58,120.97,62,3.8,Delivered
50644,20240227,1737,2088,3142,2,678.86,59.11,0.0,37,4.9,Delivered
50645,20251021,1648,2113,3142,2,1444.76,42.36,227.2,35,,Cancelled
50646,20250420,1449,2114,3082,4,2379.23,34.54,0.0,56,,Cancelled
50647,20250331,1135,2051,3127,5,1494.23,23.44,243.66,39,3.1,Delivered
50648,20241226,1243,2044,3141,1,381.96,44.82,196.14,28,4.3,Delivered
50649,20240101,1457,2077,3056,2,1624.43,30.35,0.0,31,4.4,Delivered
50650,20250121,1527,2041,3088,2,1327.07,46.03,0.0,40,4.1,Delivered
50651,20241213,1609,2093,3008,4,2696.34,69.04,229.95,63,4.8,Delivered
50652,20240708,1477,2044,3040,4,985.51,65.26,0.0,36,4.5,Delivered
50653,20250519,1497,2088,3053,4,2390.82,58.54,0.0,55,4.8,Delivered
50654,20240709,1231,2101,3080,2,1451.77,68.51,0.0,57,3.8,Delivered
50655,20250522,1115,2037,3055,1,634.18,28.73,0.0,45,3.8,Delivered
50656,20250103,1300,2116,3016,2,938.57,68.38,0.0,20,4.9,Delivered
50657,20250212,1012,2104,3045,2,545.31,45.22,176.94,23,4.5,Delivered
50658,20240426,1704,2069,3093,4,3010.65,52.35,0.0,42,3.0,Delivered
50659,20240513,1730,2036,3097,4,1867.37,63.23,0.0,25,4.6,Delivered
50660,20240227,1303,2090,3045,4,2106.18,69.87,199.63,41,3.4,Delivered
50661,20250709,1077,2089,3009,4,2195.13,24.78,108.2,39,,Cancelled
50662,20251115,1024,2025,3013,5,1716.89,71.69,138.43,45,3.6,Delivered
50663,20251102,1347,2075,3101,1,800.92,53.96,0.0,41,3.7,Delivered
50664,20240621,1327,2090,3122,3,2175.38,34.06,0.0,44,3.6,Delivered
50665,20240528,1588,2019,3116,1,596.83,63.01,0.0,33,4.1,Delivered
50666,20240320,1573,2069,3126,2,1390.18,32.86,0.0,47,3.5,Delivered
50667,20240731,1155,2004,3068,5,2884.01,17.49,0.0,56,,Cancelled
50668,20240721,1344,2107,3135,1,436.43,75.28,0.0,65,3.8,Delivered
50669,20240816,1449,2074,3003,2,1725.54,72.39,79.08,45,,Cancelled
50670,20251106,1307,2048,3123,2,1156.34,50.05,248.83,33,3.1,Delivered
50671,20240814,1187,2028,3017,5,2523.44,63.55,0.0,29,4.3,Delivered
50672,20251020,1373,2043,3125,5,2245.01,15.33,0.0,31,3.8,Delivered
50673,20250615,1337,2116,3139,2,712.15,56.27,126.36,24,3.0,Delivered
50674,20250316,1170,2032,3069,3,947.38,54.61,160.62,47,4.3,Delivered
50675,20250205,1236,2113,3125,3,1668.28,37.29,129.39,38,3.9,Delivered
50676,20240216,1057,2020,3082,4,3163.07,26.05,134.76,42,3.1,Delivered
50677,20240820,1099,2018,3015,5,4378.96,37.44,165.22,31,4.1,Delivered
50678,20241031,1325,2090,3076,3,1106.6,16.92,92.53,57,4.2,Delivered
50679,20250609,1574,2117,3037,5,2368.24,78.27,0.0,53,5.0,Delivered
50680,20240522,1646,2031,3026,4,3363.53,70.23,50.29,24,3.4,Delivered
50681,20250218,1490,2053,3004,1,578.06,65.54,0.0,65,,Cancelled
50682,20250527,1533,2069,3025,5,2281.94,53.95,0.0,38,4.3,Delivered
50683,20250107,1655,2045,3043,3,1580.19,41.26,0.0,47,4.8,Delivered
50684,20250719,1425,2020,3042,2,1685.87,49.62,0.0,39,4.3,Delivered
50685,20240915,1431,2089,3061,1,437.52,41.67,170.21,58,3.4,Delivered
50686,20251017,1398,2018,3053,5,3074.7,62.59,249.75,19,3.5,Delivered
50687,20250415,1596,2008,3076,5,3095.61,16.48,177.4,56,4.3,Delivered
50688,20240112,1709,2059,3030,5,2667.51,44.75,64.4,64,3.4,Delivered
50689,20241125,1088,2081,3007,2,784.09,28.46,87.39,47,4.4,Delivered
50690,20241223,1550,2089,3143,4,3569.14,47.51,203.25,25,4.7,Delivered
50691,20250211,1396,2086,3143,2,667.3,63.66,0.0,61,4.7,Delivered
50692,20251029,1363,2111,3021,4,3186.51,31.9,0.0,63,4.4,Delivered
50693,20250107,1271,2025,3027,5,3176.59,46.25,0.0,64,4.6,Delivered
50694,20240108,1471,2047,3053,1,422.53,57.23,184.82,45,3.2,Delivered
50695,20240501,1052,2055,3057,3,2155.37,61.93,153.36,41,3.7,Delivered
50696,20241213,1120,2081,3043,2,1493.33,56.73,0.0,22,4.4,Delivered
50697,20251106,1647,2034,3004,2,1435.47,36.49,98.76,46,4.1,Delivered
50698,20240330,1197,2033,3080,5,884.04,16.69,52.2,41,4.4,Delivered
50699,20251009,1553,2036,3132,3,2575.78,45.89,56.41,46,3.3,Delivered
50700,20251128,1255,2011,3149,2,519.79,56.39,0.0,19,4.2,Delivered
50701,20241111,1710,2065,3082,2,1176.35,63.45,79.67,51,4.2,Delivered
50702,20240626,1620,2033,3137,2,1758.6,47.57,168.09,51,4.7,Delivered
50703,20250623,1212,2118,3083,4,2545.13,46.46,220.28,42,4.9,Delivered
50704,20240210,1131,2056,3100,3,955.86,54.56,0.0,64,4.3,Delivered
50705,20251204,1256,2119,3049,3,1572.28,15.79,150.96,65,4.6,Delivered
50706,20250516,1063,2049,3034,5,4118.01,17.13,0.0,58,3.7,Delivered
50707,20240524,1105,2047,3069,1,353.61,49.95,241.18,23,,Cancelled
50708,20240719,1015,2101,3003,1,484.97,66.82,0.0,29,4.3,Delivered
50709,20251224,1723,2094,3003,2,642.51,78.66,0.0,35,3.2,Delivered
50710,20250405,1614,2046,3088,2,1400.01,23.62,231.02,37,3.5,Delivered
50711,20250711,1671,2079,3045,5,3606.3,72.31,0.0,21,4.3,Delivered
50712,20250630,1763,2065,3009,2,1017.45,21.49,121.64,55,4.0,Delivered
50713,20240909,1401,2048,3065,5,786.01,61.8,118.84,46,3.4,Delivered
50714,20250124,1387,2101,3026,5,3583.29,41.47,0.0,35,3.4,Delivered
50715,20250816,1693,2096,3026,5,2562.3,32.17,85.26,52,3.6,Delivered
50716,20240912,1791,2078,3072,5,2636.48,64.18,0.0,29,3.6,Delivered
50717,20251209,1492,2061,3064,5,2514.4,43.08,0.0,37,4.7,Delivered
50718,20250325,1399,2071,3105,3,1885.24,65.62,0.0,32,4.0,Delivered
50719,20240110,1696,2078,3148,3,2174.45,75.29,128.53,31,3.3,Delivered
50720,20240829,1617,2096,3087,2,587.86,25.27,0.0,60,4.9,Delivered
50721,20240907,1641,2022,3058,4,2560.47,32.51,201.41,34,4.7,Delivered
50722,20240105,1147,2097,3072,3,1284.28,68.9,90.43,38,3.9,Delivered
50723,20240428,1486,2089,3027,4,2888.09,18.59,21.3,44,4.6,Delivered
50724,20250108,1029,2045,3129,4,2901.15,28.56,24.48,63,4.7,Delivered
50725,20240305,1060,2062,3003,1,391.38,51.4,0.0,30,4.2,Delivered
50726,20240525,1658,2089,3060,4,3169.21,36.16,0.0,48,,Cancelled
50727,20240811,1546,2086,3089,5,2512.02,57.86,0.0,62,,Cancelled
50728,20240826,1231,2050,3019,4,1349.54,18.86,246.99,21,3.6,Delivered
50729,20240625,1246,2119,3022,3,1435.78,72.26,85.37,22,4.6,Delivered
50730,20241008,1477,2006,3128,4,3072.93,52.32,221.01,53,3.5,Delivered
50731,20240303,1237,2017,3107,5,2799.69,68.13,171.96,62,4.5,Delivered
50732,20240804,1128,2015,3083,1,803.04,77.22,180.83,41,3.9,Delivered
50733,20251119,1394,2073,3143,2,576.21,36.65,127.72,61,,Cancelled
50734,20250405,1395,2119,3090,3,1024.55,22.75,0.0,44,4.6,Delivered
50735,20250901,1763,2079,3101,1,773.76,39.28,33.87,54,3.1,Delivered
50736,20240414,1132,2086,3098,5,4024.05,33.37,95.23,39,4.5,Delivered
50737,20240408,1120,2057,3048,5,1095.54,25.28,0.0,50,3.2,Delivered
50738,20250525,1711,2006,3060,4,2430.09,64.86,248.38,45,3.9,Delivered
50739,20250119,1250,2063,3149,2,1275.67,37.09,36.8,51,4.5,Delivered
50740,20250208,1395,2075,3115,4,3268.19,55.54,0.0,42,3.5,Delivered
50741,20250601,1698,2083,3044,4,1051.48,64.91,216.78,52,4.3,Delivered
50742,20250420,1078,2016,3025,5,4220.09,52.5,225.45,30,3.4,Delivered
50743,20251209,1253,2046,3116,2,451.34,17.56,142.69,26,4.9,Delivered
50744,20251006,1474,2093,3010,3,2408.75,28.11,233.55,28,3.5,Delivered
50745,20250312,1109,2011,3035,2,1458.52,76.39,26.28,25,3.8,Delivered
50746,20240123,1467,2043,3019,4,3202.6,18.2,0.0,46,3.4,Delivered
50747,20250718,1187,2020,3008,4,2370.65,47.94,48.67,55,3.2,Delivered
50748,20251107,1522,2027,3029,2,480.54,63.73,132.49,38,3.4,Delivered
50749,20251214,1783,2116,3046,1,749.84,22.28,0.0,47,3.8,Delivered
50750,20250402,1467,2025,3055,4,1800.93,76.47,0.0,22,4.7,Delivered
50751,20240323,1322,2085,3135,3,966.06,67.66,181.28,48,4.9,Delivered
50752,20240524,1055,2117,3074,3,552.08,15.6,0.0,51,4.4,Delivered
50753,20240325,1531,2075,3081,1,195.89,57.96,204.55,41,4.6,Delivered
50754,20240318,1668,2015,3087,4,1117.26,63.23,235.35,60,4.8,Delivered
50755,20250401,1020,2086,3077,1,739.92,41.24,0.0,41,3.5,Delivered
50756,20240101,1555,2065,3143,3,514.08,45.58,0.0,65,4.8,Delivered
50757,20240220,1401,2048,3050,1,554.61,26.03,195.38,24,4.8,Delivered
50758,20251115,1028,2030,3022,1,464.91,45.19,35.25,44,4.1,Delivered
50759,20251217,1101,2031,3034,2,1585.37,45.96,0.0,34,4.3,Delivered
50760,20250321,1353,2077,3097,3,2603.04,47.03,0.0,54,3.4,Delivered
50761,20250324,1130,2085,3074,2,1508.17,63.31,52.8,63,4.8,Delivered
50762,20250502,1342,2098,3090,1,337.33,34.57,77.65,63,,Cancelled
50763,20240203,1579,2031,3076,5,2699.69,64.39,152.75,26,3.7,Delivered
50764,20241213,1739,2001,3092,2,1169.05,73.89,0.0,42,4.6,Delivered
50765,20240404,1233,2066,3086,2,321.48,30.46,165.97,43,4.1,Delivered
50766,20240312,1102,2009,3108,4,3173.04,78.1,63.18,43,3.4,Delivered
50767,20250704,1165,2043,3107,5,1735.52,57.6,121.17,50,3.7,Delivered
50768,20240602,1424,2021,3108,2,682.93,50.68,205.61,60,4.7,Delivered
50769,20240906,1060,2013,3048,5,1735.74,16.65,0.0,52,3.5,Delivered
50770,20251104,1117,2041,3106,4,3090.23,23.21,47.66,40,3.9,Delivered
50771,20250313,1545,2094,3112,1,874.72,68.3,0.0,50,4.7,Delivered
50772,20240427,1292,2111,3088,2,1463.87,49.16,65.7,27,4.1,Delivered
50773,20241101,1799,2006,3030,1,750.19,76.57,0.0,51,3.3,Delivered
50774,20240924,1204,2076,3012,2,1252.36,75.49,0.0,63,4.9,Delivered
50775,20240223,1121,2115,3139,5,2340.06,77.99,0.0,43,4.8,Delivered
50776,20240823,1013,2080,3074,4,3281.23,75.98,0.0,18,4.4,Delivered
50777,20250123,1768,2089,3072,3,919.7,19.34,188.7,44,4.0,Delivered
50778,20250204,1071,2097,3028,2,1446.89,30.76,205.61,28,3.8,Delivered
50779,20250915,1130,2002,3043,2,672.86,76.69,0.0,26,3.2,Delivered
50780,20241029,1520,2070,3111,5,4291.28,58.7,0.0,38,3.2,Delivered
50781,20240725,1535,2097,3015,3,1629.54,30.09,197.48,46,3.2,Delivered
50782,20240816,1642,2082,3064,5,2453.88,74.18,36.19,39,4.9,Delivered
50783,20250731,1505,2025,3069,1,436.13,45.32,0.0,55,4.4,Delivered
50784,20240315,1579,2061,3083,4,2875.38,79.84,0.0,56,,Cancelled
50785,20250310,1514,2094,3078,3,992.91,60.6,215.49,45,4.3,Delivered
50786,20240412,1284,2080,3054,3,2345.23,56.62,188.46,39,4.7,Delivered
50787,20250225,1458,2041,3102,3,636.96,30.78,43.26,49,3.9,Delivered
50788,20251204,1632,2055,3048,3,683.92,51.44,199.61,54,4.0,Delivered
50789,20241101,1559,2107,3092,4,726.3,56.77,44.79,24,3.2,Delivered
50790,20240407,1159,2065,3150,2,841.05,42.42,174.7,43,3.1,Delivered
50791,20241130,1405,2001,3077,4,3156.7,76.11,151.87,58,3.9,Delivered
50792,20250310,1597,2106,3145,1,312.03,36.38,61.57,36,4.6,Delivered
50793,20250322,1047,2020,3059,4,3148.29,37.36,78.31,33,4.6,Delivered
50794,20241103,1566,2048,3012,3,1480.96,66.59,0.0,31,4.7,Delivered
50795,20240905,1704,2059,3053,3,2116.59,26.18,193.26,49,3.7,Delivered
50796,20240614,1144,2008,3005,5,2768.38,35.57,205.19,37,4.4,Delivered
50797,20250425,1585,2097,3014,4,1538.77,39.88,0.0,34,4.0,Delivered
50798,20241130,1447,2067,3052,3,2263.27,77.36,226.03,38,3.4,Delivered
50799,20250625,1116,2067,3053,3,2494.87,64.19,181.05,52,4.2,Delivered
50800,20240415,1541,2085,3047,1,298.96,72.0,40.82,43,3.3,Delivered
50801,20250716,1392,2060,3053,3,1648.86,21.74,111.25,65,4.8,Delivered
50802,20240321,1739,2113,3005,3,1830.2,29.61,0.0,20,3.3,Delivered
50803,20240512,1528,2012,3102,3,509.31,29.23,71.63,32,4.6,Delivered
50804,20240517,1762,2025,3020,2,318.63,54.79,0.0,46,4.1,Delivered
50805,20240702,1624,2053,3111,5,1470.9,40.98,62.79,54,5.0,Delivered
50806,20250204,1210,2006,3058,3,2040.18,32.13,245.84,41,4.9,Delivered
50807,20241125,1093,2102,3006,2,780.23,23.74,102.13,62,4.1,Delivered
50808,20250522,1364,2117,3050,2,444.93,61.04,231.02,52,4.6,Delivered
50809,20240309,1374,2077,3088,5,1604.34,78.47,100.12,32,4.1,Delivered
50810,20250629,1020,2036,3014,1,495.18,19.2,120.71,28,3.9,Delivered
50811,20240222,1133,2056,3040,1,821.88,19.15,129.62,40,4.4,Delivered
50812,20250325,1034,2094,3045,5,1695.05,53.85,0.0,45,4.9,Delivered
50813,20240723,1199,2114,3071,4,1245.61,58.85,123.99,39,4.6,Delivered
50814,20240505,1155,2094,3033,5,4298.5,59.29,53.17,38,4.9,Delivered
50815,20240212,1545,2094,3020,1,684.09,78.53,0.0,57,3.8,Delivered
50816,20240420,1420,2049,3024,2,1398.83,64.32,77.22,29,3.1,Delivered
50817,20251024,1726,2048,3112,4,2786.0,41.23,0.0,62,,Cancelled
50818,20240701,1216,2051,3054,4,3014.74,70.07,107.7,29,3.7,Delivered
50819,20240404,1330,2105,3032,4,3237.19,41.09,0.0,32,4.3,Delivered
50820,20250108,1045,2023,3053,1,404.79,16.33,192.92,56,4.1,Delivered
50821,20250603,1435,2076,3027,3,664.85,15.82,20.4,38,3.1,Delivered
50822,20241225,1166,2092,3018,5,2862.62,27.25,217.65,57,4.1,Delivered
50823,20251126,1383,2090,3103,3,668.17,39.32,0.0,29,4.4,Delivered
50824,20241007,1503,2084,3117,2,1060.99,55.44,0.0,52,4.6,Delivered
50825,20240713,1616,2111,3116,1,755.4,37.69,0.0,29,3.3,Delivered
50826,20240713,1653,2010,3100,1,523.24,74.8,158.81,47,4.1,Delivered
50827,20251028,1478,2013,3128,4,2952.19,19.26,237.12,33,3.5,Delivered
50828,20240402,1612,2099,3005,4,1165.02,74.58,0.0,48,4.8,Delivered
50829,20251102,1531,2072,3018,5,1120.43,35.84,139.56,51,4.4,Delivered
50830,20240301,1254,2002,3032,5,2228.19,35.82,0.0,46,3.6,Delivered
50831,20250925,1661,2067,3037,4,1812.71,46.93,106.73,38,4.2,Delivered
50832,20240220,1689,2079,3145,3,1569.63,59.46,0.0,21,3.1,Delivered
50833,20250206,1265,2076,3046,1,380.34,50.28,155.12,59,3.1,Delivered
50834,20240105,1392,2033,3019,1,185.41,77.67,0.0,21,4.4,Delivered
50835,20250410,1447,2083,3094,4,2815.62,39.1,0.0,62,3.4,Delivered
50836,20250826,1763,2050,3046,4,3449.89,19.74,225.24,31,4.1,Delivered
50837,20251112,1508,2092,3014,5,808.47,59.81,0.0,36,3.5,Delivered
50838,20250617,1597,2077,3003,3,2664.9,39.17,247.03,43,3.3,Delivered
50839,20250208,1028,2116,3077,2,1232.65,59.23,79.38,63,4.3,Delivered
50840,20250527,1687,2116,3133,2,1710.41,41.6,170.27,18,3.8,Delivered
50841,20251006,1487,2080,3059,3,2345.93,31.47,63.58,18,3.8,Delivered
50842,20240820,1715,2101,3047,4,986.66,22.43,0.0,28,4.0,Delivered
50843,20250607,1607,2079,3078,2,1105.41,77.1,58.49,63,3.8,Delivered
50844,20241211,1113,2070,3106,5,1824.15,64.46,0.0,43,4.8,Delivered
50845,20240215,1097,2094,3120,1,566.06,79.71,0.0,48,3.2,Delivered
50846,20250629,1742,2023,3108,1,774.82,67.42,62.43,33,3.7,Delivered
50847,20240318,1217,2101,3004,2,963.04,47.74,196.9,30,4.4,Delivered
50848,20251230,1320,2030,3095,1,576.6,76.78,0.0,29,3.4,Delivered
50849,20240313,1568,2044,3116,1,443.48,19.14,0.0,29,3.7,Delivered
50850,20240905,1521,2055,3078,4,675.93,54.11,121.32,36,3.3,Delivered
50851,20240216,1673,2044,3021,3,577.6,49.73,0.0,57,4.4,Delivered
50852,20240430,1311,2076,3130,3,1283.34,30.19,0.0,42,3.1,Delivered
50853,20240801,1653,2030,3084,4,2906.09,55.84,0.0,54,3.0,Delivered
50854,20240826,1434,2105,3123,4,3411.63,55.04,0.0,46,3.5,Delivered
50855,20240225,1078,2077,3140,4,2437.83,44.57,99.38,27,4.8,Delivered
50856,20241215,1553,2036,3026,2,516.61,77.88,0.0,34,3.7,Delivered
50857,20240416,1562,2010,3055,1,473.8,41.67,0.0,52,5.0,Delivered
50858,20240217,1360,2097,3134,2,1560.2,42.37,101.18,44,3.9,Delivered
50859,20250726,1746,2113,3104,4,1990.55,23.65,97.69,51,3.4,Delivered
50860,20241202,1766,2111,3061,2,1152.58,65.97,238.04,41,4.1,Delivered
50861,20240126,1480,2094,3013,4,1724.45,45.57,0.0,52,3.6,Delivered
50862,20240913,1147,2089,3089,5,2295.44,72.85,0.0,60,4.0,Delivered
50863,20240108,1095,2085,3037,2,1714.8,51.88,0.0,29,4.5,Delivered
50864,20250916,1025,2106,3087,5,3634.65,67.05,167.48,27,3.9,Delivered
50865,20240909,1654,2023,3023,2,1443.93,64.62,131.94,51,4.8,Delivered
50866,20251122,1638,2094,3140,1,740.22,71.05,0.0,21,3.2,Delivered
50867,20251219,1141,2030,3103,3,906.77,69.64,0.0,41,3.6,Delivered
50868,20241029,1226,2059,3063,4,2025.26,21.6,0.0,53,4.8,Delivered
50869,20250930,1294,2116,3040,2,922.78,25.29,142.43,53,4.4,Delivered
50870,20240225,1776,2077,3104,3,2002.42,58.15,227.84,27,3.2,Delivered
50871,20251226,1737,2010,3057,1,251.7,26.08,0.0,19,5.0,Delivered
50872,20250609,1483,2087,3022,3,2544.62,73.11,0.0,49,,Cancelled
50873,20250418,1343,2069,3086,5,2039.36,39.05,0.0,29,3.6,Delivered
50874,20240128,1133,2079,3028,4,3350.29,77.43,45.52,30,,Cancelled
50875,20240318,1506,2009,3062,3,1107.79,38.06,202.34,49,4.8,Delivered
50876,20240803,1343,2040,3007,4,3575.11,48.37,0.0,51,3.0,Delivered
50877,20250120,1166,2034,3068,3,2488.09,34.93,0.0,46,,Cancelled
50878,20241230,1226,2078,3086,3,541.03,44.78,192.5,23,3.1,Delivered
50879,20251027,1645,2118,3087,5,790.04,27.98,0.0,48,3.1,Delivered
50880,20250609,1502,2089,3015,3,2017.93,70.49,97.2,45,3.7,Delivered
50881,20251129,1735,2074,3107,3,2068.01,32.33,147.05,46,3.2,Delivered
50882,20241107,1250,2107,3089,3,2388.33,23.35,0.0,24,3.4,Delivered
50883,20240107,1125,2012,3137,1,265.5,71.14,204.34,18,4.5,Delivered
50884,20240103,1759,2043,3150,3,2407.86,55.7,0.0,47,3.7,Delivered
50885,20250914,1343,2115,3068,1,609.42,74.67,0.0,23,4.4,Delivered
50886,20241228,1733,2091,3065,1,152.88,18.25,0.0,23,4.3,Delivered
50887,20250522,1532,2012,3100,2,1014.07,54.35,65.38,29,4.5,Delivered
50888,20240930,1252,2043,3077,5,3993.78,15.41,0.0,29,,Cancelled
50889,20250520,1647,2053,3107,3,773.76,60.5,144.66,62,3.4,Delivered
50890,20240115,1201,2055,3120,3,2151.64,69.34,0.0,36,4.0,Delivered
50891,20240710,1720,2066,3011,3,941.08,30.65,0.0,18,4.9,Delivered
50892,20250922,1799,2017,3096,3,1083.26,47.1,0.0,64,4.5,Delivered
50893,20250429,1373,2006,3129,4,839.85,15.78,195.82,65,3.6,Delivered
50894,20240128,1691,2090,3132,3,2020.67,52.0,159.27,64,3.9,Delivered
50895,20251214,1784,2076,3085,4,1711.33,50.48,89.06,65,4.2,Delivered
50896,20240208,1621,2012,3141,1,668.15,36.08,114.24,43,4.8,Delivered
50897,20240929,1180,2057,3079,4,1058.05,76.73,0.0,26,3.8,Delivered
50898,20240818,1460,2115,3121,2,899.13,58.02,23.21,29,4.9,Delivered
50899,20240326,1719,2010,3070,2,442.27,36.93,0.0,19,3.3,Delivered
50900,20250418,1017,2114,3020,5,1791.26,47.44,63.69,45,,Cancelled
50901,20240505,1315,2057,3102,2,1031.01,21.89,0.0,38,4.2,Delivered
50902,20250620,1718,2111,3057,2,652.73,42.06,236.97,18,,Cancelled
50903,20240524,1595,2001,3129,2,807.87,54.76,91.44,56,3.6,Delivered
50904,20250608,1269,2097,3006,3,2266.03,78.08,0.0,22,3.7,Delivered
50905,20240730,1350,2095,3138,2,614.18,71.67,0.0,38,4.8,Delivered
50906,20240125,1051,2017,3051,4,2960.42,36.52,147.65,30,4.9,Delivered
50907,20250802,1476,2117,3068,5,4391.76,30.41,72.65,33,3.9,Delivered
50908,20250128,1596,2085,3042,1,385.1,24.64,0.0,38,4.0,Delivered
50909,20240307,1731,2106,3062,5,4126.61,19.35,237.84,42,4.6,Delivered
50910,20240820,1263,2093,3026,3,2051.79,45.79,103.67,32,3.7,Delivered
50911,20240418,1410,2043,3019,5,2559.57,35.8,0.0,38,4.1,Delivered
50912,20240525,1777,2084,3020,2,1736.59,62.67,0.0,65,4.0,Delivered
50913,20240420,1106,2084,3050,5,1809.21,68.21,0.0,18,3.4,Delivered
50914,20240815,1464,2115,3150,3,506.89,20.12,169.88,47,5.0,Delivered
50915,20240420,1396,2072,3065,4,2477.67,64.3,147.71,24,3.9,Delivered
50916,20250414,1736,2092,3008,2,1359.45,23.35,0.0,19,4.7,Delivered
50917,20240203,1661,2028,3018,5,2539.13,39.38,52.6,19,4.3,Delivered
50918,20250914,1706,2105,3009,4,1134.0,56.84,161.01,38,4.1,Delivered
50919,20250103,1026,2046,3026,5,959.47,19.15,0.0,22,3.2,Delivered
50920,20250817,1034,2051,3138,2,1710.18,78.2,74.05,39,3.7,Delivered
50921,20250707,1695,2071,3054,1,519.34,56.72,145.38,43,4.1,Delivered
50922,20250228,1462,2077,3119,1,760.77,74.24,0.0,34,3.1,Delivered
50923,20250904,1655,2004,3146,5,840.84,46.12,167.87,20,3.5,Delivered
50924,20250601,1407,2087,3087,2,1731.63,40.19,0.0,58,3.0,Delivered
50925,20251122,1611,2049,3143,3,1557.51,50.75,174.02,20,3.1,Delivered
50926,20241008,1053,2058,3080,2,1174.11,52.8,21.65,41,4.7,Delivered
50927,20241115,1016,2039,3070,4,1238.33,63.38,143.33,36,3.7,Delivered
50928,20250318,1706,2079,3108,4,1079.59,36.74,66.36,38,3.8,Delivered
50929,20241110,1777,2096,3034,3,1466.21,58.67,122.47,43,3.2,Delivered
50930,20250111,1209,2080,3086,4,3013.91,28.01,190.85,54,3.6,Delivered
50931,20241015,1371,2117,3034,2,1629.98,18.53,0.0,58,4.8,Delivered
50932,20250312,1432,2063,3097,3,937.81,68.92,0.0,39,4.9,Delivered
50933,20251023,1377,2102,3087,4,2759.91,64.0,0.0,49,4.2,Delivered
50934,20241003,1358,2079,3114,2,416.51,17.03,0.0,21,4.9,Delivered
50935,20251210,1227,2002,3047,1,377.58,25.37,107.73,21,4.3,Delivered
50936,20250804,1389,2061,3118,4,2825.54,57.49,0.0,37,4.8,Delivered
50937,20250517,1005,2089,3096,3,769.14,78.91,125.09,31,4.3,Delivered
50938,20250915,1755,2029,3128,1,810.22,22.32,0.0,64,4.7,Delivered
50939,20250530,1124,2118,3021,5,3355.94,51.61,0.0,22,3.3,Delivered
50940,20241215,1394,2053,3104,1,448.15,43.11,0.0,47,4.9,Delivered
50941,20250321,1623,2034,3116,5,4115.28,71.96,171.02,63,4.0,Delivered
50942,20241215,1700,2068,3128,3,504.93,30.26,82.55,46,5.0,Delivered
50943,20250829,1150,2018,3120,1,805.14,76.89,0.0,49,4.4,Delivered
50944,20251025,1582,2075,3095,1,364.89,68.35,0.0,52,4.3,Delivered
50945,20240516,1099,2031,3042,3,2083.95,56.56,0.0,44,3.8,Delivered
50946,20240830,1663,2059,3002,4,3550.54,58.72,0.0,49,3.8,Delivered
50947,20250626,1664,2111,3109,4,859.34,75.11,0.0,59,4.5,Delivered
50948,20240209,1577,2037,3069,2,1634.61,78.88,98.99,27,4.1,Delivered
50949,20240816,1633,2102,3060,2,1576.65,66.5,151.95,62,4.6,Delivered
50950,20250701,1247,2016,3093,1,892.88,52.41,145.12,34,4.3,Delivered
50951,20240810,1268,2031,3112,2,1409.57,46.8,177.32,38,4.6,Delivered
50952,20240106,1321,2080,3048,5,4263.48,29.24,140.32,40,4.4,Delivered
50953,20241117,1062,2083,3147,1,319.36,60.11,0.0,30,4.8,Delivered
50954,20250412,1648,2031,3108,5,3749.76,60.17,133.9,37,3.8,Delivered
50955,20240315,1303,2008,3113,2,1112.95,16.53,42.22,19,3.4,Delivered
50956,20240104,1679,2006,3011,1,200.27,76.42,0.0,60,4.4,Delivered
50957,20251007,1138,2113,3090,3,1222.13,55.25,0.0,48,4.2,Delivered
50958,20240427,1760,2117,3148,4,3531.04,31.63,0.0,48,3.8,Delivered
50959,20250828,1721,2098,3068,5,3636.7,72.24,117.22,61,3.1,Delivered
50960,20250518,1133,2088,3052,1,872.08,31.39,0.0,23,4.4,Delivered
50961,20250727,1650,2097,3097,1,491.01,78.96,0.0,20,4.1,Delivered
50962,20250316,1683,2008,3048,4,1249.67,23.34,0.0,61,4.9,Delivered
50963,20240712,1285,2071,3146,4,807.3,51.73,0.0,52,3.1,Delivered
50964,20251215,1360,2089,3106,5,1191.26,44.36,0.0,28,4.2,Delivered
50965,20250126,1581,2016,3021,4,929.02,27.94,55.6,49,3.8,Delivered
50966,20240126,1152,2043,3131,2,1458.69,37.1,0.0,61,4.0,Delivered
50967,20250310,1607,2056,3125,4,3025.26,25.69,0.0,26,4.9,Delivered
50968,20240621,1770,2016,3113,5,838.79,42.95,134.11,63,4.4,Delivered
50969,20241026,1236,2011,3042,5,1148.73,51.22,0.0,45,3.2,Delivered
50970,20251006,1788,2006,3068,3,1517.91,75.31,0.0,26,3.3,Delivered
50971,20241121,1173,2094,3075,5,1450.47,50.48,65.2,53,3.1,Delivered
50972,20250213,1637,2054,3047,2,1173.18,28.16,0.0,37,4.4,Delivered
50973,20240427,1261,2106,3049,1,428.89,49.1,0.0,35,3.0,Delivered
50974,20251224,1124,2057,3146,2,779.29,28.88,76.05,60,4.0,Delivered
50975,20240812,1462,2017,3040,1,279.31,70.82,147.2,22,3.3,Delivered
50976,20250615,1273,2075,3099,5,1295.26,79.34,194.92,22,3.5,Delivered
50977,20240422,1093,2066,3123,4,3119.31,32.06,0.0,21,3.1,Delivered
50978,20240519,1107,2002,3109,3,2206.42,75.5,26.36,43,4.7,Delivered
50979,20250712,1484,2031,3133,2,1422.91,66.38,49.29,44,4.5,Delivered
50980,20240101,1024,2006,3020,2,662.01,19.88,139.89,56,3.1,Delivered
50981,20240330,1003,2057,3143,1,678.36,17.6,198.72,35,3.9,Delivered
50982,20251015,1307,2051,3141,3,1132.87,35.03,0.0,48,3.8,Delivered
50983,20241115,1515,2004,3073,5,3357.19,57.97,232.39,54,3.7,Delivered
50984,20250703,1415,2002,3118,4,3525.68,19.09,142.53,58,3.5,Delivered
50985,20240518,1666,2001,3034,3,1787.48,36.07,72.4,33,3.7,Delivered
50986,20250525,1649,2103,3069,3,881.65,33.1,97.05,56,4.3,Delivered
50987,20240915,1769,2106,3047,5,4089.56,34.18,52.03,61,4.4,Delivered
50988,20251103,1772,2042,3010,5,1954.28,26.27,203.55,64,3.6,Delivered
50989,20251120,1284,2055,3126,2,608.6,26.9,201.69,59,3.7,Delivered
50990,20240110,1134,2071,3140,4,2053.03,49.93,82.27,27,3.1,Delivered
50991,20240917,1318,2025,3067,1,874.89,15.21,207.02,30,3.5,Delivered
50992,20251011,1686,2007,3074,4,1964.28,33.01,247.9,54,3.5,Delivered
50993,20240620,1351,2049,3036,4,2484.34,43.42,0.0,38,3.4,Delivered
50994,20240113,1398,2058,3112,3,2160.28,19.57,0.0,24,3.5,Delivered
50995,20240616,1718,2027,3113,1,844.31,72.94,0.0,54,3.2,Delivered
50996,20251003,1501,2005,3067,5,3448.39,29.33,0.0,56,3.5,Delivered
50997,20250818,1382,2036,3019,5,2075.82,52.97,0.0,32,4.9,Delivered
50998,20241116,1739,2083,3069,4,1209.42,20.93,161.75,65,4.9,Delivered
50999,20241114,1522,2056,3141,4,973.69,30.73,0.0,57,3.3,Delivered
51000,20250904,1355,2035,3032,2,719.21,43.29,20.73,56,3.9,Delivered
51001,20241124,1459,2097,3024,2,450.55,43.76,38.86,65,4.7,Delivered
51002,20250703,1291,2059,3109,4,669.08,58.77,0.0,45,4.0,Delivered
51003,20250222,1428,2017,3033,3,496.61,43.74,0.0,31,4.4,Delivered
51004,20250828,1717,2089,3147,5,3888.52,41.26,0.0,31,3.8,Delivered
51005,20240404,1780,2073,3070,2,1372.4,72.05,0.0,19,4.1,Delivered
51006,20250803,1256,2075,3041,1,489.18,37.44,0.0,42,3.9,Delivered
51007,20241113,1409,2072,3003,4,3327.56,29.86,0.0,41,3.5,Delivered
51008,20240823,1003,2114,3107,2,552.81,53.94,216.34,30,5.0,Delivered
51009,20241129,1424,2023,3020,3,557.95,25.32,72.57,57,3.1,Delivered
51010,20250110,1380,2085,3021,1,543.94,24.21,0.0,45,4.8,Delivered
51011,20250403,1236,2113,3114,2,914.2,71.67,0.0,57,4.3,Delivered
51012,20240516,1013,2048,3035,2,732.36,25.92,0.0,19,3.4,Delivered
51013,20250810,1559,2108,3149,1,200.54,26.62,43.35,25,4.1,Delivered
51014,20250630,1494,2099,3125,3,2077.22,30.97,55.13,18,3.3,Delivered
51015,20250527,1110,2045,3021,3,1604.8,18.7,24.77,26,3.9,Delivered
51016,20241022,1526,2069,3060,2,662.89,65.91,0.0,47,3.4,Delivered
51017,20241115,1636,2110,3111,1,685.07,17.75,57.28,42,3.6,Delivered
51018,20250725,1636,2091,3030,5,3745.64,50.2,0.0,43,3.9,Delivered
51019,20241214,1115,2037,3083,5,2077.26,63.71,159.27,34,3.8,Delivered
51020,20240816,1539,2106,3104,5,3967.23,19.77,0.0,41,3.2,Delivered
51021,20240926,1486,2089,3015,4,1747.72,46.67,0.0,19,4.6,Delivered
51022,20241017,1259,2008,3120,2,974.91,24.09,155.8,37,3.3,Delivered
51023,20251225,1128,2015,3011,2,1655.5,61.34,0.0,41,3.9,Delivered
51024,20240613,1688,2034,3069,4,3478.86,56.6,0.0,24,3.1,Delivered
51025,20240105,1320,2088,3050,4,3328.18,20.08,224.02,36,4.0,Delivered
51026,20250113,1584,2033,3135,4,721.57,19.4,245.71,39,4.8,Delivered
51027,20240318,1383,2117,3078,2,316.58,51.5,43.3,21,3.4,Delivered
51028,20250213,1568,2106,3132,5,2142.25,54.84,0.0,40,3.6,Delivered
51029,20250727,1560,2077,3017,1,750.92,64.3,154.69,45,3.1,Delivered
51030,20240511,1623,2026,3070,5,3482.49,77.93,0.0,42,4.4,Delivered
51031,20250823,1349,2042,3038,3,773.89,55.1,0.0,35,3.1,Delivered
51032,20240211,1357,2097,3121,3,477.26,27.59,0.0,27,4.1,Delivered
51033,20240329,1048,2060,3036,2,300.85,32.26,35.23,48,3.4,Delivered
51034,20250205,1413,2042,3044,2,1687.23,44.87,0.0,39,5.0,Delivered
51035,20241022,1568,2025,3114,4,3467.01,72.8,79.36,65,4.3,Delivered
51036,20241021,1749,2103,3021,5,1333.49,48.8,176.85,35,4.6,Delivered
51037,20250907,1464,2112,3069,2,639.3,36.33,25.11,50,4.9,Delivered
51038,20250609,1509,2028,3067,4,753.86,31.75,156.09,27,4.7,Delivered
51039,20251121,1304,2063,3036,2,1621.12,75.19,77.21,62,3.7,Delivered
51040,20250928,1417,2029,3027,4,1857.87,25.56,0.0,48,,Cancelled
51041,20250225,1584,2033,3096,1,731.22,41.39,0.0,45,3.9,Delivered
51042,20240123,1384,2066,3066,1,400.34,46.62,0.0,49,3.8,Delivered
51043,20250728,1396,2036,3017,2,907.98,54.69,0.0,28,4.2,Delivered
51044,20240522,1263,2062,3068,5,2163.18,66.75,0.0,18,3.9,Delivered
51045,20251026,1640,2029,3038,1,850.78,24.87,202.53,21,3.4,Delivered
51046,20240524,1608,2062,3001,2,737.13,74.68,214.02,62,4.1,Delivered
51047,20240812,1180,2081,3063,1,273.92,79.76,0.0,23,,Cancelled
51048,20250517,1337,2050,3027,5,750.8,73.31,232.19,49,4.2,Delivered
51049,20250907,1658,2085,3086,5,3888.19,24.01,36.49,47,3.5,Delivered
51050,20240413,1272,2040,3005,5,1110.45,17.08,159.49,39,4.4,Delivered
51051,20240208,1594,2014,3118,4,1676.26,60.87,0.0,43,4.9,Delivered
51052,20240716,1593,2114,3070,3,1949.07,60.71,68.43,20,4.2,Delivered
51053,20251007,1115,2038,3050,1,260.76,61.98,0.0,36,4.4,Delivered
51054,20250801,1654,2023,3111,5,1647.2,75.44,0.0,60,,Cancelled
51055,20250125,1303,2002,3043,5,3485.18,73.21,89.59,59,3.3,Delivered
51056,20240627,1285,2113,3133,2,817.63,67.24,31.25,42,4.0,Delivered
51057,20250707,1221,2059,3130,4,2951.17,68.03,0.0,65,,Cancelled
51058,20250323,1070,2080,3132,4,2575.21,71.43,240.35,29,4.6,Delivered
51059,20250514,1568,2106,3137,3,1385.55,24.63,131.99,26,4.2,Delivered
51060,20240115,1504,2017,3100,3,2491.44,65.11,0.0,58,3.7,Delivered
51061,20250914,1129,2105,3051,5,2148.84,68.58,20.63,50,3.3,Delivered
51062,20251030,1368,2077,3127,5,1775.42,53.38,109.86,57,4.5,Delivered
51063,20241015,1567,2012,3090,1,491.21,50.02,185.39,47,3.7,Delivered
51064,20250422,1156,2107,3073,4,2367.96,68.92,0.0,44,4.8,Delivered
51065,20240818,1699,2075,3150,5,2894.62,29.49,232.31,34,4.3,Delivered
51066,20250223,1776,2006,3042,1,762.55,40.66,173.74,18,3.1,Delivered
51067,20240605,1723,2055,3038,4,1316.94,19.95,0.0,35,4.8,Delivered
51068,20250703,1664,2116,3111,4,649.03,64.84,219.77,37,4.3,Delivered
51069,20250316,1066,2087,3053,4,3566.61,33.69,69.09,25,4.9,Delivered
51070,20240406,1106,2113,3039,4,2282.26,28.02,95.58,61,3.7,Delivered
51071,20250214,1168,2060,3111,2,1719.87,63.71,0.0,34,3.6,Delivered
51072,20241015,1104,2079,3008,3,1385.05,25.65,0.0,24,3.6,Delivered
51073,20240910,1282,2089,3043,5,3343.34,25.11,0.0,25,3.0,Delivered
51074,20240714,1110,2080,3100,2,398.97,32.55,197.18,29,3.9,Delivered
51075,20250820,1049,2074,3065,1,525.35,48.2,212.09,48,3.6,Delivered
51076,20250605,1711,2044,3007,1,417.19,67.43,0.0,52,,Cancelled
51077,20250531,1712,2024,3138,1,833.19,64.82,162.68,22,3.7,Delivered
51078,20250926,1754,2031,3101,5,3807.07,75.11,143.01,58,3.7,Delivered
51079,20240427,1599,2106,3091,4,2978.0,65.43,119.45,43,3.4,Delivered
51080,20240607,1248,2043,3103,4,2920.39,79.55,0.0,32,4.9,Delivered
51081,20240815,1249,2115,3004,4,2272.37,38.98,0.0,20,3.4,Delivered
51082,20240803,1088,2114,3003,5,2082.83,57.17,247.16,44,3.0,Delivered
51083,20251126,1603,2085,3081,3,2389.52,53.65,39.6,53,4.2,Delivered
51084,20240115,1138,2001,3094,4,2083.04,37.15,249.11,57,4.6,Delivered
51085,20240605,1126,2111,3149,3,1003.58,17.53,0.0,24,3.6,Delivered
51086,20251009,1309,2044,3089,2,1343.86,33.24,207.61,44,,Cancelled
51087,20240917,1310,2061,3020,5,2114.19,41.45,134.61,19,,Cancelled
51088,20240605,1561,2054,3135,3,865.75,49.12,0.0,56,3.7,Delivered
51089,20240216,1541,2090,3013,1,880.98,23.04,0.0,54,4.6,Delivered
51090,20241119,1003,2040,3016,2,373.62,64.06,91.64,23,4.1,Delivered
51091,20251115,1606,2048,3134,5,4013.63,57.76,145.59,24,4.5,Delivered
51092,20240509,1133,2038,3127,1,383.92,36.66,0.0,65,3.1,Delivered
51093,20250214,1544,2111,3013,5,765.04,67.62,0.0,43,3.5,Delivered
51094,20240404,1414,2107,3060,5,4273.71,36.71,0.0,29,4.1,Delivered
51095,20250918,1571,2045,3058,1,623.13,61.03,0.0,28,4.6,Delivered
51096,20241018,1276,2011,3133,5,1644.7,71.88,113.82,54,4.6,Delivered
51097,20241009,1722,2089,3057,2,1038.98,54.86,0.0,42,4.1,Delivered
51098,20240309,1697,2085,3054,3,756.47,52.59,0.0,35,4.7,Delivered
51099,20251021,1721,2093,3086,1,680.18,15.09,78.65,25,3.4,Delivered
51100,20240111,1304,2108,3048,3,2005.42,52.71,152.62,60,4.4,Delivered
51101,20240910,1112,2048,3078,2,1797.22,59.46,191.32,26,,Cancelled
51102,20250703,1279,2042,3013,3,2608.65,61.62,152.15,62,3.2,Delivered
51103,20240513,1303,2089,3105,2,970.61,23.01,53.81,41,3.8,Delivered
51104,20251212,1160,2118,3014,5,3301.18,56.28,0.0,31,3.4,Delivered
51105,20240123,1180,2046,3008,2,1034.87,31.39,0.0,45,3.1,Delivered
51106,20241211,1168,2105,3091,1,711.24,22.18,0.0,36,3.6,Delivered
51107,20241028,1120,2078,3031,4,2907.16,19.24,128.84,47,4.3,Delivered
51108,20241228,1021,2071,3081,4,1202.77,77.63,218.68,35,3.4,Delivered
51109,20250130,1289,2118,3149,2,325.72,29.23,73.92,53,4.9,Delivered
51110,20240805,1548,2006,3132,1,350.76,21.42,0.0,60,3.6,Delivered
51111,20240520,1324,2008,3132,4,660.9,30.68,150.45,36,3.5,Delivered
51112,20250907,1521,2035,3045,5,3959.44,74.92,152.12,58,4.1,Delivered
51113,20240728,1004,2020,3023,2,1737.93,51.0,95.3,54,4.0,Delivered
51114,20250914,1016,2108,3072,2,462.7,31.33,90.46,35,4.3,Delivered
51115,20250907,1446,2012,3107,5,2869.56,55.6,0.0,33,4.7,Delivered
51116,20251113,1720,2045,3007,3,1510.61,29.79,0.0,53,3.2,Delivered
51117,20250404,1563,2003,3009,5,4109.72,28.32,73.2,44,4.5,Delivered
51118,20241221,1338,2103,3122,1,660.72,23.82,0.0,65,3.7,Delivered
51119,20241119,1175,2014,3010,1,342.34,79.44,0.0,59,3.9,Delivered
51120,20240512,1329,2017,3087,2,440.22,21.08,232.42,34,4.1,Delivered
51121,20240506,1367,2111,3016,2,366.26,57.72,178.47,62,4.9,Delivered
51122,20240415,1296,2026,3020,4,3051.2,36.5,0.0,23,3.5,Delivered
51123,20250826,1239,2045,3045,5,1791.26,38.2,0.0,46,3.3,Delivered
51124,20250112,1006,2083,3039,1,885.53,27.52,151.49,28,3.1,Delivered
51125,20240220,1386,2081,3039,2,593.78,44.96,0.0,60,4.2,Delivered
51126,20240129,1118,2045,3082,1,238.41,55.76,0.0,37,3.9,Delivered
51127,20250406,1566,2094,3110,1,775.21,26.14,0.0,20,4.4,Delivered
51128,20241022,1294,2101,3007,4,925.57,24.99,0.0,24,4.4,Delivered
51129,20241023,1078,2016,3065,2,699.21,59.01,139.66,55,4.8,Delivered
51130,20251226,1614,2041,3101,3,2444.37,49.64,56.2,54,3.9,Delivered
51131,20250210,1799,2016,3127,2,1216.42,31.91,0.0,31,4.6,Delivered
51132,20250904,1721,2098,3084,1,297.2,45.22,87.97,23,3.2,Delivered
51133,20250208,1522,2105,3116,2,1651.25,76.72,72.84,25,3.8,Delivered
51134,20241211,1490,2086,3047,5,3421.68,26.69,0.0,32,3.5,Delivered
51135,20250913,1359,2079,3044,1,531.31,30.7,159.59,53,4.1,Delivered
51136,20250223,1156,2013,3101,1,344.74,26.59,0.0,45,4.7,Delivered
51137,20240630,1569,2022,3058,2,1504.31,48.67,70.72,57,3.8,Delivered
51138,20240101,1254,2089,3035,5,1050.59,59.29,194.83,39,4.5,Delivered
51139,20250720,1075,2004,3115,1,731.48,62.0,178.9,23,4.5,Delivered
51140,20250105,1587,2056,3078,5,1053.99,67.35,178.23,46,4.1,Delivered
51141,20251022,1767,2068,3048,3,578.81,16.68,165.09,27,,Cancelled
51142,20250306,1579,2084,3119,3,1302.85,56.96,46.49,36,3.2,Delivered
51143,20241104,1220,2094,3133,2,1200.52,46.92,152.57,22,4.6,Delivered
51144,20240516,1215,2044,3086,3,1578.18,45.48,0.0,50,3.1,Delivered
51145,20240720,1474,2054,3076,5,933.2,39.56,172.27,58,3.7,Delivered
51146,20250311,1531,2119,3065,5,1781.55,22.99,0.0,44,3.5,Delivered
51147,20241108,1475,2116,3030,2,1786.0,35.16,0.0,28,3.8,Delivered
51148,20240426,1382,2022,3005,1,564.41,41.44,29.06,33,4.7,Delivered
51149,20251027,1093,2004,3094,5,2475.09,65.2,101.67,58,,Cancelled
51150,20250728,1618,2029,3085,5,1442.87,18.05,0.0,25,3.5,Delivered
51151,20240831,1314,2101,3008,5,1215.99,15.32,147.83,58,4.9,Delivered
51152,20250620,1159,2076,3149,2,1121.22,31.19,128.94,30,4.5,Delivered
51153,20250824,1603,2089,3033,5,3179.03,58.74,0.0,27,4.2,Delivered
51154,20240315,1410,2025,3015,3,2083.48,58.35,140.0,37,3.3,Delivered
51155,20250120,1114,2007,3011,2,1619.17,61.95,0.0,51,3.2,Delivered
51156,20240728,1055,2008,3065,3,634.88,33.96,220.89,58,3.7,Delivered
51157,20250419,1684,2114,3150,3,2154.73,41.21,0.0,32,3.7,Delivered
51158,20250221,1362,2008,3030,5,3311.94,74.24,87.58,19,3.9,Delivered
51159,20241212,1010,2024,3062,3,1375.18,52.42,0.0,51,4.8,Delivered
51160,20250612,1597,2043,3067,2,1396.17,47.56,104.73,29,3.6,Delivered
51161,20251001,1171,2020,3018,2,998.52,59.74,0.0,20,4.3,Delivered
51162,20240627,1502,2089,3088,3,987.34,64.73,0.0,40,4.1,Delivered
51163,20240630,1027,2097,3068,5,1931.53,29.42,0.0,27,3.2,Delivered
51164,20251025,1790,2058,3040,5,2455.29,23.05,127.28,21,3.4,Delivered
51165,20240125,1109,2067,3066,5,1092.82,23.76,176.12,59,3.5,Delivered
51166,20240628,1680,2028,3112,4,3164.44,74.68,186.37,57,4.0,Delivered
51167,20251210,1786,2115,3102,3,2680.7,70.79,41.92,53,4.0,Delivered
51168,20250515,1237,2044,3110,1,158.0,79.82,62.51,19,3.7,Delivered
51169,20240609,1286,2008,3149,4,936.04,75.08,49.42,33,3.7,Delivered
51170,20240625,1376,2085,3141,4,1391.66,22.78,85.24,64,4.8,Delivered
51171,20241011,1076,2056,3039,5,3300.45,37.48,110.11,21,4.2,Delivered
51172,20240303,1792,2084,3118,1,803.13,22.08,167.04,36,3.8,Delivered
51173,20251023,1290,2031,3061,4,1628.85,79.8,0.0,30,4.4,Delivered
51174,20251027,1389,2096,3050,2,1209.85,44.33,0.0,39,3.2,Delivered
51175,20240604,1563,2104,3122,3,2551.0,34.11,179.95,51,4.9,Delivered
51176,20250413,1679,2077,3113,1,772.19,36.94,165.01,49,3.9,Delivered
51177,20240218,1045,2120,3028,1,539.5,42.72,42.08,19,4.9,Delivered
51178,20240324,1375,2071,3027,1,540.19,72.5,0.0,23,4.5,Delivered
51179,20241226,1193,2005,3081,4,1061.98,63.44,0.0,24,,Cancelled
51180,20251119,1357,2097,3062,2,681.04,42.94,0.0,53,4.1,Delivered
51181,20240527,1422,2066,3121,4,2479.13,56.87,131.61,27,5.0,Delivered
51182,20250921,1792,2031,3124,3,1103.4,34.76,0.0,53,4.1,Delivered
51183,20241207,1277,2101,3115,4,2940.73,71.08,0.0,53,4.1,Delivered
51184,20250420,1688,2068,3013,4,738.36,62.05,0.0,21,3.7,Delivered
51185,20240303,1416,2035,3019,1,604.26,51.69,0.0,63,3.6,Delivered
51186,20251201,1688,2036,3081,5,1431.67,79.47,23.63,55,3.8,Delivered
51187,20241225,1379,2018,3019,5,3398.11,64.83,163.47,54,4.7,Delivered
51188,20250714,1064,2034,3066,3,2318.13,63.49,167.6,61,5.0,Delivered
51189,20241122,1066,2062,3045,4,868.96,65.93,0.0,55,4.9,Delivered
51190,20240520,1599,2017,3003,2,520.4,65.2,0.0,37,4.6,Delivered
51191,20240802,1717,2008,3024,2,1729.93,69.55,0.0,32,3.3,Delivered
51192,20250310,1344,2098,3040,4,1812.64,41.51,148.77,62,4.1,Delivered
51193,20251223,1202,2008,3006,2,896.99,78.2,47.07,19,3.3,Delivered
51194,20241113,1194,2034,3119,2,764.25,48.8,236.9,32,4.3,Delivered
51195,20240201,1035,2111,3029,3,1912.93,57.72,226.66,53,4.7,Delivered
51196,20251031,1775,2033,3023,3,2313.03,72.67,226.37,25,,Cancelled
51197,20241011,1353,2077,3076,5,3037.53,70.18,98.51,27,4.5,Delivered
51198,20241031,1494,2093,3010,5,3287.08,65.93,0.0,42,3.7,Delivered
51199,20250304,1117,2112,3039,1,842.6,67.57,69.83,24,4.4,Delivered
51200,20250421,1451,2013,3006,2,1449.74,36.9,0.0,25,3.4,Delivered
51201,20241012,1021,2061,3074,3,1347.01,65.25,54.26,50,4.8,Delivered
51202,20240523,1036,2041,3044,1,774.4,15.06,57.78,60,3.9,Delivered
51203,20250227,1091,2007,3060,4,3322.02,22.59,109.54,42,3.2,Delivered
51204,20240119,1470,2059,3083,2,1521.47,70.54,97.01,21,,Cancelled
51205,20240118,1333,2043,3021,4,2183.44,34.05,0.0,56,4.5,Delivered
51206,20250812,1228,2120,3130,1,489.85,48.92,197.94,55,,Cancelled
51207,20250105,1687,2076,3027,4,2480.93,56.44,0.0,35,4.0,Delivered
51208,20240623,1071,2089,3050,4,2396.51,76.29,0.0,26,4.5,Delivered
51209,20240712,1607,2079,3081,4,2614.18,51.11,0.0,23,4.0,Delivered
51210,20250516,1644,2109,3020,4,3368.49,51.75,232.31,56,4.6,Delivered
51211,20240422,1013,2035,3131,1,447.96,19.37,140.52,30,3.9,Delivered
51212,20240423,1385,2072,3035,1,852.93,61.47,0.0,28,4.8,Delivered
51213,20240809,1014,2015,3141,4,926.14,15.69,0.0,28,3.2,Delivered
51214,20251108,1431,2008,3078,2,300.7,30.47,45.9,50,,Cancelled
51215,20251005,1725,2027,3040,3,747.8,37.42,134.02,25,3.9,Delivered
51216,20240920,1452,2042,3051,5,1862.73,77.48,0.0,55,3.3,Delivered
51217,20240224,1747,2007,3104,4,1482.05,43.03,29.89,36,,Cancelled
51218,20251004,1495,2007,3135,2,977.61,40.89,176.87,52,3.3,Delivered
51219,20250402,1373,2025,3052,4,2822.75,74.49,134.92,22,3.3,Delivered
51220,20240610,1376,2085,3142,1,808.64,68.78,225.68,24,3.5,Delivered
51221,20250114,1086,2093,3046,4,1114.86,46.93,145.61,64,3.9,Delivered
51222,20240327,1238,2066,3061,4,3199.75,30.8,73.27,25,3.4,Delivered
51223,20240224,1530,2043,3137,3,1368.96,44.23,97.85,65,4.6,Delivered
51224,20250420,1742,2039,3141,5,2792.24,75.26,0.0,25,4.4,Delivered
51225,20240626,1178,2029,3006,4,3182.71,48.69,134.19,27,3.0,Delivered
51226,20250125,1307,2042,3071,1,432.09,26.11,53.03,32,3.7,Delivered
51227,20241214,1356,2106,3139,2,429.28,38.79,110.47,39,3.9,Delivered
51228,20240108,1300,2088,3029,1,665.06,19.74,0.0,59,3.3,Delivered
51229,20241108,1330,2116,3005,5,1270.29,64.07,150.61,20,4.1,Delivered
51230,20250318,1622,2029,3122,3,979.24,65.92,163.39,19,,Cancelled
51231,20241123,1764,2069,3057,2,1638.26,17.2,0.0,56,3.5,Delivered
51232,20240223,1538,2043,3144,5,2374.32,31.3,185.41,36,3.6,Delivered
51233,20240826,1060,2019,3012,5,2016.45,55.92,189.15,59,3.7,Delivered
51234,20240816,1075,2035,3063,5,2653.26,17.33,241.36,59,3.7,Delivered
51235,20250801,1748,2113,3134,2,652.92,46.04,0.0,52,4.3,Delivered
51236,20240220,1275,2011,3080,1,850.43,20.07,0.0,57,4.3,Delivered
51237,20250831,1215,2029,3073,4,2084.69,24.74,0.0,57,3.9,Delivered
51238,20250826,1255,2015,3126,4,2755.62,35.81,55.4,54,5.0,Delivered
51239,20240920,1767,2053,3038,1,742.9,15.04,142.39,59,4.3,Delivered
51240,20250221,1324,2089,3080,2,853.02,58.13,179.97,41,3.8,Delivered
51241,20240405,1703,2078,3064,5,1994.54,58.75,0.0,28,4.1,Delivered
51242,20240328,1182,2092,3127,3,2368.08,49.03,0.0,47,3.4,Delivered
51243,20240318,1717,2002,3076,3,2309.55,31.03,0.0,26,4.5,Delivered
51244,20241014,1165,2016,3132,3,2226.45,76.14,0.0,52,,Cancelled
51245,20240429,1642,2041,3122,5,4254.51,20.17,0.0,61,3.4,Delivered
51246,20250505,1556,2014,3102,3,2075.45,76.43,0.0,42,4.2,Delivered
51247,20250327,1204,2060,3062,4,3438.19,37.32,70.98,56,3.7,Delivered
51248,20250514,1257,2115,3016,2,1590.68,61.19,0.0,41,4.9,Delivered
51249,20240613,1009,2106,3059,4,2156.8,51.31,239.94,19,4.5,Delivered
51250,20240630,1393,2089,3119,3,2305.94,55.83,0.0,25,4.8,Delivered
51251,20250413,1553,2119,3066,5,1029.41,53.94,211.45,28,4.0,Delivered
51252,20240107,1331,2085,3008,3,1759.45,69.51,0.0,31,3.2,Delivered
51253,20241125,1695,2113,3134,3,1470.77,21.97,0.0,64,4.2,Delivered
51254,20251103,1693,2018,3099,2,1526.31,49.09,129.45,33,3.9,Delivered
51255,20240530,1584,2116,3113,3,553.03,70.03,0.0,62,4.6,Delivered
51256,20240325,1107,2008,3057,3,2588.37,38.0,0.0,47,4.1,Delivered
51257,20240526,1629,2080,3120,1,672.06,54.33,140.46,26,3.0,Delivered
51258,20250915,1147,2117,3040,3,742.0,70.67,214.28,40,4.8,Delivered
51259,20250115,1398,2031,3124,3,1704.16,42.05,229.97,38,4.2,Delivered
51260,20250701,1757,2025,3137,4,2976.89,34.41,0.0,28,4.4,Delivered
51261,20241011,1109,2061,3092,5,2014.82,50.19,190.38,39,3.8,Delivered
51262,20251130,1050,2018,3105,3,2242.36,54.89,92.99,29,3.6,Delivered
51263,20240322,1420,2045,3027,5,4164.33,42.83,242.56,39,4.9,Delivered
51264,20250528,1800,2012,3017,1,811.87,39.21,29.86,32,4.8,Delivered
51265,20251209,1649,2103,3066,1,868.85,72.4,50.16,25,4.7,Delivered
51266,20250606,1544,2079,3009,1,306.26,48.92,94.51,58,4.1,Delivered
51267,20250120,1542,2059,3060,2,1322.99,48.79,0.0,57,4.2,Delivered
51268,20251207,1001,2021,3063,4,1032.22,75.88,241.51,45,4.3,Delivered
51269,20250415,1483,2019,3065,4,2758.08,63.55,0.0,26,4.0,Delivered
51270,20240428,1201,2051,3132,2,1678.86,19.52,86.22,31,3.3,Delivered
51271,20250130,1626,2097,3025,5,3778.98,69.36,0.0,26,3.3,Delivered
51272,20250615,1202,2085,3135,1,620.18,62.99,0.0,23,3.8,Delivered
51273,20240917,1234,2103,3043,4,1080.45,16.57,185.04,28,3.8,Delivered
51274,20240912,1057,2018,3142,1,648.87,37.76,0.0,47,4.5,Delivered
51275,20240813,1722,2085,3128,3,1714.59,25.06,0.0,54,,Cancelled
51276,20240222,1106,2020,3071,3,770.5,70.57,40.75,65,4.8,Delivered
51277,20250514,1716,2014,3090,5,1654.08,71.49,0.0,63,3.2,Delivered
51278,20250520,1772,2066,3079,4,1126.65,43.79,0.0,63,4.9,Delivered
51279,20241229,1608,2054,3126,5,4374.83,36.18,240.04,29,4.9,Delivered
51280,20241006,1246,2119,3147,5,1552.87,21.55,0.0,45,4.3,Delivered
51281,20250815,1669,2089,3018,5,1032.61,24.35,89.74,28,3.7,Delivered
51282,20251214,1442,2076,3016,2,1484.03,35.81,216.81,37,3.2,Delivered
51283,20240606,1752,2013,3056,4,2811.34,67.54,0.0,36,3.0,Delivered
51284,20250923,1591,2032,3028,3,1037.34,65.37,78.4,57,3.2,Delivered
51285,20240228,1705,2034,3106,4,2410.82,15.17,215.03,54,3.1,Delivered
51286,20251227,1278,2046,3013,1,398.33,64.38,173.35,49,3.4,Delivered
51287,20240507,1400,2110,3086,3,761.12,48.73,238.78,26,4.6,Delivered
51288,20251221,1320,2105,3051,1,251.04,62.2,103.79,21,3.3,Delivered
51289,20240424,1079,2109,3106,1,348.98,76.08,147.47,47,4.0,Delivered
51290,20240727,1501,2094,3060,5,2393.89,61.93,177.23,41,3.7,Delivered
51291,20250609,1373,2006,3105,2,1256.14,69.46,0.0,20,3.6,Delivered
51292,20250604,1640,2044,3071,3,981.65,52.22,0.0,54,3.9,Delivered
51293,20250705,1666,2020,3140,3,2329.16,62.32,0.0,23,3.3,Delivered
51294,20240824,1071,2097,3047,5,1378.05,63.7,233.18,60,3.6,Delivered
51295,20241007,1591,2023,3149,4,1431.55,18.68,219.61,30,4.2,Delivered
51296,20241224,1130,2117,3109,4,847.94,54.57,177.96,25,3.1,Delivered
51297,20240719,1631,2023,3101,2,1397.63,71.34,0.0,62,,Cancelled
51298,20241004,1505,2006,3006,4,1999.66,54.38,0.0,65,3.2,Delivered
51299,20240822,1244,2072,3126,4,1808.09,22.86,0.0,64,3.3,Delivered
51300,20250508,1103,2068,3037,3,1938.86,75.61,232.87,30,4.5,Delivered
51301,20240104,1654,2021,3008,2,355.53,36.93,0.0,52,3.4,Delivered
51302,20251027,1743,2077,3107,3,2197.46,33.33,43.83,24,3.0,Delivered
51303,20250317,1530,2106,3083,5,3311.41,36.92,0.0,18,3.7,Delivered
51304,20240129,1288,2040,3025,2,525.19,69.6,0.0,55,4.7,Delivered
51305,20240418,1732,2066,3033,3,2073.54,63.24,0.0,59,4.9,Delivered
51306,20250901,1344,2013,3104,5,2985.76,47.28,49.49,19,3.5,Delivered
51307,20251227,1034,2048,3127,4,955.95,38.34,0.0,38,3.8,Delivered
51308,20240315,1726,2045,3040,2,618.02,72.73,26.22,27,5.0,Delivered
51309,20240525,1691,2090,3031,1,466.84,30.0,0.0,49,3.3,Delivered
51310,20240507,1063,2049,3048,5,980.69,43.03,185.33,55,3.5,Delivered
51311,20240211,1061,2083,3078,2,1590.02,21.96,142.14,38,4.7,Delivered
51312,20241221,1786,2118,3080,1,316.38,31.23,0.0,25,3.7,Delivered
51313,20240210,1692,2102,3137,4,3469.77,44.35,149.82,45,3.6,Delivered
51314,20240203,1794,2075,3105,1,428.17,37.62,155.73,36,3.3,Delivered
51315,20240117,1077,2090,3009,2,676.92,67.66,0.0,47,3.2,Delivered
51316,20251107,1175,2087,3051,5,972.74,22.97,47.26,31,4.8,Delivered
51317,20240601,1588,2107,3122,4,2261.53,64.62,0.0,23,3.8,Delivered
51318,20250112,1185,2048,3057,1,558.28,58.56,138.88,46,4.2,Delivered
51319,20250810,1310,2018,3144,1,880.65,27.71,181.99,20,3.2,Delivered
51320,20250821,1596,2117,3017,1,496.46,18.11,0.0,36,4.1,Delivered
51321,20250920,1464,2059,3078,3,1557.07,22.42,0.0,30,4.1,Delivered
51322,20241207,1534,2094,3017,2,823.4,44.04,217.66,63,3.5,Delivered
51323,20240127,1764,2112,3114,1,303.42,79.98,0.0,30,3.3,Delivered
51324,20241013,1304,2070,3113,4,3365.91,43.39,212.82,27,4.2,Delivered
51325,20251007,1680,2001,3091,5,1652.05,16.23,51.79,21,,Cancelled
51326,20251231,1227,2089,3098,4,1844.41,55.74,43.04,19,4.6,Delivered
51327,20240616,1623,2012,3041,1,485.2,74.41,131.7,20,4.3,Delivered
51328,20250901,1560,2025,3108,5,1634.82,68.34,196.7,54,4.7,Delivered
51329,20240924,1161,2002,3103,3,1741.88,61.0,92.46,38,3.1,Delivered
51330,20250330,1128,2011,3030,5,3033.18,57.03,28.72,56,4.9,Delivered
51331,20251115,1473,2103,3080,4,2949.98,29.54,141.71,22,4.2,Delivered
51332,20250204,1039,2114,3045,1,760.25,34.02,107.91,44,4.9,Delivered
51333,20250420,1590,2098,3140,2,624.43,46.19,0.0,35,4.7,Delivered
51334,20251202,1800,2053,3024,3,1433.01,48.5,68.52,55,4.2,Delivered
51335,20250925,1116,2084,3148,1,896.75,61.25,0.0,34,3.9,Delivered
51336,20250711,1335,2046,3034,2,339.46,68.29,127.47,52,3.2,Delivered
51337,20250729,1796,2016,3130,4,764.77,16.78,56.42,60,3.2,Delivered
51338,20240509,1249,2112,3094,5,4288.93,59.48,0.0,57,4.2,Delivered
51339,20241228,1410,2017,3047,5,2432.18,78.44,0.0,19,4.1,Delivered
51340,20251205,1794,2026,3106,5,4367.18,68.0,233.39,22,,Cancelled
51341,20251123,1604,2065,3122,4,3282.49,64.26,0.0,46,,Cancelled
51342,20241018,1202,2090,3041,3,1624.38,78.89,0.0,50,4.9,Delivered
51343,20250105,1308,2035,3082,5,1397.16,18.04,0.0,48,4.3,Delivered
51344,20240129,1646,2067,3066,2,1563.18,53.72,0.0,23,4.3,Delivered
51345,20240528,1792,2028,3028,2,1066.35,32.58,134.93,28,3.8,Delivered
51346,20241022,1629,2102,3114,5,1314.14,76.31,0.0,60,4.0,Delivered
51347,20240111,1317,2109,3069,1,350.35,22.66,0.0,23,3.8,Delivered
51348,20250526,1626,2085,3059,3,1411.09,31.13,133.7,49,4.8,Delivered
51349,20251106,1386,2112,3105,5,2843.2,21.96,0.0,47,4.7,Delivered
51350,20240422,1677,2049,3148,4,1145.18,75.2,167.2,62,4.7,Delivered
51351,20240705,1354,2015,3031,4,1751.19,54.77,0.0,19,4.0,Delivered
51352,20240814,1471,2100,3024,2,397.14,21.64,22.67,27,4.9,Delivered
51353,20241105,1423,2108,3145,5,3600.18,50.27,0.0,26,4.9,Delivered
51354,20240407,1147,2097,3047,2,698.88,29.82,112.03,20,3.3,Delivered
51355,20240224,1256,2092,3103,3,1339.17,49.27,54.81,56,3.8,Delivered
51356,20250914,1121,2041,3094,5,3873.83,79.92,0.0,25,4.5,Delivered
51357,20251025,1657,2043,3124,2,836.62,67.97,193.76,31,3.2,Delivered
51358,20250209,1785,2002,3014,2,1012.67,27.13,0.0,33,3.5,Delivered
51359,20240309,1485,2077,3039,5,2666.41,60.52,112.14,28,4.9,Delivered
51360,20241107,1183,2026,3114,3,1565.08,42.88,80.3,59,3.4,Delivered
51361,20241015,1037,2092,3123,3,1065.6,69.93,0.0,48,4.0,Delivered
51362,20250701,1595,2096,3073,1,729.3,49.99,0.0,52,4.1,Delivered
51363,20240527,1614,2115,3083,1,799.72,21.3,126.2,23,3.8,Delivered
51364,20250411,1556,2019,3048,1,740.46,74.74,213.14,58,3.5,Delivered
51365,20240831,1569,2073,3022,4,2449.4,31.18,143.83,55,4.2,Delivered
51366,20250505,1132,2012,3046,4,1534.85,59.76,136.55,23,4.2,Delivered
51367,20250521,1267,2065,3120,3,2258.05,23.76,0.0,56,3.1,Delivered
51368,20241230,1246,2053,3038,4,3584.05,72.79,76.67,20,3.1,Delivered
51369,20250426,1245,2088,3094,1,466.86,53.74,0.0,53,3.4,Delivered
51370,20240719,1394,2072,3136,3,1009.24,21.5,244.45,55,3.7,Delivered
51371,20240602,1743,2077,3072,1,434.24,57.64,0.0,54,3.3,Delivered
51372,20250325,1290,2071,3144,5,4392.28,74.83,0.0,42,3.5,Delivered
51373,20250515,1361,2102,3087,5,3050.21,36.25,0.0,45,3.0,Delivered
51374,20240313,1716,2108,3064,3,1158.18,43.8,218.99,52,4.1,Delivered
51375,20251213,1770,2006,3026,3,2178.01,47.92,0.0,56,3.3,Delivered
51376,20241022,1220,2035,3107,3,1030.7,23.5,0.0,58,3.8,Delivered
51377,20240117,1581,2006,3030,3,571.93,54.54,0.0,32,3.0,Delivered
51378,20251002,1749,2069,3038,4,1080.79,34.12,0.0,46,4.8,Delivered
51379,20240804,1189,2006,3108,4,1531.85,19.38,0.0,19,3.4,Delivered
51380,20240301,1321,2035,3090,1,219.23,67.99,229.47,34,4.0,Delivered
51381,20250907,1328,2085,3046,4,3580.12,49.9,21.41,24,4.0,Delivered
51382,20240211,1200,2041,3039,4,2043.6,27.73,133.74,23,4.2,Delivered
51383,20240125,1732,2035,3004,3,1449.2,67.12,0.0,46,4.4,Delivered
51384,20240208,1633,2102,3133,3,2368.67,24.57,0.0,25,3.1,Delivered
51385,20240510,1741,2089,3034,5,1692.11,37.24,189.15,45,4.2,Delivered
51386,20250512,1378,2090,3126,4,3199.2,37.77,142.43,58,5.0,Delivered
51387,20240816,1752,2108,3145,5,1405.61,60.16,49.42,32,4.8,Delivered
51388,20240417,1389,2061,3146,3,2243.06,17.04,0.0,45,4.3,Delivered
51389,20240620,1764,2118,3072,3,1917.47,27.79,0.0,22,4.9,Delivered
51390,20250310,1219,2091,3141,2,1701.98,49.92,0.0,65,4.0,Delivered
51391,20250422,1272,2103,3020,5,3500.4,73.58,246.16,43,3.5,Delivered
51392,20240411,1578,2035,3047,3,1901.4,26.03,0.0,30,4.1,Delivered
51393,20250607,1503,2015,3122,4,2655.25,37.99,208.52,18,3.1,Delivered
51394,20241001,1310,2028,3014,1,605.06,17.71,0.0,39,3.4,Delivered
51395,20250904,1132,2036,3027,4,2426.64,61.75,0.0,50,3.5,Delivered
51396,20240213,1263,2014,3002,2,796.54,17.32,0.0,62,4.5,Delivered
51397,20240117,1234,2114,3060,5,1009.21,47.84,0.0,50,4.7,Delivered
51398,20241125,1024,2043,3134,3,2675.02,58.55,0.0,41,3.9,Delivered
51399,20250722,1081,2116,3020,5,1538.5,19.29,0.0,56,3.9,Delivered
51400,20250511,1465,2053,3039,5,1151.82,74.17,167.61,64,3.5,Delivered
51401,20240112,1288,2082,3027,5,1212.5,48.31,143.43,34,4.5,Delivered
51402,20241113,1180,2009,3074,5,2879.62,48.44,117.88,27,4.5,Delivered
51403,20250814,1447,2001,3049,5,978.45,52.62,0.0,26,3.2,Delivered
51404,20240803,1484,2001,3116,4,2643.07,67.66,0.0,64,,Cancelled
51405,20241204,1535,2008,3072,5,3553.87,32.41,0.0,31,4.3,Delivered
51406,20251022,1407,2108,3148,5,2435.74,66.5,0.0,27,,Cancelled
51407,20240321,1342,2091,3023,5,2624.88,76.34,110.14,54,3.3,Delivered
51408,20251227,1105,2014,3067,5,4215.58,28.79,183.69,27,4.6,Delivered
51409,20250429,1558,2002,3147,1,288.84,19.1,0.0,51,3.9,Delivered
51410,20250108,1222,2112,3123,1,183.98,53.8,26.85,53,4.4,Delivered
51411,20251210,1633,2005,3039,4,965.11,27.31,145.98,42,3.6,Delivered
51412,20240718,1241,2099,3021,2,1646.61,30.86,0.0,23,4.5,Delivered
51413,20250620,1424,2013,3097,4,1429.09,50.77,200.1,26,3.6,Delivered
51414,20250410,1464,2064,3056,5,1936.47,15.24,0.0,64,3.0,Delivered
51415,20240329,1363,2101,3013,4,3348.0,33.13,20.81,39,,Cancelled
51416,20240924,1382,2053,3056,5,2171.96,73.69,0.0,20,4.9,Delivered
51417,20251016,1230,2106,3028,4,1866.25,57.07,0.0,41,3.2,Delivered
51418,20250724,1583,2008,3119,1,678.06,79.14,225.12,18,4.1,Delivered
51419,20250503,1041,2025,3004,1,449.12,32.48,208.13,57,4.0,Delivered
51420,20250621,1441,2097,3088,1,425.46,42.28,0.0,30,3.3,Delivered
51421,20240216,1084,2092,3088,5,3471.06,40.25,0.0,47,4.1,Delivered
51422,20241014,1519,2043,3136,5,2375.43,51.77,147.75,48,4.4,Delivered
51423,20240116,1183,2034,3141,4,2944.77,67.19,0.0,45,3.9,Delivered
51424,20251211,1788,2016,3027,1,577.01,53.66,0.0,26,3.2,Delivered
51425,20250204,1120,2046,3021,4,3243.54,70.2,0.0,58,4.1,Delivered
51426,20240326,1530,2044,3015,2,870.21,70.56,0.0,54,3.3,Delivered
51427,20240906,1053,2028,3052,1,737.97,78.15,103.08,25,3.9,Delivered
51428,20250125,1728,2058,3028,1,653.22,54.14,0.0,22,4.3,Delivered
51429,20241130,1469,2075,3118,5,1292.45,41.18,41.14,26,3.4,Delivered
51430,20250920,1547,2004,3099,2,1204.74,19.84,129.83,21,4.8,Delivered
51431,20250602,1466,2017,3048,3,2072.26,21.84,104.28,53,3.6,Delivered
51432,20240516,1790,2071,3127,4,3100.32,47.88,0.0,18,3.3,Delivered
51433,20251118,1177,2089,3079,3,1568.13,75.98,20.01,21,3.8,Delivered
51434,20250512,1385,2022,3064,3,1372.52,28.73,238.65,26,4.7,Delivered
51435,20251227,1008,2028,3025,2,1054.65,72.68,231.49,35,3.2,Delivered
51436,20250421,1450,2113,3094,5,3194.81,25.46,229.86,34,3.5,Delivered
51437,20250816,1719,2101,3122,2,1790.53,50.25,36.67,41,3.1,Delivered
51438,20240810,1587,2050,3038,3,2571.69,18.84,167.54,25,4.9,Delivered
51439,20250106,1680,2011,3115,5,1417.5,78.77,126.68,60,3.4,Delivered
51440,20250205,1039,2078,3108,1,710.65,76.56,0.0,46,4.1,Delivered
51441,20250318,1785,2117,3118,2,365.78,53.59,126.35,61,4.9,Delivered
51442,20250504,1232,2117,3035,3,2488.61,72.02,210.89,54,4.1,Delivered
51443,20250906,1047,2018,3064,3,2023.04,66.83,72.21,51,4.2,Delivered
51444,20240929,1095,2002,3105,5,1550.02,53.69,0.0,35,,Cancelled
51445,20250609,1525,2005,3149,1,460.06,66.55,188.52,50,5.0,Delivered
51446,20240607,1368,2006,3008,2,1507.16,73.61,0.0,64,3.1,Delivered
51447,20240531,1555,2116,3043,3,552.16,54.7,100.91,32,3.1,Delivered
51448,20250911,1099,2058,3116,3,930.01,38.4,222.78,34,4.8,Delivered
51449,20240706,1563,2054,3112,2,806.09,18.93,0.0,35,,Cancelled
51450,20240407,1453,2089,3072,4,716.75,50.62,0.0,63,,Cancelled
51451,20240510,1139,2044,3049,3,2544.64,77.9,135.78,38,3.8,Delivered
51452,20240619,1422,2051,3007,3,1363.26,36.71,0.0,46,4.9,Delivered
51453,20240701,1222,2103,3062,1,445.11,20.2,0.0,43,4.1,Delivered
51454,20241229,1471,2023,3125,1,595.55,64.77,0.0,24,4.3,Delivered
51455,20240208,1741,2089,3029,3,2093.89,72.82,173.2,24,,Cancelled
51456,20250610,1626,2117,3023,1,497.02,54.07,0.0,61,3.7,Delivered
51457,20250511,1106,2015,3101,3,2034.36,59.64,0.0,29,3.0,Delivered
51458,20250530,1685,2058,3086,5,2141.06,75.59,73.78,62,,Cancelled
51459,20241214,1797,2011,3113,2,1797.32,26.85,225.38,38,4.8,Delivered
51460,20250131,1251,2005,3065,3,2411.83,42.15,0.0,62,3.2,Delivered
51461,20251222,1108,2018,3037,1,402.95,73.92,218.45,40,,Cancelled
51462,20240609,1584,2101,3123,5,1723.61,17.08,165.75,36,4.7,Delivered
51463,20240116,1227,2097,3045,1,723.74,45.14,181.96,53,3.7,Delivered
51464,20250507,1428,2017,3146,5,3277.77,58.32,168.1,22,5.0,Delivered
51465,20250301,1632,2004,3025,3,2604.13,65.24,163.07,18,4.8,Delivered
51466,20240417,1795,2038,3106,1,152.25,72.09,100.09,45,4.2,Delivered
51467,20250325,1107,2089,3147,3,594.92,74.14,144.84,32,,Cancelled
51468,20241106,1262,2106,3009,3,2431.13,50.45,0.0,40,3.5,Delivered
51469,20240618,1468,2029,3013,3,1993.56,40.21,0.0,20,4.9,Delivered
51470,20250629,1297,2022,3085,5,4277.14,52.13,0.0,53,4.1,Delivered
51471,20250217,1792,2020,3044,4,2032.5,30.71,30.14,48,4.4,Delivered
51472,20240907,1362,2008,3060,2,1374.98,52.07,239.98,36,4.4,Delivered
51473,20240520,1521,2005,3056,3,2389.25,44.8,0.0,28,3.0,Delivered
51474,20240930,1414,2108,3081,2,1249.32,28.81,0.0,42,3.3,Delivered
51475,20250219,1356,2044,3016,4,1150.93,26.95,44.33,21,4.3,Delivered
51476,20250830,1045,2003,3139,5,3384.21,35.0,54.37,24,4.5,Delivered
51477,20240208,1326,2089,3099,1,578.49,69.53,167.92,20,3.0,Delivered
51478,20240129,1236,2096,3101,5,2834.2,15.91,0.0,25,3.8,Delivered
51479,20250421,1105,2063,3094,2,1491.87,73.27,0.0,39,,Cancelled
51480,20241113,1220,2080,3042,4,1602.25,66.35,221.59,52,4.7,Delivered
51481,20240901,1442,2033,3105,2,431.59,42.53,156.49,28,3.5,Delivered
51482,20251127,1667,2111,3149,2,928.62,15.55,0.0,62,3.7,Delivered
51483,20240928,1513,2028,3092,5,1449.52,72.85,78.84,62,3.0,Delivered
51484,20250315,1240,2044,3081,4,943.6,29.67,204.27,53,3.4,Delivered
51485,20240826,1026,2103,3072,2,448.46,26.11,202.91,40,4.0,Delivered
51486,20250111,1774,2049,3054,1,541.69,59.62,229.27,54,3.2,Delivered
51487,20240922,1599,2043,3011,1,527.35,50.77,0.0,23,4.8,Delivered
51488,20241224,1333,2043,3053,5,3561.09,60.76,178.76,24,4.0,Delivered
51489,20241205,1611,2049,3036,1,712.81,46.12,197.82,62,3.4,Delivered
51490,20250123,1401,2094,3150,5,4421.59,74.06,0.0,48,4.6,Delivered
51491,20250730,1614,2064,3015,3,1196.32,57.73,222.88,50,4.4,Delivered
51492,20251119,1736,2073,3024,4,1087.54,54.98,32.41,52,4.9,Delivered
51493,20240103,1511,2041,3030,2,502.91,20.76,0.0,35,3.6,Delivered
51494,20250304,1454,2008,3066,2,1396.71,63.61,232.65,22,4.9,Delivered
51495,20240521,1317,2109,3041,3,1748.87,58.75,183.42,65,3.0,Delivered
51496,20250110,1338,2082,3095,1,625.53,61.44,0.0,27,3.3,Delivered
51497,20251031,1511,2103,3090,4,2094.08,71.93,0.0,33,3.4,Delivered
51498,20241119,1492,2083,3082,2,1055.01,41.47,116.12,43,4.4,Delivered
51499,20240525,1009,2006,3048,1,408.33,68.83,0.0,47,3.8,Delivered
51500,20241019,1561,2107,3040,5,1109.83,19.62,0.0,19,5.0,Delivered
51501,20251026,1792,2011,3108,1,461.78,63.25,223.2,48,4.7,Delivered
51502,20250307,1245,2007,3023,1,795.45,49.51,56.6,25,,Cancelled
51503,20251205,1566,2045,3049,1,347.75,68.38,213.69,22,3.8,Delivered
51504,20250807,1462,2006,3102,2,1151.23,22.7,0.0,49,3.1,Delivered
51505,20250202,1122,2038,3090,4,2271.54,69.69,104.77,43,4.5,Delivered
51506,20241209,1346,2009,3121,1,437.37,20.47,181.1,50,3.7,Delivered
51507,20240519,1463,2026,3149,1,377.4,31.56,86.0,59,4.9,Delivered
51508,20240705,1146,2103,3030,4,3539.09,27.26,177.52,32,3.7,Delivered
51509,20240301,1111,2083,3111,3,1906.25,23.42,106.69,28,3.9,Delivered
51510,20250114,1793,2016,3014,1,216.34,66.08,0.0,60,4.7,Delivered
51511,20251210,1134,2083,3084,3,2566.89,58.78,0.0,24,4.7,Delivered
51512,20250315,1343,2059,3058,1,550.35,76.77,133.39,57,4.2,Delivered
51513,20241114,1606,2055,3094,4,1042.56,68.34,0.0,23,4.1,Delivered
51514,20241028,1569,2072,3064,4,1391.01,30.56,0.0,26,4.9,Delivered
51515,20241209,1497,2010,3016,3,2581.28,38.77,0.0,21,3.5,Delivered
51516,20240111,1344,2087,3090,2,691.11,67.58,66.53,33,4.4,Delivered
51517,20240302,1072,2087,3031,3,2358.76,39.3,0.0,64,4.7,Delivered
51518,20240813,1066,2093,3068,4,3348.41,36.5,0.0,47,4.4,Delivered
51519,20240601,1193,2049,3123,3,2073.93,36.81,236.83,30,3.5,Delivered
51520,20251211,1168,2027,3069,3,1719.71,40.13,0.0,64,4.0,Delivered
51521,20250717,1102,2069,3038,1,473.18,26.51,0.0,36,4.1,Delivered
51522,20250724,1422,2042,3007,1,579.51,74.61,232.82,37,4.6,Delivered
51523,20250806,1478,2120,3147,2,1440.63,76.1,0.0,54,3.6,Delivered
51524,20251021,1743,2017,3078,4,1145.17,44.46,0.0,35,3.7,Delivered
51525,20250728,1038,2054,3028,5,4452.37,75.65,0.0,36,4.3,Delivered
51526,20241105,1462,2025,3038,3,1914.0,73.32,0.0,44,3.6,Delivered
51527,20240830,1400,2107,3092,3,2443.79,44.43,69.1,44,4.5,Delivered
51528,20250507,1767,2012,3006,2,456.37,16.95,228.72,59,3.2,Delivered
51529,20241231,1681,2101,3108,5,3832.32,22.82,0.0,41,3.9,Delivered
51530,20241125,1559,2014,3014,5,1803.19,78.01,0.0,35,3.4,Delivered
51531,20240416,1194,2086,3132,5,3740.66,57.28,79.75,61,3.2,Delivered
51532,20240813,1666,2015,3140,2,1264.22,68.03,57.63,19,3.8,Delivered
51533,20240805,1770,2006,3035,3,2419.45,43.91,0.0,46,3.9,Delivered
51534,20250520,1522,2105,3021,3,1365.16,33.11,0.0,21,3.1,Delivered
51535,20240915,1015,2027,3112,3,2284.4,19.09,207.14,41,4.0,Delivered
51536,20250531,1638,2045,3085,1,177.27,59.36,231.78,64,3.6,Delivered
51537,20240223,1213,2075,3005,3,1492.01,42.65,0.0,56,4.9,Delivered
51538,20240216,1231,2056,3117,1,726.93,67.4,0.0,62,5.0,Delivered
51539,20251227,1402,2020,3072,1,298.84,37.82,65.57,27,3.8,Delivered
51540,20251119,1492,2018,3074,1,600.7,70.64,62.89,33,4.4,Delivered
51541,20250604,1169,2050,3038,5,2070.93,28.86,225.45,33,3.3,Delivered
51542,20240408,1044,2115,3075,4,1280.52,54.22,161.67,29,3.7,Delivered
51543,20240120,1351,2005,3023,4,2673.57,29.43,210.51,40,3.5,Delivered
51544,20250726,1636,2108,3043,4,861.32,40.81,0.0,21,3.9,Delivered
51545,20250504,1466,2077,3047,5,1452.89,22.85,159.64,50,4.7,Delivered
51546,20250222,1681,2101,3020,2,871.7,25.14,42.69,24,4.7,Delivered
51547,20251120,1461,2086,3068,5,1583.48,56.09,241.43,29,4.9,Delivered
51548,20240302,1280,2089,3036,4,2598.66,60.98,0.0,34,3.5,Delivered
51549,20240524,1557,2011,3028,4,2035.43,23.52,94.59,31,,Cancelled
51550,20240803,1154,2112,3091,2,1773.23,25.49,0.0,63,4.3,Delivered
51551,20240103,1390,2014,3103,5,1845.14,79.38,0.0,65,4.4,Delivered
51552,20240608,1550,2085,3094,2,567.96,39.51,0.0,57,,Cancelled
51553,20240429,1766,2037,3043,3,924.89,30.75,170.9,58,4.0,Delivered
51554,20240329,1626,2089,3005,2,400.0,32.65,168.98,61,3.6,Delivered
51555,20241124,1068,2089,3123,2,309.47,51.33,0.0,37,4.3,Delivered
51556,20250802,1685,2113,3011,3,784.12,65.36,0.0,29,3.1,Delivered
51557,20241222,1669,2008,3142,3,1943.93,45.78,72.72,41,3.6,Delivered
51558,20250901,1376,2085,3026,3,2229.2,51.96,0.0,29,4.3,Delivered
51559,20240923,1701,2066,3059,3,644.58,20.04,0.0,61,3.9,Delivered
51560,20250908,1096,2037,3098,1,577.18,39.44,174.22,31,3.9,Delivered
51561,20241118,1312,2053,3094,4,1673.26,15.03,62.52,26,3.3,Delivered
51562,20250926,1795,2038,3120,2,1300.0,47.25,36.36,26,3.2,Delivered
51563,20250624,1430,2068,3025,3,614.91,61.57,0.0,57,4.1,Delivered
51564,20251010,1146,2082,3087,4,1817.95,29.02,150.27,28,4.8,Delivered
51565,20240713,1109,2031,3089,2,419.85,23.57,158.45,59,4.5,Delivered
51566,20241127,1266,2097,3074,4,3477.43,49.76,179.95,48,3.8,Delivered
51567,20240618,1494,2070,3054,2,1560.99,59.52,235.27,62,3.4,Delivered
51568,20250604,1413,2048,3137,5,1093.86,27.24,0.0,50,4.6,Delivered
51569,20250407,1191,2070,3142,3,858.8,22.87,0.0,22,3.0,Delivered
51570,20240209,1073,2053,3054,3,1544.15,51.6,106.97,47,3.6,Delivered
51571,20250620,1259,2117,3111,1,683.22,51.48,0.0,43,4.1,Delivered
51572,20240917,1744,2007,3096,4,2089.24,44.26,0.0,37,3.2,Delivered
51573,20250129,1531,2022,3050,2,878.49,17.2,99.94,39,3.8,Delivered
51574,20240813,1510,2117,3046,3,1158.15,53.28,0.0,42,,Cancelled
51575,20240503,1696,2115,3118,5,2349.84,20.14,62.89,58,3.7,Delivered
51576,20240207,1156,2100,3027,5,3359.8,60.16,0.0,55,3.0,Delivered
51577,20241123,1432,2104,3147,3,1236.97,41.88,0.0,31,3.5,Delivered
51578,20240907,1481,2035,3007,1,789.99,55.35,161.24,53,4.5,Delivered
51579,20240624,1669,2117,3069,5,2225.52,43.25,0.0,37,,Cancelled
51580,20250824,1606,2004,3107,3,2417.98,29.39,0.0,63,3.1,Delivered
51581,20250329,1186,2069,3042,3,1826.97,53.29,110.97,56,4.4,Delivered
51582,20240206,1013,2066,3018,3,1070.52,72.26,0.0,44,4.1,Delivered
51583,20241111,1298,2035,3113,5,1392.52,47.53,71.64,26,4.0,Delivered
51584,20251118,1724,2034,3003,2,1782.49,65.08,173.87,51,4.9,Delivered
51585,20250815,1254,2085,3079,1,336.88,73.12,0.0,54,3.1,Delivered
51586,20240423,1506,2040,3150,2,472.72,36.24,0.0,51,3.6,Delivered
51587,20240209,1488,2111,3068,4,1711.63,70.84,128.7,26,3.0,Delivered
51588,20241027,1755,2043,3057,3,1075.81,75.38,0.0,27,3.4,Delivered
51589,20240811,1489,2052,3111,1,767.22,38.13,52.53,26,3.4,Delivered
51590,20241113,1060,2047,3055,4,1599.96,60.95,0.0,43,4.2,Delivered
51591,20241214,1720,2051,3055,4,3491.53,67.4,0.0,54,4.9,Delivered
51592,20240424,1793,2006,3063,3,2038.09,60.22,0.0,43,3.2,Delivered
51593,20251128,1429,2074,3079,2,1701.82,28.31,0.0,29,3.8,Delivered
51594,20241118,1167,2006,3065,2,350.23,34.03,0.0,34,4.3,Delivered
51595,20250721,1581,2077,3009,1,375.94,42.02,172.56,65,4.6,Delivered
51596,20240209,1236,2028,3026,4,2944.29,50.89,0.0,59,4.4,Delivered
51597,20240209,1028,2050,3143,2,1153.62,77.35,84.53,27,4.3,Delivered
51598,20241015,1646,2071,3038,4,1914.46,27.24,85.79,20,4.7,Delivered
51599,20240918,1196,2071,3085,1,266.37,38.83,143.41,21,4.6,Delivered
51600,20240803,1030,2005,3099,5,4291.2,44.15,0.0,39,4.5,Delivered
51601,20240526,1190,2076,3091,2,598.46,55.53,50.7,32,3.0,Delivered
51602,20241201,1030,2045,3038,3,1352.86,72.06,0.0,32,3.4,Delivered
51603,20240616,1572,2028,3104,4,2005.34,58.57,35.58,45,3.7,Delivered
51604,20240401,1655,2005,3029,1,478.15,54.63,118.18,40,3.6,Delivered
51605,20241218,1112,2048,3021,1,280.17,20.09,0.0,29,4.5,Delivered
51606,20250724,1145,2061,3146,5,3635.93,16.89,0.0,35,4.9,Delivered
51607,20250724,1441,2117,3060,2,370.0,76.53,144.24,55,4.6,Delivered
51608,20251111,1166,2075,3113,1,218.15,58.02,185.07,26,4.8,Delivered
51609,20241228,1468,2106,3129,1,479.51,69.04,0.0,60,3.9,Delivered
51610,20250710,1314,2027,3149,1,773.77,47.19,129.55,34,4.2,Delivered
51611,20241210,1023,2055,3083,5,4258.93,40.11,0.0,58,4.1,Delivered
51612,20251123,1493,2049,3110,4,1062.26,37.07,175.86,22,3.6,Delivered
51613,20240618,1372,2064,3100,1,752.0,40.04,154.53,52,3.5,Delivered
51614,20241221,1460,2109,3034,5,3467.65,31.19,0.0,30,4.5,Delivered
51615,20240709,1223,2118,3148,1,745.82,78.66,0.0,25,4.9,Delivered
51616,20251028,1424,2014,3095,1,326.78,42.04,99.73,65,4.3,Delivered
51617,20250225,1186,2059,3041,1,490.81,33.94,31.38,20,4.9,Delivered
51618,20251130,1393,2117,3079,5,1316.44,55.12,43.82,62,4.2,Delivered
51619,20240107,1717,2097,3016,1,520.49,46.99,0.0,42,3.5,Delivered
51620,20240512,1544,2010,3142,5,2454.01,33.8,0.0,27,3.4,Delivered
51621,20250710,1251,2048,3098,3,1991.47,39.86,79.95,30,4.5,Delivered
51622,20240131,1136,2019,3021,1,669.27,33.84,0.0,37,4.8,Delivered
51623,20250618,1312,2092,3043,1,378.55,53.95,213.34,39,3.9,Delivered
51624,20250301,1632,2094,3046,2,315.49,64.79,106.06,61,4.2,Delivered
51625,20250128,1236,2113,3084,3,876.3,55.55,176.83,29,4.3,Delivered
51626,20251102,1543,2003,3071,2,539.94,41.92,221.86,35,4.8,Delivered
51627,20241228,1520,2047,3130,4,1556.72,51.87,59.21,19,4.8,Delivered
51628,20250312,1052,2102,3037,3,1671.16,16.81,52.6,41,4.9,Delivered
51629,20251031,1465,2034,3038,2,1188.79,71.2,0.0,44,3.3,Delivered
51630,20250704,1380,2117,3006,3,1160.56,30.12,172.91,33,4.4,Delivered
51631,20240322,1580,2017,3101,2,1268.63,34.28,59.64,29,3.8,Delivered
51632,20241221,1419,2008,3134,3,1942.3,58.47,0.0,39,3.4,Delivered
51633,20240914,1013,2080,3030,1,317.28,17.83,143.81,54,4.7,Delivered
51634,20251218,1756,2018,3002,2,396.35,24.87,0.0,29,3.7,Delivered
51635,20250811,1570,2042,3072,3,1600.56,39.21,0.0,27,4.1,Delivered
51636,20250607,1490,2022,3137,5,2623.14,21.76,112.34,55,3.7,Delivered
51637,20241021,1705,2086,3050,5,2764.63,63.75,109.58,61,4.6,Delivered
51638,20240811,1032,2013,3043,2,1155.03,43.75,135.57,51,4.7,Delivered
51639,20250608,1351,2048,3047,5,1977.35,41.11,0.0,43,4.6,Delivered
51640,20240215,1270,2113,3055,1,596.85,57.8,0.0,25,4.4,Delivered
51641,20251028,1413,2035,3091,4,3025.99,16.11,0.0,62,3.6,Delivered
51642,20240422,1613,2034,3107,5,1698.51,33.29,69.9,49,4.8,Delivered
51643,20240820,1092,2104,3028,5,3646.82,45.62,0.0,57,4.7,Delivered
51644,20240117,1548,2025,3064,4,2364.38,52.4,156.63,51,3.3,Delivered
51645,20241225,1530,2106,3078,2,466.34,71.89,0.0,45,4.5,Delivered
51646,20240810,1167,2077,3015,2,1359.35,27.79,0.0,28,3.4,Delivered
51647,20251130,1263,2098,3086,4,1165.66,18.02,0.0,29,4.8,Delivered
51648,20250323,1726,2048,3064,2,1124.75,59.79,0.0,44,4.2,Delivered
51649,20241230,1524,2008,3056,5,3627.4,49.71,34.36,45,3.9,Delivered
51650,20251105,1174,2119,3101,4,3400.69,51.13,0.0,31,4.0,Delivered
51651,20241121,1016,2021,3002,4,2619.52,67.95,0.0,44,3.2,Delivered
51652,20250411,1244,2075,3105,3,1878.75,74.35,223.15,43,3.9,Delivered
51653,20250217,1694,2047,3047,2,951.08,15.05,90.08,22,4.3,Delivered
51654,20250330,1043,2001,3050,2,601.69,21.44,71.89,52,4.5,Delivered
51655,20250808,1221,2009,3144,2,823.99,62.34,62.97,22,3.7,Delivered
51656,20240820,1028,2116,3022,1,454.55,21.17,226.0,20,4.3,Delivered
51657,20240811,1553,2075,3147,3,2307.42,75.73,58.42,51,4.3,Delivered
51658,20250215,1690,2080,3069,3,1006.57,54.44,0.0,44,4.8,Delivered
51659,20250725,1167,2106,3007,1,414.26,49.66,156.49,33,3.6,Delivered
51660,20241130,1764,2057,3111,4,1134.59,68.42,175.38,27,3.8,Delivered
51661,20240809,1692,2094,3052,4,2201.6,38.0,195.66,24,3.9,Delivered
51662,20240206,1719,2060,3024,3,1837.67,25.56,156.43,38,3.5,Delivered
51663,20241004,1026,2109,3090,4,2484.82,34.36,0.0,26,4.2,Delivered
51664,20240714,1378,2008,3017,4,1404.35,41.78,129.29,55,,Cancelled
51665,20250428,1245,2088,3002,3,591.59,46.49,120.71,53,4.6,Delivered
51666,20240829,1624,2086,3027,4,1520.98,37.88,0.0,57,3.6,Delivered
51667,20241119,1583,2008,3118,3,619.35,67.13,137.08,37,3.9,Delivered
51668,20251231,1009,2043,3023,3,2337.52,28.41,139.37,64,4.6,Delivered
51669,20240710,1240,2106,3027,1,897.93,16.82,87.38,36,4.6,Delivered
51670,20240117,1081,2038,3043,2,1294.32,15.64,0.0,28,4.8,Delivered
51671,20250607,1775,2076,3040,1,273.02,40.79,52.09,36,4.8,Delivered
51672,20250204,1647,2036,3025,1,779.9,31.42,61.2,51,3.4,Delivered
51673,20251205,1059,2090,3103,5,4039.72,58.27,0.0,20,3.6,Delivered
51674,20240122,1342,2098,3112,5,2816.49,32.02,162.34,65,,Cancelled
51675,20250418,1342,2013,3062,5,2053.62,24.71,0.0,46,4.8,Delivered
51676,20240429,1776,2006,3146,1,150.47,40.37,0.0,61,4.2,Delivered
51677,20240728,1728,2113,3060,5,2084.59,76.77,66.76,42,4.1,Delivered
51678,20241101,1770,2016,3091,5,1468.43,69.9,120.8,36,4.1,Delivered
51679,20240926,1526,2114,3103,5,3604.39,57.49,230.22,51,3.8,Delivered
51680,20251204,1245,2076,3055,1,173.42,39.2,0.0,62,3.5,Delivered
51681,20251117,1412,2088,3004,3,1131.79,53.69,0.0,20,3.5,Delivered
51682,20241011,1474,2019,3131,3,2598.06,68.2,148.48,41,4.9,Delivered
51683,20251216,1769,2006,3062,4,1025.29,74.16,0.0,57,4.7,Delivered
51684,20251106,1048,2033,3147,2,773.14,76.03,0.0,29,3.0,Delivered
51685,20240814,1366,2011,3091,2,623.18,43.57,166.1,19,3.6,Delivered
51686,20250115,1489,2036,3114,4,1510.72,39.2,86.37,32,3.7,Delivered
51687,20250404,1178,2106,3056,1,786.08,35.32,208.09,49,4.9,Delivered
51688,20240107,1590,2087,3025,3,1199.29,60.6,0.0,56,4.5,Delivered
51689,20240129,1740,2089,3032,4,983.18,71.48,0.0,63,3.5,Delivered
51690,20240202,1082,2095,3106,2,1249.96,65.21,0.0,52,4.5,Delivered
51691,20251007,1189,2025,3074,5,2049.39,51.02,93.83,28,4.3,Delivered
51692,20240319,1010,2073,3034,2,1321.9,35.32,99.64,43,4.0,Delivered
51693,20250403,1445,2039,3127,4,1704.73,36.84,0.0,21,4.3,Delivered
51694,20250723,1289,2046,3071,3,1144.16,34.97,0.0,48,3.7,Delivered
51695,20250621,1649,2114,3133,2,834.93,49.38,0.0,65,3.6,Delivered
51696,20250426,1407,2062,3114,4,957.25,78.7,153.53,47,3.6,Delivered
51697,20250305,1441,2085,3013,5,1511.9,49.73,96.68,32,4.1,Delivered
51698,20241011,1651,2042,3017,4,849.44,30.58,201.13,59,4.2,Delivered
51699,20250530,1677,2102,3084,2,940.69,49.77,28.61,29,4.1,Delivered
51700,20240408,1776,2077,3104,3,2237.41,15.63,130.38,53,3.6,Delivered
51701,20250131,1339,2059,3044,1,385.1,41.56,48.11,60,3.7,Delivered
51702,20250503,1444,2032,3112,2,1023.95,21.6,205.33,54,3.7,Delivered
51703,20240208,1169,2060,3145,4,1163.97,20.7,0.0,48,3.8,Delivered
51704,20240927,1798,2109,3019,2,1188.73,79.15,111.42,32,3.8,Delivered
51705,20240605,1565,2034,3017,5,3017.25,66.6,0.0,34,,Cancelled
51706,20240315,1430,2053,3105,3,568.48,16.88,155.13,20,4.1,Delivered
51707,20240509,1104,2079,3147,5,2026.07,73.88,0.0,61,3.3,Delivered
51708,20251117,1380,2117,3081,1,555.23,73.8,114.21,28,3.8,Delivered
51709,20240324,1705,2034,3121,5,3661.8,73.56,88.43,60,3.9,Delivered
51710,20240122,1154,2040,3059,3,1435.59,68.55,149.04,49,4.4,Delivered
51711,20250403,1736,2068,3118,3,2147.03,22.23,49.08,55,3.3,Delivered
51712,20250622,1799,2017,3094,4,2835.58,57.92,126.43,60,4.7,Delivered
51713,20251207,1688,2036,3015,2,748.86,73.97,144.3,46,3.9,Delivered
51714,20250116,1143,2025,3077,3,2138.88,32.07,141.7,39,4.6,Delivered
51715,20250315,1300,2060,3046,2,938.18,79.67,0.0,51,3.4,Delivered
51716,20250826,1095,2008,3064,2,1257.29,63.88,68.28,52,3.2,Delivered
51717,20240121,1413,2035,3009,2,1214.63,20.19,246.74,39,4.8,Delivered
51718,20241029,1459,2085,3042,1,703.42,77.79,161.95,64,4.7,Delivered
51719,20240324,1506,2109,3073,1,483.97,24.61,0.0,45,4.2,Delivered
51720,20251020,1084,2073,3021,2,1534.67,57.7,105.94,65,4.5,Delivered
51721,20250328,1458,2074,3061,4,3483.55,35.7,22.73,26,3.0,Delivered
51722,20250121,1576,2090,3129,1,241.4,15.68,75.46,52,4.1,Delivered
51723,20250521,1757,2006,3122,4,1522.12,22.88,0.0,64,4.1,Delivered
51724,20240913,1318,2043,3103,5,1980.34,47.65,0.0,25,3.7,Delivered
51725,20250723,1316,2109,3005,2,749.01,19.53,0.0,39,4.6,Delivered
51726,20250610,1625,2028,3070,5,2610.71,74.48,0.0,23,3.7,Delivered
51727,20240610,1160,2114,3011,5,2253.54,66.9,0.0,21,4.3,Delivered
51728,20240611,1138,2096,3098,5,1956.59,78.11,220.98,23,4.9,Delivered
51729,20250607,1543,2063,3108,4,2596.98,40.08,0.0,42,4.0,Delivered
51730,20240927,1336,2036,3067,2,835.6,39.69,0.0,33,4.4,Delivered
51731,20250506,1194,2026,3133,1,645.02,45.65,212.81,29,4.7,Delivered
51732,20240726,1506,2041,3022,5,2979.38,41.64,249.26,39,3.6,Delivered
51733,20250622,1439,2080,3096,5,1058.28,68.11,0.0,61,3.1,Delivered
51734,20250806,1483,2070,3117,1,617.59,36.02,180.21,31,4.7,Delivered
51735,20240229,1192,2025,3106,3,1371.59,77.62,81.09,20,4.1,Delivered
51736,20250305,1516,2116,3051,1,251.53,24.28,0.0,44,3.3,Delivered
51737,20251018,1532,2072,3137,5,4021.36,32.59,0.0,25,4.2,Delivered
51738,20250827,1592,2067,3102,5,1938.71,41.76,0.0,20,3.8,Delivered
51739,20241104,1537,2019,3059,5,3100.11,26.29,0.0,50,4.7,Delivered
51740,20250603,1301,2061,3038,5,2659.3,64.04,196.01,40,4.4,Delivered
51741,20250813,1117,2109,3127,3,1659.68,46.91,0.0,47,3.4,Delivered
51742,20240127,1405,2096,3003,4,3018.13,66.27,240.77,42,4.6,Delivered
51743,20251116,1498,2088,3016,1,302.32,64.4,237.84,22,3.4,Delivered
51744,20250715,1398,2061,3007,4,1929.56,29.46,191.9,32,3.6,Delivered
51745,20240717,1398,2028,3015,4,1948.52,61.63,0.0,56,4.8,Delivered
51746,20250121,1436,2053,3104,3,884.25,78.01,209.96,29,3.8,Delivered
51747,20241214,1129,2111,3115,3,1045.14,32.03,0.0,59,4.7,Delivered
51748,20251123,1709,2114,3007,2,1641.66,38.15,160.58,47,3.5,Delivered
51749,20250619,1135,2005,3130,3,599.14,59.82,33.02,63,4.1,Delivered
51750,20250112,1303,2097,3031,2,706.08,50.8,0.0,22,4.0,Delivered
51751,20250711,1562,2056,3014,5,1910.87,24.37,239.59,35,3.9,Delivered
51752,20250610,1389,2071,3005,5,3488.21,40.34,0.0,34,4.1,Delivered
51753,20240601,1704,2081,3005,2,575.0,69.73,105.83,27,3.0,Delivered
51754,20240724,1113,2108,3096,2,558.59,55.42,42.93,20,3.8,Delivered
51755,20250330,1036,2112,3019,4,897.65,15.78,0.0,52,4.4,Delivered
51756,20240929,1278,2040,3056,2,384.14,17.07,233.89,39,3.5,Delivered
51757,20240823,1529,2082,3017,4,2764.33,41.6,0.0,52,3.0,Delivered
51758,20250604,1714,2106,3146,4,2027.39,47.17,0.0,26,4.6,Delivered
51759,20251108,1429,2109,3056,1,169.5,20.82,126.12,20,3.3,Delivered
51760,20251226,1080,2022,3058,1,231.87,17.68,0.0,50,3.2,Delivered
51761,20250515,1530,2006,3135,4,2086.84,68.54,0.0,38,4.4,Delivered
51762,20240426,1522,2033,3085,3,2122.83,22.21,202.24,28,5.0,Delivered
51763,20250120,1083,2070,3044,1,505.47,30.92,0.0,21,,Cancelled
51764,20241209,1483,2023,3142,2,1537.58,66.12,0.0,26,3.3,Delivered
51765,20250806,1644,2103,3018,4,646.19,53.2,0.0,23,4.5,Delivered
51766,20250129,1605,2017,3038,1,587.51,66.86,90.17,48,3.8,Delivered
51767,20240304,1148,2058,3051,1,306.18,37.95,62.01,24,3.3,Delivered
51768,20251217,1531,2053,3068,4,836.71,61.81,127.09,19,,Cancelled
51769,20251221,1737,2010,3141,2,705.52,52.98,99.34,40,3.1,Delivered
51770,20240312,1446,2072,3098,1,229.73,75.46,0.0,55,3.2,Delivered
51771,20240930,1670,2024,3088,4,2221.48,33.56,113.06,56,4.8,Delivered
51772,20241115,1748,2001,3105,3,1527.68,78.74,118.43,61,3.4,Delivered
51773,20241203,1753,2008,3082,4,3597.38,32.5,228.81,47,4.0,Delivered
51774,20241231,1787,2052,3057,2,957.48,78.49,171.19,25,4.0,Delivered
51775,20250509,1728,2096,3042,5,3923.89,17.83,0.0,43,4.5,Delivered
51776,20250829,1180,2046,3004,5,4249.84,28.1,196.76,56,,Cancelled
51777,20240614,1005,2002,3108,2,1550.41,33.11,200.65,35,3.5,Delivered
51778,20250627,1360,2090,3101,1,528.13,49.31,46.97,38,3.4,Delivered
51779,20240111,1439,2080,3013,1,276.13,62.25,0.0,61,3.3,Delivered
51780,20241027,1654,2039,3025,1,419.46,64.49,95.64,18,3.0,Delivered
51781,20251229,1511,2118,3115,5,2163.39,79.61,202.45,47,3.2,Delivered
51782,20240411,1236,2011,3010,1,152.52,51.93,139.85,23,3.2,Delivered
51783,20250228,1199,2118,3142,1,167.36,39.99,239.64,65,4.6,Delivered
51784,20250126,1783,2105,3002,2,1328.27,69.06,66.35,61,4.5,Delivered
51785,20240801,1670,2092,3082,4,2820.04,50.22,0.0,64,4.1,Delivered
51786,20251121,1031,2075,3077,1,857.1,46.2,219.32,34,3.1,Delivered
51787,20240328,1660,2115,3114,1,841.02,48.48,207.67,61,3.9,Delivered
51788,20250706,1547,2049,3106,1,692.26,75.42,0.0,51,3.6,Delivered
51789,20250204,1097,2048,3115,5,2832.36,47.58,0.0,54,,Cancelled
51790,20250810,1100,2086,3055,3,787.68,67.32,24.18,60,3.7,Delivered
51791,20240215,1195,2077,3059,3,2165.94,44.02,0.0,42,,Cancelled
51792,20251102,1128,2113,3093,5,2989.61,32.77,85.18,43,3.3,Delivered
51793,20250407,1519,2016,3085,1,221.62,56.86,0.0,19,4.4,Delivered
51794,20250814,1220,2066,3036,5,4163.44,23.96,0.0,32,4.2,Delivered
51795,20241105,1416,2102,3042,3,2628.33,24.15,54.34,51,4.8,Delivered
51796,20240326,1309,2106,3087,4,1386.24,29.78,0.0,40,3.4,Delivered
51797,20240401,1370,2062,3130,3,809.48,44.54,0.0,18,3.3,Delivered
51798,20251021,1707,2062,3050,1,894.37,60.58,0.0,24,4.4,Delivered
51799,20251103,1507,2085,3122,1,621.26,37.49,200.85,19,4.7,Delivered
51800,20251214,1235,2065,3031,4,943.27,26.24,27.29,21,3.8,Delivered
51801,20240829,1348,2094,3092,1,213.94,44.79,149.16,19,4.8,Delivered
51802,20240102,1331,2085,3092,2,600.76,79.36,227.94,58,3.7,Delivered
51803,20240812,1641,2073,3042,2,344.05,61.5,228.02,18,3.9,Delivered
51804,20250811,1228,2013,3018,3,954.87,74.37,207.43,34,4.5,Delivered
51805,20240425,1243,2029,3020,3,1923.96,42.23,225.58,32,3.6,Delivered
51806,20251027,1450,2096,3075,1,230.3,38.79,0.0,64,4.3,Delivered
51807,20240412,1574,2097,3032,2,1746.06,31.87,91.1,40,3.8,Delivered
51808,20240712,1698,2011,3028,4,3597.52,35.66,0.0,24,3.3,Delivered
51809,20240614,1330,2111,3022,4,2604.54,15.25,62.15,43,4.4,Delivered
51810,20240330,1467,2006,3096,4,3404.84,76.93,234.33,26,3.2,Delivered
51811,20251116,1122,2088,3123,5,4047.45,50.48,0.0,50,3.5,Delivered
51812,20240501,1308,2042,3078,5,1850.44,25.38,0.0,21,3.7,Delivered
51813,20240522,1420,2048,3137,1,459.59,34.72,234.51,54,3.6,Delivered
51814,20240415,1789,2063,3061,2,488.33,28.62,0.0,21,3.8,Delivered
51815,20250303,1250,2039,3004,4,2243.05,36.86,0.0,58,3.5,Delivered
51816,20241031,1799,2106,3069,3,818.16,16.12,79.06,43,3.6,Delivered
51817,20241112,1773,2050,3009,3,1896.34,58.59,0.0,57,3.4,Delivered
51818,20250926,1783,2030,3105,5,1051.15,70.72,0.0,45,3.5,Delivered
51819,20240109,1775,2050,3115,5,3708.58,67.41,135.1,64,4.0,Delivered
51820,20240313,1783,2033,3083,5,3755.14,41.33,143.47,19,3.2,Delivered
51821,20241224,1646,2071,3057,1,894.72,72.08,0.0,37,4.5,Delivered
51822,20240810,1604,2111,3147,1,751.61,22.7,62.89,43,4.2,Delivered
51823,20250219,1639,2065,3079,5,2339.56,24.25,0.0,63,4.7,Delivered
51824,20250706,1522,2065,3087,4,758.61,79.97,0.0,30,3.9,Delivered
51825,20250104,1579,2095,3131,5,3085.87,20.82,0.0,35,3.0,Delivered
51826,20251216,1146,2081,3148,3,2517.71,21.95,0.0,62,3.2,Delivered
51827,20240920,1698,2084,3086,4,2885.78,63.7,0.0,58,4.8,Delivered
51828,20251120,1178,2106,3079,2,1440.84,55.09,236.18,21,3.5,Delivered
51829,20241113,1487,2066,3149,5,3180.05,68.4,214.44,39,4.8,Delivered
51830,20240324,1247,2025,3029,1,207.78,36.95,0.0,28,3.0,Delivered
51831,20241113,1352,2113,3010,2,1137.17,48.97,175.48,18,4.6,Delivered
51832,20240420,1013,2049,3050,5,3601.7,76.46,184.46,24,4.1,Delivered
51833,20240907,1215,2025,3116,5,1166.51,25.05,161.58,30,4.8,Delivered
51834,20250117,1113,2014,3085,5,3126.54,65.37,108.37,52,3.7,Delivered
51835,20240107,1053,2011,3068,2,360.48,21.89,222.01,18,3.6,Delivered
51836,20250403,1193,2055,3097,1,655.3,37.87,0.0,50,3.3,Delivered
51837,20240324,1198,2038,3147,3,1955.54,23.77,87.43,43,,Cancelled
51838,20240726,1684,2009,3039,2,1755.42,66.31,47.95,42,4.5,Delivered
51839,20250124,1723,2102,3026,5,2071.54,45.69,0.0,42,4.4,Delivered
51840,20241109,1684,2082,3150,3,599.16,52.57,0.0,41,4.9,Delivered
51841,20240122,1333,2043,3030,2,434.16,41.43,0.0,37,3.8,Delivered
51842,20250213,1512,2076,3052,1,510.26,18.02,0.0,59,3.5,Delivered
51843,20250529,1512,2056,3039,2,723.1,22.31,68.73,52,4.2,Delivered
51844,20240506,1041,2106,3108,3,1669.12,16.53,0.0,37,4.5,Delivered
51845,20251130,1677,2004,3118,5,3785.13,70.78,0.0,20,3.7,Delivered
51846,20240114,1335,2069,3097,1,432.79,61.43,185.53,42,3.8,Delivered
51847,20240112,1530,2006,3005,2,646.63,36.45,219.58,37,3.2,Delivered
51848,20240327,1210,2025,3005,3,488.42,74.29,47.25,44,5.0,Delivered
51849,20250607,1034,2051,3145,4,2116.69,70.61,205.93,25,3.5,Delivered
51850,20250620,1351,2049,3092,3,1172.14,23.89,195.93,22,4.8,Delivered
51851,20241027,1742,2108,3015,3,2266.16,64.73,50.82,49,3.7,Delivered
51852,20240830,1357,2117,3053,3,798.22,64.56,216.44,56,3.5,Delivered
51853,20240501,1149,2044,3102,4,656.58,64.29,0.0,41,3.8,Delivered
51854,20240526,1450,2071,3113,4,2005.69,21.61,0.0,47,4.7,Delivered
51855,20250720,1800,2034,3083,4,967.51,57.4,0.0,52,,Cancelled
51856,20241221,1218,2013,3014,2,1021.73,46.63,0.0,37,,Cancelled
51857,20251115,1527,2040,3083,5,809.8,68.39,0.0,37,3.6,Delivered
51858,20250922,1777,2031,3077,4,2615.16,26.23,0.0,34,3.8,Delivered
51859,20241104,1419,2090,3009,5,2260.6,51.08,53.93,37,,Cancelled
51860,20251125,1758,2089,3117,4,1849.86,57.43,0.0,42,3.3,Delivered
51861,20241014,1488,2027,3019,1,794.75,28.54,182.47,53,,Cancelled
51862,20241102,1023,2051,3135,4,2027.66,23.15,0.0,51,4.0,Delivered
51863,20250816,1716,2087,3046,4,2422.14,16.96,113.48,34,4.9,Delivered
51864,20251223,1655,2035,3015,4,2373.97,36.75,0.0,41,3.5,Delivered
51865,20251023,1307,2051,3110,3,2223.47,54.26,178.08,27,4.2,Delivered
51866,20250702,1008,2020,3063,1,867.74,42.89,95.3,34,3.6,Delivered
51867,20241217,1068,2097,3144,3,1375.86,53.7,33.29,47,3.7,Delivered
51868,20241107,1408,2097,3119,3,807.27,71.07,215.62,33,4.1,Delivered
51869,20240228,1031,2036,3067,2,1567.62,63.72,129.68,26,3.4,Delivered
51870,20251004,1387,2060,3114,1,679.62,46.34,60.35,24,4.7,Delivered
51871,20251214,1353,2006,3140,3,1915.31,77.97,132.72,24,3.1,Delivered
51872,20240204,1300,2079,3057,3,804.63,33.78,0.0,53,4.1,Delivered
51873,20250320,1400,2070,3120,1,431.1,77.1,236.2,18,4.7,Delivered
51874,20240402,1356,2029,3111,2,580.77,79.67,226.65,54,3.0,Delivered
51875,20240725,1716,2100,3021,3,864.87,20.03,111.43,45,4.7,Delivered
51876,20241218,1060,2100,3021,4,1993.66,29.04,0.0,23,3.4,Delivered
51877,20241127,1382,2034,3134,1,816.13,33.93,177.61,30,3.8,Delivered
51878,20251225,1073,2012,3076,4,1150.62,29.55,0.0,25,3.9,Delivered
51879,20240607,1698,2095,3134,5,1794.89,74.53,122.03,18,4.9,Delivered
51880,20240124,1577,2010,3056,1,706.07,18.96,0.0,40,4.2,Delivered
51881,20250207,1331,2085,3006,5,1968.94,54.31,0.0,26,3.3,Delivered
51882,20250530,1006,2096,3148,4,1140.55,52.22,0.0,42,4.3,Delivered
51883,20241229,1405,2011,3090,3,2643.62,23.15,0.0,45,3.9,Delivered
51884,20250116,1010,2052,3070,3,2304.14,56.89,0.0,40,,Cancelled
51885,20250615,1151,2098,3030,5,2584.69,39.29,163.39,46,4.0,Delivered
51886,20240531,1128,2095,3055,5,2380.68,47.19,0.0,41,4.7,Delivered
51887,20250715,1480,2004,3034,1,277.23,74.95,145.5,54,,Cancelled
51888,20251119,1105,2063,3022,2,1192.53,73.77,58.16,37,3.5,Delivered
51889,20250830,1287,2117,3105,1,359.62,53.01,144.71,29,3.7,Delivered
51890,20250908,1149,2025,3043,2,670.9,30.9,59.86,22,4.6,Delivered
51891,20250223,1172,2117,3114,3,1224.12,72.51,0.0,32,,Cancelled
51892,20240906,1787,2119,3139,3,1189.26,29.69,185.12,43,4.6,Delivered
51893,20240426,1754,2084,3087,5,1818.14,64.08,200.17,33,3.3,Delivered
51894,20250526,1783,2088,3096,2,891.17,15.47,0.0,52,4.1,Delivered
51895,20250731,1202,2097,3086,5,4499.33,77.78,0.0,35,3.2,Delivered
51896,20241130,1654,2098,3051,5,965.75,40.53,199.42,57,3.3,Delivered
51897,20250221,1112,2066,3015,1,238.43,27.88,75.83,48,4.2,Delivered
51898,20241021,1577,2076,3010,3,810.12,53.69,0.0,35,4.1,Delivered
51899,20250105,1494,2054,3042,4,1625.69,23.61,0.0,43,4.4,Delivered
51900,20240704,1244,2086,3095,1,511.21,76.37,0.0,35,3.3,Delivered
51901,20240902,1267,2105,3125,5,3110.83,73.32,0.0,27,4.8,Delivered
51902,20250928,1201,2035,3090,4,961.4,15.29,0.0,55,4.5,Delivered
51903,20240924,1008,2058,3136,5,4133.95,18.97,0.0,28,3.1,Delivered
51904,20251004,1211,2117,3058,2,1590.09,32.61,0.0,64,3.2,Delivered
51905,20240824,1086,2110,3122,1,374.63,70.34,0.0,49,3.9,Delivered
51906,20250613,1446,2075,3048,2,691.39,60.01,0.0,34,3.3,Delivered
51907,20250705,1132,2034,3136,1,526.29,55.84,74.34,61,4.9,Delivered
51908,20240121,1385,2075,3047,1,593.03,34.66,189.27,52,3.1,Delivered
51909,20250603,1740,2090,3005,4,2502.14,28.58,0.0,33,4.2,Delivered
51910,20240409,1690,2051,3018,5,2362.49,76.28,41.91,28,4.4,Delivered
51911,20250422,1340,2089,3005,3,2610.08,36.68,83.24,50,3.7,Delivered
51912,20250821,1286,2002,3086,5,2739.02,78.22,210.79,38,4.4,Delivered
51913,20241024,1430,2034,3031,4,1004.93,48.01,0.0,43,4.3,Delivered
51914,20250609,1710,2105,3054,2,843.62,56.45,232.51,38,3.2,Delivered
51915,20241129,1396,2026,3082,5,2219.21,71.52,0.0,18,4.1,Delivered
51916,20240102,1674,2049,3109,3,2091.01,25.92,172.65,37,4.1,Delivered
51917,20250109,1113,2098,3149,2,1183.47,15.83,0.0,28,3.5,Delivered
51918,20241019,1178,2077,3126,3,646.18,15.74,0.0,18,4.3,Delivered
51919,20250706,1223,2041,3017,4,1110.72,41.64,0.0,18,4.7,Delivered
51920,20241113,1189,2016,3122,3,2313.07,42.97,32.1,29,4.7,Delivered
51921,20250516,1602,2110,3006,1,164.07,62.93,0.0,23,3.5,Delivered
51922,20250115,1156,2039,3055,2,1108.11,69.36,0.0,23,4.2,Delivered
51923,20250914,1766,2079,3147,4,3156.53,16.38,0.0,51,4.0,Delivered
51924,20240114,1614,2112,3010,1,390.28,59.53,0.0,44,3.1,Delivered
51925,20250518,1603,2002,3029,4,3210.93,49.17,0.0,40,4.1,Delivered
51926,20240818,1301,2015,3051,2,994.54,43.91,0.0,45,4.7,Delivered
51927,20240324,1751,2029,3128,1,304.19,41.67,0.0,18,4.6,Delivered
51928,20240509,1267,2116,3128,3,1087.01,23.92,0.0,30,3.8,Delivered
51929,20240524,1483,2023,3067,3,2474.84,27.78,86.17,29,4.3,Delivered
51930,20240128,1574,2090,3137,4,2170.08,74.71,0.0,20,4.4,Delivered
51931,20240306,1540,2079,3038,3,1809.91,68.22,61.41,45,3.9,Delivered
51932,20240611,1043,2020,3149,3,675.2,20.63,0.0,49,4.1,Delivered
51933,20240816,1702,2087,3049,2,749.67,33.66,62.03,32,3.5,Delivered
51934,20240917,1715,2101,3039,3,624.98,37.45,0.0,39,4.0,Delivered
51935,20250324,1383,2097,3149,4,2317.8,15.7,123.19,40,4.5,Delivered
51936,20250227,1001,2039,3069,3,2127.05,42.17,107.06,54,4.4,Delivered
51937,20250404,1030,2035,3008,2,596.79,19.11,119.79,18,,Cancelled
51938,20251106,1275,2083,3059,1,596.72,55.68,72.24,38,4.9,Delivered
51939,20241027,1036,2082,3077,2,437.06,65.71,0.0,56,4.6,Delivered
51940,20241029,1590,2021,3030,5,3678.8,58.68,0.0,21,4.7,Delivered
51941,20241013,1039,2112,3013,4,2811.12,77.15,87.53,51,3.4,Delivered
51942,20250129,1122,2105,3112,1,447.13,44.34,106.29,59,,Cancelled
51943,20240110,1759,2044,3045,3,2426.56,45.38,0.0,61,4.5,Delivered
51944,20251207,1765,2117,3035,4,2260.36,19.36,206.1,60,4.4,Delivered
51945,20250921,1207,2075,3007,5,2147.88,17.18,139.03,21,4.0,Delivered
51946,20240926,1242,2092,3114,2,1165.3,35.02,45.3,20,4.3,Delivered
51947,20250814,1302,2037,3104,5,2193.97,41.77,0.0,45,4.8,Delivered
51948,20250827,1288,2064,3148,2,1358.83,53.49,122.17,33,3.8,Delivered
51949,20241226,1050,2096,3052,4,2597.62,60.55,0.0,25,3.3,Delivered
51950,20240913,1662,2090,3066,2,930.94,52.35,224.21,35,4.2,Delivered
51951,20240512,1232,2090,3043,5,2445.46,29.17,0.0,39,4.6,Delivered
51952,20241002,1663,2103,3064,1,440.41,28.28,192.83,61,4.4,Delivered
51953,20251113,1767,2068,3137,5,4006.72,40.99,135.85,65,4.6,Delivered
51954,20250527,1647,2068,3054,3,2358.36,52.12,214.08,26,4.4,Delivered
51955,20241108,1065,2011,3132,1,346.77,60.51,0.0,22,3.8,Delivered
51956,20250729,1334,2025,3130,4,689.22,18.98,0.0,22,3.3,Delivered
51957,20241010,1498,2088,3148,1,505.92,26.53,237.01,50,3.2,Delivered
51958,20240430,1601,2078,3049,5,3811.5,51.52,234.01,44,4.9,Delivered
51959,20240416,1648,2083,3149,2,1458.92,62.94,0.0,18,4.6,Delivered
51960,20251117,1599,2077,3101,3,1824.18,25.25,59.47,31,4.2,Delivered
51961,20240722,1016,2039,3106,2,1758.71,77.25,40.03,37,4.3,Delivered
51962,20240613,1283,2002,3146,1,234.72,78.6,102.52,46,3.8,Delivered
51963,20241031,1035,2111,3052,2,395.26,27.34,98.2,41,4.2,Delivered
51964,20250511,1053,2071,3081,2,1737.89,48.32,82.46,35,3.5,Delivered
51965,20250923,1616,2010,3113,1,673.03,68.43,200.05,22,4.1,Delivered
51966,20250709,1242,2119,3061,4,2014.43,56.21,0.0,59,3.4,Delivered
51967,20240604,1704,2057,3105,1,407.8,64.11,168.4,21,4.3,Delivered
51968,20250101,1233,2005,3034,3,2435.59,24.22,153.61,59,3.7,Delivered
51969,20251219,1243,2044,3059,2,1709.22,18.54,0.0,56,,Cancelled
51970,20250911,1771,2098,3078,4,2492.43,28.23,29.78,50,3.1,Delivered
51971,20240907,1718,2088,3035,1,490.7,54.04,112.49,44,4.3,Delivered
51972,20241129,1112,2102,3132,3,2324.08,76.52,0.0,60,3.9,Delivered
51973,20251003,1317,2009,3145,5,2653.66,51.72,0.0,59,4.3,Delivered
51974,20250525,1668,2011,3090,1,206.45,53.5,0.0,25,4.8,Delivered
51975,20241019,1648,2011,3059,4,3175.74,40.47,59.44,18,4.1,Delivered
51976,20240120,1018,2080,3016,1,330.08,64.23,0.0,29,,Cancelled
51977,20241008,1506,2078,3104,4,1183.86,32.51,0.0,38,3.8,Delivered
51978,20240101,1332,2097,3016,2,1262.89,68.39,96.82,49,3.2,Delivered
51979,20240428,1012,2062,3129,1,701.84,57.75,87.9,37,4.8,Delivered
51980,20240204,1283,2085,3012,2,911.73,75.19,0.0,32,3.5,Delivered
51981,20240716,1030,2055,3053,2,1126.98,68.49,81.24,63,4.2,Delivered
51982,20250429,1445,2108,3049,4,602.31,39.4,0.0,26,4.8,Delivered
51983,20240228,1772,2035,3091,3,544.56,42.62,101.62,50,4.4,Delivered
51984,20240609,1456,2112,3103,4,2969.32,16.06,0.0,33,4.7,Delivered
51985,20251121,1623,2053,3058,3,2340.9,22.73,226.74,63,5.0,Delivered
51986,20240724,1247,2016,3132,2,1076.66,41.72,83.58,30,,Cancelled
51987,20240112,1235,2027,3079,2,941.83,54.28,107.67,57,,Cancelled
51988,20250504,1611,2048,3117,4,1451.11,35.18,0.0,49,,Cancelled
51989,20241002,1241,2039,3050,2,502.33,54.31,0.0,42,4.9,Delivered
51990,20251123,1298,2045,3140,5,3074.56,19.72,0.0,47,,Cancelled
51991,20240829,1468,2006,3142,5,2937.78,39.5,60.69,55,4.9,Delivered
51992,20240803,1046,2015,3029,2,1181.98,62.71,189.56,33,4.5,Delivered
51993,20240907,1780,2026,3082,4,3195.48,61.16,111.96,46,3.7,Delivered
51994,20240505,1044,2040,3002,4,637.07,26.22,0.0,51,,Cancelled
51995,20240804,1273,2072,3018,3,2464.23,28.01,0.0,51,5.0,Delivered
51996,20241101,1790,2015,3058,5,1067.39,16.91,0.0,22,3.1,Delivered
51997,20240703,1565,2012,3061,4,3389.84,63.55,53.76,22,,Cancelled
51998,20240208,1228,2019,3031,3,2117.68,71.6,172.11,64,3.1,Delivered
51999,20240810,1511,2040,3147,3,715.97,47.22,66.95,27,4.7,Delivered
52000,20240702,1458,2103,3150,4,997.19,56.89,156.03,60,3.3,Delivered
52001,20250509,1023,2042,3143,2,745.28,61.11,22.61,27,3.4,Delivered
52002,20250302,1410,2017,3087,3,2321.21,79.57,27.13,45,4.6,Delivered
52003,20240626,1148,2084,3109,5,4287.29,23.13,148.5,54,,Cancelled
52004,20250303,1552,2064,3120,5,4204.56,79.2,0.0,41,3.3,Delivered
52005,20241020,1456,2118,3143,1,213.88,75.79,0.0,46,3.8,Delivered
52006,20240530,1037,2072,3005,5,2364.8,64.25,96.64,59,4.3,Delivered
52007,20250118,1231,2056,3135,3,2361.54,76.06,0.0,49,4.4,Delivered
52008,20250929,1297,2026,3010,3,957.46,57.93,0.0,38,3.2,Delivered
52009,20241103,1446,2072,3068,1,522.15,19.76,134.05,40,3.8,Delivered
52010,20241201,1230,2077,3078,5,3606.73,60.18,0.0,57,4.2,Delivered
52011,20250109,1425,2001,3145,1,593.09,44.88,0.0,30,3.4,Delivered
52012,20240108,1109,2058,3007,3,2366.51,33.63,91.42,56,3.5,Delivered
52013,20241206,1329,2017,3122,4,677.02,71.29,192.45,32,3.1,Delivered
52014,20240508,1780,2034,3003,1,668.87,65.53,0.0,56,3.9,Delivered
52015,20251030,1335,2078,3033,1,883.09,78.37,178.25,23,3.5,Delivered
52016,20241217,1571,2042,3006,2,1595.82,37.86,0.0,30,,Cancelled
52017,20241223,1797,2031,3097,1,603.76,48.08,36.88,40,4.5,Delivered
52018,20250531,1701,2042,3068,1,390.72,61.69,0.0,57,3.7,Delivered
52019,20250509,1229,2095,3060,5,3249.02,46.97,0.0,48,3.6,Delivered
52020,20240326,1636,2104,3041,5,1671.86,35.25,0.0,37,3.6,Delivered
52021,20240623,1727,2084,3113,1,895.85,61.27,77.19,27,4.6,Delivered
52022,20240711,1217,2007,3079,1,660.73,25.42,0.0,65,3.5,Delivered
52023,20241106,1319,2011,3148,3,2509.51,76.65,0.0,58,,Cancelled
52024,20240428,1037,2073,3086,1,645.05,40.46,0.0,28,3.7,Delivered
52025,20240805,1389,2011,3039,4,1447.45,71.35,120.59,64,4.4,Delivered
52026,20250302,1579,2001,3062,2,600.13,45.45,234.48,34,4.0,Delivered
52027,20250217,1152,2017,3109,5,4125.01,46.68,195.28,50,4.2,Delivered
52028,20240423,1199,2041,3079,4,3577.2,78.64,0.0,63,4.4,Delivered
52029,20240524,1477,2016,3029,1,555.64,72.57,186.26,36,3.2,Delivered
52030,20250621,1032,2110,3039,2,1321.12,39.61,229.41,24,3.6,Delivered
52031,20251009,1393,2090,3142,3,1711.97,30.66,98.87,60,4.2,Delivered
52032,20241029,1580,2025,3028,4,697.05,58.7,248.66,28,3.6,Delivered
52033,20250810,1270,2083,3077,5,4143.69,76.88,175.97,41,3.6,Delivered
52034,20241210,1735,2009,3116,1,797.66,23.94,176.15,58,3.2,Delivered
52035,20240101,1167,2106,3032,1,366.96,52.2,191.56,64,3.5,Delivered
52036,20240526,1649,2115,3117,4,3011.72,41.48,0.0,33,4.5,Delivered
52037,20241013,1333,2044,3010,4,3368.55,23.96,103.56,42,4.1,Delivered
52038,20251015,1080,2036,3116,1,247.3,44.15,131.82,31,4.0,Delivered
52039,20240222,1220,2102,3079,1,397.98,17.7,0.0,43,4.7,Delivered
52040,20241030,1316,2103,3042,3,549.04,20.7,188.11,58,4.7,Delivered
52041,20240309,1372,2103,3071,5,2793.82,53.13,47.76,55,3.3,Delivered
52042,20241226,1156,2023,3013,2,1258.64,54.54,0.0,39,3.4,Delivered
52043,20250824,1508,2012,3015,4,2870.93,38.83,150.74,25,4.6,Delivered
52044,20240807,1220,2045,3075,4,724.98,17.79,163.35,47,4.6,Delivered
52045,20251204,1056,2042,3052,4,3403.33,32.77,0.0,58,3.3,Delivered
52046,20250728,1475,2060,3084,3,1093.12,60.08,148.07,39,3.2,Delivered
52047,20250807,1797,2067,3053,5,811.09,53.69,149.04,40,4.1,Delivered
52048,20240609,1157,2044,3021,3,2444.21,40.88,214.41,43,3.3,Delivered
52049,20251111,1112,2080,3138,3,786.17,35.47,133.46,44,3.5,Delivered
52050,20240329,1233,2094,3030,4,907.65,50.21,0.0,19,3.6,Delivered
52051,20251118,1307,2004,3146,2,1436.65,23.52,0.0,40,3.1,Delivered
52052,20250807,1590,2108,3064,5,2119.37,59.26,36.33,22,4.4,Delivered
52053,20250811,1533,2009,3107,1,467.37,18.51,0.0,51,3.1,Delivered
52054,20240607,1372,2112,3036,2,568.86,53.4,0.0,37,3.5,Delivered
52055,20250503,1303,2097,3032,4,3505.89,21.31,0.0,38,5.0,Delivered
52056,20241119,1186,2109,3054,4,2350.57,52.22,93.44,65,4.3,Delivered
52057,20250901,1673,2106,3023,5,3139.59,63.33,0.0,37,3.8,Delivered
52058,20250115,1683,2117,3002,2,944.53,30.28,0.0,38,4.0,Delivered
52059,20240411,1194,2036,3110,5,2475.02,59.63,0.0,21,4.9,Delivered
52060,20250508,1380,2085,3071,4,3142.69,32.25,0.0,18,3.2,Delivered
52061,20251005,1676,2110,3113,2,545.91,30.72,0.0,30,3.3,Delivered
52062,20250905,1228,2110,3045,5,3369.76,28.67,68.92,43,3.1,Delivered
52063,20240119,1528,2119,3050,5,4205.85,68.01,94.1,47,4.7,Delivered
52064,20250329,1705,2022,3122,2,687.43,55.43,121.04,63,4.4,Delivered
52065,20250426,1446,2053,3015,3,1916.34,26.85,0.0,54,4.4,Delivered
52066,20250816,1721,2063,3010,1,198.94,66.89,0.0,51,3.3,Delivered
52067,20250131,1532,2036,3008,3,1562.95,24.71,36.24,56,4.3,Delivered
52068,20241005,1034,2102,3004,3,2294.73,32.47,0.0,39,3.8,Delivered
52069,20241230,1620,2116,3024,4,1570.82,19.51,150.73,53,,Cancelled
52070,20241126,1216,2049,3026,1,172.09,33.48,0.0,33,3.3,Delivered
52071,20251002,1281,2030,3071,4,3578.69,23.34,0.0,46,3.4,Delivered
52072,20241209,1186,2112,3012,1,460.63,17.2,186.97,43,3.6,Delivered
52073,20250330,1641,2026,3133,4,684.83,51.3,0.0,21,4.6,Delivered
52074,20250823,1339,2046,3006,3,1832.32,34.78,58.98,58,4.5,Delivered
52075,20251225,1282,2002,3103,1,630.23,18.49,0.0,49,4.4,Delivered
52076,20251016,1632,2049,3009,4,2019.73,42.82,194.48,44,4.1,Delivered
52077,20240305,1557,2018,3014,1,781.39,69.78,0.0,33,3.4,Delivered
52078,20240316,1624,2052,3137,5,3233.85,67.62,102.07,43,4.6,Delivered
52079,20251211,1527,2057,3127,4,2786.79,35.48,0.0,49,3.4,Delivered
52080,20240522,1629,2042,3072,5,4219.92,52.1,245.62,49,4.7,Delivered
52081,20250827,1352,2096,3149,3,2344.76,53.92,0.0,63,3.1,Delivered
52082,20250417,1697,2002,3147,5,4082.79,33.34,0.0,62,3.4,Delivered
52083,20250220,1221,2059,3004,4,2925.23,23.57,0.0,32,,Cancelled
52084,20241031,1299,2078,3003,3,2459.67,61.71,0.0,55,4.8,Delivered
52085,20250511,1492,2031,3015,1,645.4,33.74,0.0,39,3.0,Delivered
52086,20241017,1047,2020,3058,1,286.84,79.2,123.6,28,3.4,Delivered
52087,20240411,1711,2006,3039,5,4395.63,47.35,0.0,29,4.9,Delivered
52088,20240923,1252,2017,3035,2,811.51,60.25,184.48,22,4.5,Delivered
52089,20250913,1762,2106,3052,5,1280.04,49.18,0.0,52,3.1,Delivered
52090,20240103,1374,2017,3030,5,4396.99,18.22,0.0,62,4.5,Delivered
52091,20240325,1090,2038,3095,3,1744.95,63.59,0.0,54,4.9,Delivered
52092,20241123,1069,2024,3127,3,1330.68,42.84,0.0,46,4.1,Delivered
52093,20250325,1052,2102,3036,4,1178.39,15.24,0.0,57,3.9,Delivered
52094,20250329,1091,2050,3053,2,892.46,18.86,47.45,27,3.8,Delivered
52095,20250920,1365,2028,3072,2,311.11,35.71,0.0,46,3.8,Delivered
52096,20240808,1271,2006,3069,3,1193.72,40.91,173.07,38,3.7,Delivered
52097,20240602,1116,2113,3004,4,1656.2,45.57,0.0,35,3.1,Delivered
52098,20251026,1587,2116,3042,5,2424.04,67.54,139.83,26,3.1,Delivered
52099,20240112,1241,2091,3070,1,461.04,25.0,0.0,34,3.5,Delivered
52100,20240512,1695,2020,3016,5,2957.73,24.34,0.0,30,3.8,Delivered
52101,20241030,1111,2058,3107,5,4492.92,69.37,23.91,48,4.5,Delivered
52102,20241019,1379,2011,3027,4,659.64,72.32,0.0,37,3.5,Delivered
52103,20241026,1269,2089,3073,2,1069.04,66.83,0.0,39,4.1,Delivered
52104,20240212,1197,2027,3030,5,1587.52,33.07,246.12,22,4.3,Delivered
52105,20241208,1149,2017,3134,1,587.91,54.48,0.0,56,4.7,Delivered
52106,20241121,1416,2066,3099,5,4041.15,79.35,0.0,53,3.4,Delivered
52107,20250512,1086,2120,3064,4,2428.18,74.43,0.0,47,4.5,Delivered
52108,20241229,1118,2005,3087,4,2855.38,78.29,133.19,18,4.0,Delivered
52109,20250302,1040,2002,3025,2,1159.56,52.99,175.67,58,3.1,Delivered
52110,20240121,1420,2051,3095,4,603.27,24.56,0.0,20,4.9,Delivered
52111,20250210,1442,2038,3046,3,2500.53,36.59,158.11,35,4.7,Delivered
52112,20250910,1650,2117,3032,4,1173.63,21.26,0.0,65,3.9,Delivered
52113,20241201,1676,2093,3016,3,1648.33,77.12,125.86,25,3.1,Delivered
52114,20240426,1018,2051,3075,4,2813.44,61.91,248.49,30,4.0,Delivered
52115,20240503,1710,2007,3125,2,1558.65,71.8,93.6,62,4.9,Delivered
52116,20250202,1509,2083,3038,1,577.91,29.29,56.61,45,4.3,Delivered
52117,20251215,1476,2090,3081,5,2162.79,44.85,0.0,48,4.0,Delivered
52118,20240220,1032,2039,3118,1,786.98,39.96,121.99,29,3.4,Delivered
52119,20241119,1184,2065,3074,1,428.65,73.08,245.8,23,4.0,Delivered
52120,20240520,1623,2052,3103,3,2202.61,68.41,223.86,54,4.2,Delivered
52121,20250414,1586,2018,3114,5,3884.91,30.31,234.72,47,3.4,Delivered
52122,20241129,1379,2061,3074,4,957.14,16.75,163.67,27,3.5,Delivered
52123,20250107,1339,2109,3079,5,962.3,78.6,182.94,38,4.7,Delivered
52124,20250717,1464,2040,3093,5,3103.83,50.89,123.04,47,,Cancelled
52125,20250508,1501,2005,3029,5,1961.1,43.94,79.68,49,3.4,Delivered
52126,20250622,1223,2115,3010,5,1040.23,50.15,208.26,61,3.9,Delivered
52127,20251030,1667,2056,3143,2,994.15,35.83,35.25,56,4.2,Delivered
52128,20240604,1236,2096,3149,3,1597.34,40.39,159.96,43,3.4,Delivered
52129,20241017,1763,2056,3045,3,1688.61,16.49,0.0,27,,Cancelled
52130,20251009,1380,2008,3102,4,1795.78,59.28,54.72,29,4.3,Delivered
52131,20240523,1563,2019,3052,5,854.46,50.57,215.44,52,4.9,Delivered
52132,20240415,1721,2100,3131,5,2711.23,64.56,109.0,50,4.6,Delivered
52133,20250223,1509,2095,3001,1,636.64,40.22,132.34,56,3.2,Delivered
52134,20251031,1185,2004,3014,4,2358.41,53.32,70.47,27,4.2,Delivered
52135,20251019,1246,2052,3081,2,635.86,75.43,228.22,45,4.2,Delivered
52136,20240102,1259,2008,3040,4,3363.96,42.35,0.0,38,4.2,Delivered
52137,20250811,1601,2040,3095,5,3686.03,27.42,218.96,40,3.0,Delivered
52138,20251005,1009,2025,3021,4,1926.78,69.59,190.14,60,3.4,Delivered
52139,20240330,1793,2043,3122,3,1190.86,64.9,165.39,46,3.1,Delivered
52140,20241210,1172,2002,3137,2,1265.56,58.91,140.7,65,3.5,Delivered
52141,20241215,1103,2092,3057,3,1042.67,49.93,91.57,24,,Cancelled
52142,20250403,1549,2105,3037,3,593.76,57.34,224.19,62,3.3,Delivered
52143,20240919,1332,2008,3020,2,1766.67,27.9,202.45,52,,Cancelled
52144,20241216,1649,2064,3029,1,393.22,65.47,192.51,56,3.1,Delivered
52145,20240417,1543,2100,3148,4,3235.02,18.47,0.0,27,4.9,Delivered
52146,20250808,1471,2062,3027,3,1253.61,78.46,0.0,54,3.0,Delivered
52147,20240208,1675,2012,3150,2,1529.1,77.0,117.35,19,3.4,Delivered
52148,20240607,1330,2101,3094,2,1219.73,47.89,130.35,31,3.7,Delivered
52149,20250805,1610,2103,3132,4,1698.15,74.15,0.0,60,3.9,Delivered
52150,20241107,1466,2077,3097,1,531.78,28.54,241.2,20,4.7,Delivered
52151,20240828,1098,2016,3100,3,1708.22,56.76,232.01,32,3.6,Delivered
52152,20250320,1739,2001,3014,4,3163.61,37.55,0.0,65,3.5,Delivered
52153,20241024,1162,2085,3097,4,2991.29,28.47,25.51,36,4.7,Delivered
52154,20240205,1377,2049,3117,3,1324.75,56.09,0.0,40,4.3,Delivered
52155,20240324,1605,2029,3026,4,1403.2,22.47,234.33,22,3.7,Delivered
52156,20250327,1506,2041,3084,2,1646.34,41.29,37.69,53,4.7,Delivered
52157,20250119,1180,2118,3027,3,2455.29,34.49,42.74,35,3.8,Delivered
52158,20240620,1287,2085,3106,1,678.93,60.11,78.68,46,4.5,Delivered
52159,20250110,1641,2036,3011,2,1187.24,41.33,0.0,60,3.5,Delivered
52160,20251115,1162,2117,3018,2,1455.98,77.51,0.0,58,4.9,Delivered
52161,20241227,1021,2015,3004,1,581.35,68.25,0.0,25,3.4,Delivered
52162,20250712,1333,2016,3116,4,1957.26,79.35,48.32,44,3.2,Delivered
52163,20240520,1413,2055,3077,2,1796.07,33.06,191.72,20,4.7,Delivered
52164,20240427,1766,2111,3065,2,500.46,54.89,0.0,52,4.8,Delivered
52165,20241003,1257,2069,3081,2,1387.8,72.92,243.55,49,4.5,Delivered
52166,20251226,1533,2112,3050,1,505.76,24.73,0.0,37,3.8,Delivered
52167,20240807,1304,2032,3049,3,1110.97,65.5,0.0,40,3.6,Delivered
52168,20240126,1196,2083,3045,4,3323.9,71.46,0.0,42,3.2,Delivered
52169,20250604,1800,2026,3097,4,1339.0,19.32,0.0,55,3.7,Delivered
52170,20240110,1455,2061,3080,4,3280.88,64.27,0.0,58,4.4,Delivered
52171,20250112,1658,2097,3127,4,3152.42,54.51,0.0,19,4.7,Delivered
52172,20250924,1175,2023,3066,5,1962.66,36.74,243.74,22,5.0,Delivered
52173,20250928,1393,2089,3109,3,2203.85,50.71,0.0,48,4.1,Delivered
52174,20251112,1279,2048,3107,5,1607.6,30.68,20.18,32,4.9,Delivered
52175,20250806,1749,2081,3051,3,1300.43,59.63,0.0,36,3.4,Delivered
52176,20240531,1328,2117,3080,3,658.79,44.77,79.96,51,4.6,Delivered
52177,20251220,1145,2011,3143,2,395.29,15.91,0.0,38,3.9,Delivered
52178,20240218,1508,2012,3107,4,1874.78,49.34,0.0,41,3.1,Delivered
52179,20240602,1325,2117,3042,5,2551.59,52.85,0.0,38,3.1,Delivered
52180,20241019,1494,2013,3048,2,949.7,21.75,0.0,18,4.1,Delivered
52181,20250802,1467,2077,3138,5,2460.4,56.01,30.43,38,3.3,Delivered
52182,20240219,1766,2033,3116,4,3116.85,69.46,113.51,27,4.6,Delivered
52183,20251025,1176,2029,3108,2,666.59,76.23,0.0,29,3.4,Delivered
52184,20250614,1023,2102,3137,4,699.72,77.33,0.0,45,5.0,Delivered
52185,20250903,1753,2089,3092,3,2497.4,69.01,0.0,28,3.2,Delivered
52186,20240229,1620,2033,3108,3,2223.59,17.38,0.0,38,3.6,Delivered
52187,20240615,1176,2106,3109,5,2873.96,41.12,24.39,33,4.5,Delivered
52188,20240720,1753,2002,3100,2,493.09,17.05,0.0,38,5.0,Delivered
52189,20240525,1014,2015,3071,2,576.28,24.09,0.0,19,4.3,Delivered
52190,20251106,1195,2006,3044,5,3590.66,28.5,0.0,52,3.4,Delivered
52191,20250314,1523,2016,3125,1,294.33,48.61,0.0,25,3.3,Delivered
52192,20240829,1196,2001,3094,5,1703.11,33.42,0.0,26,3.4,Delivered
52193,20250803,1424,2110,3093,4,1495.2,42.83,204.96,18,4.2,Delivered
52194,20251117,1260,2048,3063,4,1888.2,62.43,81.55,55,,Cancelled
52195,20250714,1541,2085,3091,2,955.9,55.63,124.38,33,4.1,Delivered
52196,20250427,1285,2058,3116,3,849.03,41.31,0.0,23,3.4,Delivered
52197,20240417,1070,2080,3023,4,3545.51,51.58,112.99,22,4.5,Delivered
52198,20240813,1743,2025,3008,4,3481.32,56.57,0.0,21,3.8,Delivered
52199,20251103,1695,2011,3100,3,686.76,29.25,128.73,43,4.4,Delivered
52200,20250922,1112,2042,3036,2,732.82,32.6,121.55,43,3.6,Delivered
52201,20251022,1112,2049,3085,2,807.1,60.48,149.07,44,4.3,Delivered
52202,20251023,1781,2020,3047,5,2817.92,33.83,0.0,63,3.8,Delivered
52203,20250307,1090,2050,3022,5,1315.25,25.18,43.75,47,4.4,Delivered
52204,20251016,1679,2044,3058,4,3452.71,29.6,191.34,35,4.3,Delivered
52205,20250222,1542,2118,3106,4,2245.59,58.47,0.0,19,3.2,Delivered
52206,20250330,1402,2095,3074,5,1301.68,30.36,150.07,56,4.5,Delivered
52207,20240608,1679,2044,3007,1,461.46,76.51,0.0,23,4.8,Delivered
52208,20250606,1197,2007,3046,5,3209.17,30.91,0.0,49,3.9,Delivered
52209,20251011,1530,2106,3008,4,776.79,65.26,178.96,24,4.2,Delivered
52210,20250812,1074,2004,3102,4,3476.78,73.26,0.0,42,4.1,Delivered
52211,20240317,1335,2112,3121,1,248.86,65.94,0.0,55,4.6,Delivered
52212,20250523,1688,2119,3040,4,1790.58,24.37,0.0,55,,Cancelled
52213,20250316,1084,2119,3099,2,882.9,41.35,0.0,30,3.9,Delivered
52214,20240910,1134,2095,3121,5,3977.15,15.74,155.39,43,3.5,Delivered
52215,20241115,1319,2058,3128,1,895.11,60.66,45.26,42,4.1,Delivered
52216,20240919,1368,2025,3082,1,615.32,41.76,123.84,53,3.7,Delivered
52217,20250819,1013,2051,3014,5,1166.02,26.04,0.0,54,3.8,Delivered
52218,20251019,1070,2051,3089,2,1151.53,64.49,82.58,23,3.5,Delivered
52219,20250707,1701,2004,3126,3,934.75,46.33,0.0,31,,Cancelled
52220,20250108,1544,2079,3032,3,1650.33,51.62,0.0,62,4.5,Delivered
52221,20250928,1152,2025,3023,1,798.73,19.8,0.0,34,3.2,Delivered
52222,20240615,1285,2011,3149,4,631.27,53.37,85.07,60,3.0,Delivered
52223,20250403,1542,2114,3067,3,1926.35,17.51,232.22,51,4.8,Delivered
52224,20241006,1570,2051,3025,4,3377.49,17.14,112.97,22,4.2,Delivered
52225,20251130,1279,2094,3129,2,737.97,28.04,48.06,50,4.9,Delivered
52226,20241028,1399,2113,3081,3,1695.41,28.62,224.28,30,3.1,Delivered
52227,20250614,1482,2001,3004,4,2296.42,76.05,174.4,55,4.8,Delivered
52228,20250802,1717,2089,3135,4,776.28,70.59,94.5,23,3.2,Delivered
52229,20240805,1558,2085,3009,2,1474.04,75.2,42.49,19,,Cancelled
52230,20240411,1471,2003,3033,3,2488.98,78.09,0.0,51,4.3,Delivered
52231,20250707,1340,2089,3065,3,657.04,70.32,50.48,37,4.8,Delivered
52232,20241014,1502,2008,3034,1,729.46,45.97,159.74,50,3.8,Delivered
52233,20240615,1475,2101,3055,4,1162.57,77.66,36.5,20,4.0,Delivered
52234,20250912,1649,2115,3149,5,4389.85,65.86,0.0,36,4.3,Delivered
52235,20240205,1188,2103,3131,1,411.26,30.44,0.0,39,3.1,Delivered
52236,20241218,1452,2042,3007,5,3237.97,19.32,0.0,53,3.7,Delivered
52237,20251106,1538,2077,3010,2,1797.51,63.07,60.37,22,4.3,Delivered
52238,20240313,1741,2090,3125,3,1544.76,45.33,206.01,52,4.2,Delivered
52239,20251009,1684,2078,3039,5,2721.42,54.29,0.0,50,4.9,Delivered
52240,20241218,1435,2076,3052,2,1771.74,79.38,0.0,62,3.9,Delivered
52241,20240310,1726,2045,3120,3,2562.93,38.66,0.0,50,3.3,Delivered
52242,20250228,1158,2088,3149,2,972.38,40.33,186.61,26,3.7,Delivered
52243,20251208,1075,2094,3048,3,508.25,16.47,0.0,20,4.7,Delivered
52244,20250714,1062,2067,3018,3,700.27,39.57,71.17,59,,Cancelled
52245,20251003,1108,2071,3048,4,3183.44,48.28,79.96,24,3.0,Delivered
52246,20250531,1268,2031,3034,4,1827.53,79.24,157.89,24,4.1,Delivered
52247,20250303,1254,2090,3102,1,503.78,22.24,58.76,40,4.3,Delivered
52248,20250622,1087,2107,3025,2,644.05,51.14,0.0,36,3.6,Delivered
52249,20240608,1388,2070,3049,3,2399.24,54.39,0.0,56,3.0,Delivered
52250,20240528,1440,2119,3136,1,179.26,54.35,0.0,25,4.8,Delivered
52251,20240817,1311,2116,3035,1,678.4,16.93,0.0,38,4.9,Delivered
52252,20251212,1217,2111,3007,4,3382.94,53.48,57.89,18,3.9,Delivered
52253,20250715,1269,2097,3112,1,629.67,46.81,0.0,20,3.9,Delivered
52254,20240307,1325,2089,3090,2,343.82,19.73,0.0,37,3.6,Delivered
52255,20250115,1042,2090,3110,3,995.82,64.34,0.0,50,3.2,Delivered
52256,20240227,1794,2036,3076,3,1097.8,33.71,147.8,58,3.1,Delivered
52257,20240915,1288,2009,3125,1,631.17,29.51,175.05,42,3.7,Delivered
52258,20241207,1501,2042,3148,5,3159.28,29.78,242.66,53,3.2,Delivered
52259,20240509,1103,2068,3014,2,446.02,73.82,209.5,46,4.8,Delivered
52260,20251227,1616,2116,3048,2,1533.03,35.73,112.57,39,4.9,Delivered
52261,20240620,1605,2017,3053,4,2952.74,64.93,0.0,52,3.4,Delivered
52262,20250905,1515,2042,3133,1,775.59,56.45,0.0,62,4.8,Delivered
52263,20240727,1650,2089,3096,5,3029.01,19.33,0.0,21,3.8,Delivered
52264,20241219,1799,2016,3091,2,650.29,73.09,0.0,23,3.3,Delivered
52265,20250415,1325,2090,3087,4,879.7,19.49,71.21,55,3.1,Delivered
52266,20240425,1033,2026,3088,3,944.89,46.13,0.0,43,3.3,Delivered
52267,20240920,1428,2077,3053,5,3933.3,65.3,0.0,49,3.4,Delivered
52268,20251023,1330,2111,3113,1,548.63,24.15,0.0,34,3.6,Delivered
52269,20250317,1626,2008,3095,1,725.09,23.19,83.0,25,3.7,Delivered
52270,20250701,1447,2061,3132,4,2401.06,44.8,0.0,55,3.8,Delivered
52271,20250328,1179,2081,3145,4,2289.3,25.7,0.0,46,5.0,Delivered
52272,20250421,1198,2056,3069,2,632.43,58.92,53.21,36,4.9,Delivered
52273,20241013,1084,2086,3085,1,391.62,49.15,143.7,32,3.0,Delivered
52274,20241029,1457,2044,3072,2,1207.65,59.86,110.23,56,3.3,Delivered
52275,20241106,1223,2069,3085,4,1486.47,23.52,0.0,37,3.9,Delivered
52276,20240726,1573,2059,3003,2,1657.76,26.45,0.0,43,3.4,Delivered
52277,20250909,1007,2083,3004,1,447.16,63.85,246.83,31,3.5,Delivered
52278,20250321,1743,2029,3139,2,1050.17,68.39,89.48,18,3.1,Delivered
52279,20251031,1125,2119,3013,1,653.57,56.79,31.21,31,3.5,Delivered
52280,20250924,1630,2052,3104,5,2577.05,57.0,0.0,29,4.3,Delivered
52281,20240224,1518,2077,3064,4,898.35,39.48,53.63,63,4.4,Delivered
52282,20240112,1231,2116,3030,1,535.59,35.09,104.75,64,5.0,Delivered
52283,20251018,1534,2055,3118,2,640.36,62.25,85.7,31,3.5,Delivered
52284,20250203,1705,2119,3090,4,2552.67,49.74,127.81,22,3.8,Delivered
52285,20251009,1195,2077,3121,4,2801.75,65.85,0.0,25,4.9,Delivered
52286,20250529,1489,2119,3106,3,890.58,74.8,161.28,60,4.0,Delivered
52287,20251017,1482,2018,3069,4,2734.5,57.82,0.0,59,3.8,Delivered
52288,20250625,1607,2079,3001,2,339.75,68.39,152.36,59,4.1,Delivered
52289,20240824,1406,2016,3048,4,2586.54,25.13,203.35,33,3.2,Delivered
52290,20241005,1649,2009,3137,4,2478.19,40.11,0.0,48,3.4,Delivered
52291,20241213,1768,2117,3107,2,503.22,50.04,65.64,55,4.7,Delivered
52292,20250918,1173,2066,3130,4,3056.21,48.32,0.0,44,4.0,Delivered
52293,20240413,1398,2028,3040,1,364.55,16.4,0.0,19,3.5,Delivered
52294,20250921,1447,2011,3016,3,2189.05,51.7,76.5,62,3.5,Delivered
52295,20250531,1639,2076,3134,1,305.38,57.82,0.0,50,3.8,Delivered
52296,20240904,1771,2087,3066,2,490.21,61.38,130.11,24,4.1,Delivered
52297,20241229,1480,2080,3086,4,1838.2,37.15,151.13,31,3.3,Delivered
52298,20241116,1707,2099,3129,1,223.77,67.94,83.2,40,3.9,Delivered
52299,20250924,1527,2057,3027,3,863.98,29.32,122.38,41,3.3,Delivered
52300,20241012,1012,2014,3030,2,1790.13,77.55,0.0,33,4.7,Delivered
52301,20240528,1096,2010,3135,4,1542.05,78.53,192.82,34,4.0,Delivered
52302,20240324,1290,2113,3117,5,2346.98,52.55,57.88,63,3.2,Delivered
52303,20250209,1039,2081,3131,3,1365.29,41.86,0.0,26,,Cancelled
52304,20250331,1555,2030,3081,4,1580.97,22.14,0.0,61,3.8,Delivered
52305,20240609,1496,2035,3074,2,1426.04,26.66,221.44,32,4.4,Delivered
52306,20250404,1373,2077,3018,5,2403.19,72.03,0.0,26,4.2,Delivered
52307,20250703,1702,2054,3046,3,1433.44,15.28,0.0,27,3.6,Delivered
52308,20250514,1444,2003,3026,4,1984.41,70.55,246.31,60,3.0,Delivered
52309,20250523,1411,2059,3022,3,2638.05,72.02,186.3,41,4.0,Delivered
52310,20251015,1538,2043,3073,1,494.22,49.43,66.83,23,4.1,Delivered
52311,20250425,1115,2111,3146,2,1461.26,72.25,64.41,62,4.1,Delivered
52312,20251024,1683,2089,3003,3,1162.48,41.01,0.0,64,3.8,Delivered
52313,20240423,1210,2077,3135,4,2490.42,65.95,174.31,51,3.0,Delivered
52314,20250731,1627,2049,3009,1,891.33,16.76,223.15,21,4.4,Delivered
52315,20241226,1227,2117,3012,5,1845.67,68.11,0.0,52,5.0,Delivered
52316,20241206,1116,2058,3062,2,934.29,16.49,123.81,50,5.0,Delivered
52317,20250324,1754,2058,3073,5,3019.7,20.58,134.72,31,4.7,Delivered
52318,20240628,1040,2097,3135,3,1814.83,74.54,0.0,26,5.0,Delivered
52319,20251202,1273,2052,3126,4,1439.8,71.36,0.0,27,3.7,Delivered
52320,20250210,1536,2022,3092,1,831.07,68.62,0.0,18,4.8,Delivered
52321,20251027,1161,2090,3117,3,1330.88,49.49,129.29,62,4.3,Delivered
52322,20240714,1458,2109,3045,5,4041.66,48.12,69.85,58,4.5,Delivered
52323,20250410,1777,2028,3006,3,1024.38,32.68,0.0,22,3.8,Delivered
52324,20241106,1234,2041,3082,5,2024.74,27.41,178.03,58,3.5,Delivered
52325,20240918,1197,2065,3017,2,1015.97,18.25,0.0,20,3.0,Delivered
52326,20250222,1036,2118,3146,4,2148.96,22.15,0.0,46,3.1,Delivered
52327,20250209,1257,2109,3136,5,889.51,57.71,224.37,43,4.1,Delivered
52328,20240522,1591,2013,3036,5,3171.89,43.34,66.97,24,4.9,Delivered
52329,20241207,1574,2002,3085,4,3542.86,20.54,0.0,54,4.7,Delivered
52330,20241111,1257,2112,3100,4,1668.74,58.16,189.24,28,4.0,Delivered
52331,20240410,1039,2064,3150,1,689.56,78.64,0.0,31,3.5,Delivered
52332,20240831,1633,2005,3045,5,1001.15,60.86,0.0,52,3.7,Delivered
52333,20250504,1330,2050,3138,2,1781.08,64.47,153.06,28,3.8,Delivered
52334,20240112,1123,2065,3006,2,441.4,36.78,228.25,20,3.7,Delivered
52335,20240826,1021,2095,3147,3,2540.32,71.49,118.38,18,4.6,Delivered
52336,20250714,1615,2118,3099,1,263.72,73.56,0.0,47,4.5,Delivered
52337,20240211,1363,2033,3083,4,2377.58,35.58,0.0,58,4.5,Delivered
52338,20251108,1693,2058,3056,1,273.45,76.32,48.93,45,3.5,Delivered
52339,20250816,1702,2013,3022,5,2501.68,49.79,63.8,54,3.3,Delivered
52340,20250304,1580,2106,3010,1,629.18,71.23,0.0,28,,Cancelled
52341,20240606,1578,2051,3123,4,2007.43,22.54,231.57,50,3.6,Delivered
52342,20240803,1038,2062,3123,4,2557.42,65.72,0.0,21,4.8,Delivered
52343,20251031,1156,2054,3045,2,409.78,33.11,210.27,30,3.6,Delivered
52344,20250406,1067,2055,3133,2,1632.67,57.81,0.0,62,5.0,Delivered
52345,20240513,1394,2075,3082,1,718.04,73.71,211.87,25,4.2,Delivered
52346,20240307,1570,2045,3149,4,925.01,37.74,103.9,43,3.9,Delivered
52347,20240107,1449,2041,3069,3,541.56,49.06,160.16,33,4.6,Delivered
52348,20250609,1345,2098,3072,1,163.1,75.85,0.0,36,,Cancelled
52349,20240313,1529,2074,3070,4,2646.45,55.57,103.84,62,4.7,Delivered
52350,20250202,1625,2058,3021,5,1034.77,60.72,79.43,47,4.4,Delivered
52351,20250208,1135,2049,3111,4,2615.29,36.75,116.91,58,3.2,Delivered
52352,20251105,1758,2085,3008,3,533.57,40.8,0.0,27,3.1,Delivered
52353,20250731,1796,2016,3047,1,250.91,28.58,100.19,34,4.8,Delivered
52354,20240509,1342,2099,3010,5,2458.93,29.34,147.95,36,4.4,Delivered
52355,20250410,1370,2003,3135,3,1556.99,33.44,0.0,43,3.2,Delivered
52356,20240724,1131,2088,3046,3,1314.91,75.07,243.17,58,3.6,Delivered
52357,20240922,1061,2018,3013,2,1518.47,76.26,0.0,49,4.6,Delivered
52358,20250620,1272,2114,3133,4,1869.85,35.17,53.64,52,4.7,Delivered
52359,20240909,1244,2068,3038,5,4131.16,23.35,247.36,18,3.1,Delivered
52360,20241015,1434,2037,3103,2,331.19,34.77,0.0,65,3.0,Delivered
52361,20240612,1568,2077,3048,1,591.92,28.55,0.0,27,3.2,Delivered
52362,20240404,1617,2067,3059,2,1394.45,27.88,222.19,33,3.8,Delivered
52363,20240419,1589,2089,3127,2,872.08,28.05,183.94,18,3.1,Delivered
52364,20241201,1567,2052,3129,1,592.0,30.26,141.05,53,3.2,Delivered
52365,20240825,1383,2089,3085,1,757.16,77.87,91.24,29,5.0,Delivered
52366,20250115,1510,2097,3115,2,803.88,50.34,0.0,56,4.2,Delivered
52367,20250311,1437,2057,3049,1,616.23,60.91,72.93,58,3.8,Delivered
52368,20250427,1067,2035,3129,2,1455.47,56.78,110.6,50,3.2,Delivered
52369,20240125,1029,2049,3033,2,1311.57,70.45,0.0,54,3.9,Delivered
52370,20251014,1119,2104,3133,3,2180.48,74.24,214.76,32,4.7,Delivered
52371,20240426,1327,2002,3134,1,177.25,28.79,100.24,65,4.7,Delivered
52372,20250426,1689,2111,3077,4,2091.58,47.75,0.0,26,4.2,Delivered
52373,20250126,1716,2019,3072,1,710.25,30.13,0.0,44,3.7,Delivered
52374,20250620,1165,2029,3128,1,718.1,42.76,43.88,62,4.0,Delivered
52375,20240319,1557,2067,3136,4,1794.39,50.28,226.53,31,3.5,Delivered
52376,20250802,1680,2001,3093,5,2722.37,20.71,0.0,59,4.6,Delivered
52377,20240621,1005,2089,3104,2,989.84,26.96,112.35,45,4.0,Delivered
52378,20240112,1081,2079,3137,5,791.97,56.83,0.0,23,,Cancelled
52379,20240507,1386,2115,3031,3,830.27,58.94,146.57,63,4.2,Delivered
52380,20250830,1007,2095,3003,4,1474.3,51.76,154.26,24,3.7,Delivered
52381,20240401,1755,2077,3073,4,2040.82,54.21,0.0,49,3.0,Delivered
52382,20251014,1010,2086,3050,2,1668.2,16.6,104.95,19,4.8,Delivered
52383,20250626,1122,2101,3001,3,730.8,65.75,121.39,39,4.2,Delivered
52384,20250615,1441,2097,3079,5,1012.39,76.69,209.28,40,3.7,Delivered
52385,20251019,1345,2023,3082,1,550.79,69.7,121.52,37,3.1,Delivered
52386,20250322,1702,2120,3067,3,2191.2,32.02,21.0,56,3.4,Delivered
52387,20250124,1017,2114,3136,4,2283.53,45.1,0.0,21,4.3,Delivered
52388,20251102,1316,2115,3040,2,1184.48,72.02,0.0,39,3.1,Delivered
52389,20240212,1721,2047,3140,5,2217.84,26.11,163.88,19,4.3,Delivered
52390,20240910,1473,2046,3117,3,785.78,27.29,0.0,56,3.2,Delivered
52391,20240509,1438,2065,3060,5,808.79,65.86,0.0,49,3.0,Delivered
52392,20240229,1324,2097,3046,2,1518.58,57.33,200.66,45,4.4,Delivered
52393,20251024,1294,2111,3066,5,2442.12,62.76,75.02,36,,Cancelled
52394,20250411,1292,2060,3007,3,1563.34,56.73,0.0,35,4.9,Delivered
52395,20241013,1484,2113,3014,5,2128.04,47.24,113.84,21,4.1,Delivered
52396,20250531,1336,2068,3105,4,2966.96,76.08,0.0,32,4.4,Delivered
52397,20250411,1516,2037,3129,3,1306.84,49.87,118.7,44,4.7,Delivered
52398,20241210,1511,2064,3129,2,1299.39,66.13,220.69,53,3.5,Delivered
52399,20251003,1232,2117,3057,3,1923.56,70.55,237.28,49,5.0,Delivered
52400,20250116,1195,2006,3065,3,1614.57,58.09,0.0,47,4.0,Delivered
52401,20251120,1615,2103,3033,1,843.23,25.34,0.0,59,4.6,Delivered
52402,20240909,1278,2109,3004,5,1569.16,30.85,0.0,64,4.2,Delivered
52403,20240225,1215,2044,3140,3,2399.67,62.06,0.0,37,3.1,Delivered
52404,20250407,1209,2045,3074,1,596.91,25.74,0.0,18,3.4,Delivered
52405,20250401,1227,2117,3093,2,1676.65,51.86,194.38,62,3.5,Delivered
52406,20240323,1460,2009,3065,4,3320.96,32.53,214.24,40,4.9,Delivered
52407,20240408,1010,2022,3047,1,331.27,23.95,0.0,53,,Cancelled
52408,20240528,1322,2002,3022,1,415.76,56.34,175.61,37,,Cancelled
52409,20241124,1598,2074,3149,1,643.45,28.63,0.0,32,3.3,Delivered
52410,20240604,1095,2089,3107,4,2389.88,59.5,197.51,32,4.2,Delivered
52411,20240708,1390,2120,3014,3,873.2,21.54,203.42,27,3.7,Delivered
52412,20250508,1673,2044,3075,1,356.08,27.0,0.0,47,3.3,Delivered
52413,20240919,1376,2117,3112,4,3121.48,58.41,0.0,25,4.0,Delivered
52414,20240320,1051,2016,3143,4,1270.33,37.76,64.26,36,3.2,Delivered
52415,20250203,1419,2089,3118,4,3530.4,55.68,203.58,55,3.2,Delivered
52416,20250831,1167,2025,3006,4,2596.69,38.24,0.0,61,3.9,Delivered
52417,20240916,1185,2048,3110,1,842.85,50.35,116.11,24,3.4,Delivered
52418,20250906,1099,2001,3122,4,1350.54,69.98,41.96,60,4.0,Delivered
52419,20250705,1509,2020,3096,4,2757.43,64.47,195.37,34,3.3,Delivered
52420,20240410,1746,2067,3067,4,686.24,78.42,0.0,59,3.3,Delivered
52421,20241224,1218,2091,3017,5,3080.39,20.45,33.62,45,4.6,Delivered
52422,20250114,1219,2099,3115,2,1684.42,43.33,157.47,49,,Cancelled
52423,20240808,1659,2077,3091,3,1205.07,68.4,183.82,52,4.6,Delivered
52424,20250223,1414,2091,3123,4,1922.14,26.26,0.0,31,3.5,Delivered
52425,20240503,1428,2016,3084,5,4199.09,47.64,0.0,23,4.3,Delivered
52426,20250225,1192,2106,3096,1,258.94,34.36,0.0,20,3.3,Delivered
52427,20240818,1773,2050,3022,2,1478.15,23.61,0.0,41,3.9,Delivered
52428,20251120,1106,2031,3150,4,1154.42,36.53,0.0,55,3.6,Delivered
52429,20240303,1542,2057,3144,3,886.69,28.2,39.57,37,4.8,Delivered
52430,20250429,1079,2057,3067,3,956.3,59.57,202.98,28,4.2,Delivered
52431,20250919,1535,2090,3074,4,956.11,41.52,0.0,61,4.9,Delivered
52432,20251203,1005,2117,3082,4,2414.87,37.08,109.66,22,3.4,Delivered
52433,20250727,1537,2039,3149,2,1063.85,54.93,0.0,65,4.0,Delivered
52434,20250427,1514,2048,3072,2,1530.15,50.75,0.0,43,3.2,Delivered
52435,20250602,1224,2051,3068,3,1445.97,46.46,0.0,19,4.1,Delivered
52436,20240603,1320,2116,3087,4,2061.97,70.28,0.0,65,4.5,Delivered
52437,20240401,1097,2042,3082,3,2392.62,18.32,0.0,29,4.6,Delivered
52438,20250609,1694,2063,3097,4,2827.2,51.07,139.77,20,4.5,Delivered
52439,20250330,1391,2007,3063,3,1885.39,35.55,0.0,43,3.8,Delivered
52440,20250820,1760,2117,3019,2,1272.86,65.76,0.0,31,4.4,Delivered
52441,20251006,1031,2086,3121,4,2638.26,61.21,0.0,27,3.8,Delivered
52442,20250524,1024,2029,3059,5,1110.97,50.71,0.0,26,3.1,Delivered
52443,20240701,1114,2007,3101,3,675.29,21.54,0.0,37,3.0,Delivered
52444,20250120,1169,2076,3119,2,1103.13,30.34,0.0,20,4.5,Delivered
52445,20250727,1139,2006,3147,1,811.11,62.04,174.59,58,3.8,Delivered
52446,20251231,1182,2068,3042,1,328.17,20.59,150.03,62,3.5,Delivered
52447,20250208,1711,2025,3002,4,2400.7,60.92,127.15,59,4.0,Delivered
52448,20240902,1288,2078,3105,1,182.06,60.42,0.0,24,4.9,Delivered
52449,20250813,1512,2050,3075,1,492.56,38.74,0.0,19,4.3,Delivered
52450,20251022,1617,2018,3148,5,1952.4,49.39,61.47,23,4.8,Delivered
52451,20251011,1127,2068,3015,5,3575.53,34.76,163.11,34,3.8,Delivered
52452,20250415,1226,2009,3105,4,1025.3,68.48,0.0,56,3.9,Delivered
52453,20250226,1745,2086,3063,1,327.25,22.56,122.61,61,3.8,Delivered
52454,20240305,1219,2107,3005,2,1569.69,21.93,0.0,65,4.7,Delivered
52455,20240113,1341,2019,3113,4,2231.71,47.14,0.0,47,4.1,Delivered
52456,20240731,1474,2104,3097,5,2541.85,25.78,85.89,26,4.3,Delivered
52457,20240829,1789,2093,3039,3,1951.24,66.18,0.0,42,3.8,Delivered
52458,20250507,1162,2008,3121,2,301.27,67.36,0.0,44,4.4,Delivered
52459,20240731,1399,2028,3056,2,1239.31,48.24,0.0,25,5.0,Delivered
52460,20251123,1561,2003,3065,4,1221.63,16.77,0.0,34,3.8,Delivered
52461,20241203,1540,2030,3148,5,2203.12,16.42,137.42,42,4.6,Delivered
52462,20240621,1432,2039,3065,2,304.48,59.39,0.0,59,4.5,Delivered
52463,20251102,1218,2100,3049,1,724.13,76.89,0.0,63,,Cancelled
52464,20240612,1074,2094,3012,5,1176.06,18.75,168.09,39,3.6,Delivered
52465,20250409,1239,2051,3081,1,830.88,59.56,31.47,55,4.1,Delivered
52466,20250511,1453,2117,3014,2,492.42,48.71,56.08,19,3.2,Delivered
52467,20251130,1048,2111,3035,5,3647.54,70.12,237.58,48,3.9,Delivered
52468,20250129,1119,2003,3059,5,3484.12,31.38,212.4,54,3.6,Delivered
52469,20251203,1754,2011,3036,5,2432.98,75.44,0.0,26,3.2,Delivered
52470,20241103,1463,2075,3147,3,1679.14,42.14,0.0,51,4.1,Delivered
52471,20240701,1755,2029,3147,5,3235.91,15.61,248.83,22,4.3,Delivered
52472,20250920,1107,2117,3069,3,1364.36,28.01,75.95,24,3.9,Delivered
52473,20250524,1180,2082,3083,3,2323.81,71.34,0.0,44,4.2,Delivered
52474,20251208,1716,2019,3126,5,2289.45,19.62,132.24,54,3.4,Delivered
52475,20250629,1063,2094,3082,5,3181.01,49.48,0.0,28,3.2,Delivered
52476,20250717,1299,2040,3097,2,1264.5,79.42,0.0,40,4.4,Delivered
52477,20250915,1049,2118,3125,2,472.38,27.64,71.01,25,3.5,Delivered
52478,20250816,1701,2055,3093,4,2441.76,17.38,0.0,20,4.2,Delivered
52479,20240814,1109,2020,3024,1,332.0,63.73,174.69,41,3.7,Delivered
52480,20250311,1221,2059,3010,2,812.62,71.39,116.85,61,4.2,Delivered
52481,20250225,1677,2094,3126,1,264.86,29.16,215.64,58,4.8,Delivered
52482,20250707,1267,2038,3114,3,688.14,54.01,0.0,65,4.1,Delivered
52483,20240121,1533,2078,3143,1,622.01,69.05,213.9,49,4.8,Delivered
52484,20250707,1744,2050,3134,1,764.18,41.38,248.04,20,4.1,Delivered
52485,20250131,1741,2008,3122,2,1157.17,68.61,0.0,64,3.5,Delivered
52486,20250916,1388,2110,3013,2,440.72,54.2,109.61,18,4.6,Delivered
52487,20240414,1209,2055,3001,5,2249.79,77.27,0.0,20,3.9,Delivered
52488,20240710,1367,2076,3119,3,1265.32,23.81,201.3,35,3.1,Delivered
52489,20240117,1440,2022,3020,5,3020.07,46.42,0.0,30,4.9,Delivered
52490,20240429,1450,2018,3079,1,463.9,28.4,0.0,57,4.9,Delivered
52491,20250127,1422,2048,3108,4,686.35,57.7,0.0,63,3.0,Delivered
52492,20250228,1189,2016,3096,2,758.44,62.77,169.6,35,4.2,Delivered
52493,20240508,1315,2046,3126,2,1516.14,30.97,34.11,64,3.6,Delivered
52494,20240509,1609,2091,3062,1,220.61,35.15,145.18,35,4.5,Delivered
52495,20250725,1242,2092,3131,5,4022.31,58.43,82.27,28,3.5,Delivered
52496,20250713,1605,2029,3123,3,466.48,37.82,0.0,23,4.5,Delivered
52497,20240129,1440,2119,3086,4,2572.11,32.81,0.0,57,3.6,Delivered
52498,20240406,1419,2097,3026,3,1563.73,60.93,64.25,30,3.6,Delivered
52499,20240110,1001,2100,3007,2,750.12,56.17,0.0,21,4.6,Delivered
52500,20240829,1332,2089,3087,4,3180.23,19.59,173.5,59,3.8,Delivered
52501,20240819,1665,2099,3041,5,1751.88,26.4,192.35,58,,Cancelled
52502,20241010,1147,2097,3132,2,1020.43,58.16,0.0,45,4.6,Delivered
52503,20251215,1297,2073,3143,5,2051.15,51.96,0.0,23,4.3,Delivered
52504,20251226,1694,2039,3143,5,3684.13,69.33,64.13,32,3.6,Delivered
52505,20240718,1719,2116,3022,3,1920.84,39.61,0.0,61,4.5,Delivered
52506,20240319,1402,2113,3130,3,1372.75,48.63,0.0,56,3.5,Delivered
52507,20240621,1292,2105,3067,2,1008.96,49.24,43.58,45,3.5,Delivered
52508,20250411,1376,2097,3055,1,530.8,33.72,0.0,36,4.1,Delivered
52509,20250803,1578,2035,3026,4,3431.33,37.33,237.28,46,3.7,Delivered
52510,20250219,1441,2090,3130,1,583.21,70.42,99.9,58,4.0,Delivered
52511,20250324,1243,2077,3034,5,4457.61,74.88,160.02,58,3.5,Delivered
52512,20240327,1738,2043,3056,4,3020.01,33.42,159.16,31,3.2,Delivered
52513,20240410,1567,2026,3050,4,1814.57,67.17,30.3,51,3.1,Delivered
52514,20240108,1409,2026,3053,5,3743.14,48.06,0.0,47,3.5,Delivered
52515,20240718,1398,2083,3111,3,2114.04,39.52,0.0,45,4.2,Delivered
52516,20250519,1427,2065,3112,5,2922.72,21.92,0.0,62,4.3,Delivered
52517,20240327,1325,2117,3002,4,2352.73,43.62,0.0,23,4.9,Delivered
52518,20240212,1528,2052,3094,2,1497.63,61.53,79.96,46,3.8,Delivered
52519,20250119,1678,2017,3024,3,1392.37,37.02,0.0,52,3.8,Delivered
52520,20250912,1371,2097,3123,1,664.67,31.95,108.4,64,3.4,Delivered
52521,20250310,1181,2064,3139,2,1754.49,78.92,104.63,54,3.0,Delivered
52522,20250211,1078,2044,3117,3,1179.46,65.8,229.15,44,4.2,Delivered
52523,20250427,1336,2022,3085,2,1026.71,61.28,0.0,34,4.6,Delivered
52524,20251025,1695,2031,3004,4,816.3,25.91,211.23,39,3.2,Delivered
52525,20240117,1317,2112,3078,1,783.36,59.36,96.0,33,4.7,Delivered
52526,20251006,1763,2033,3100,4,1883.5,69.01,0.0,50,,Cancelled
52527,20240527,1684,2112,3030,1,621.89,57.04,0.0,54,4.5,Delivered
52528,20241003,1055,2002,3041,5,4005.65,48.29,0.0,32,4.7,Delivered
52529,20240819,1685,2067,3077,1,727.34,50.7,0.0,42,3.2,Delivered
52530,20241231,1740,2090,3104,5,3181.96,74.84,0.0,41,4.7,Delivered
52531,20240815,1685,2096,3084,4,1979.0,18.17,140.56,31,3.8,Delivered
52532,20251012,1685,2031,3133,1,859.02,34.76,0.0,36,4.2,Delivered
52533,20250311,1800,2036,3094,4,2126.01,61.72,157.48,32,3.1,Delivered
52534,20250202,1282,2090,3013,2,594.26,20.77,105.28,63,4.8,Delivered
52535,20240729,1197,2079,3020,4,3248.39,34.59,212.79,40,4.8,Delivered
52536,20250125,1759,2077,3149,2,1312.8,76.31,0.0,46,4.4,Delivered
52537,20250513,1115,2101,3026,5,3053.45,54.35,229.18,49,4.0,Delivered
52538,20250623,1566,2066,3139,3,1829.87,76.16,177.35,50,3.3,Delivered
52539,20250716,1381,2080,3027,3,2358.99,31.49,122.61,19,,Cancelled
52540,20250505,1083,2013,3038,2,1014.3,33.29,127.12,34,3.0,Delivered
52541,20250317,1445,2110,3065,4,1863.75,43.93,0.0,30,3.2,Delivered
52542,20240917,1387,2027,3142,4,2899.59,55.43,0.0,21,4.3,Delivered
52543,20241215,1286,2008,3113,1,578.23,41.59,0.0,43,4.0,Delivered
52544,20241217,1655,2048,3142,2,1417.3,49.15,0.0,39,3.8,Delivered
52545,20250603,1697,2085,3008,2,812.93,58.99,0.0,44,3.1,Delivered
52546,20241115,1584,2056,3075,1,796.28,70.61,28.47,54,3.1,Delivered
52547,20240517,1781,2071,3019,2,1522.4,38.51,154.53,44,4.2,Delivered
52548,20250703,1666,2020,3137,5,2631.99,35.43,0.0,23,3.2,Delivered
52549,20250914,1767,2075,3003,3,1580.36,75.39,0.0,43,3.6,Delivered
52550,20250102,1243,2029,3136,3,1508.36,56.78,0.0,59,4.0,Delivered
52551,20240807,1526,2041,3013,1,360.5,40.99,126.16,59,4.7,Delivered
52552,20241202,1171,2084,3072,5,4070.39,39.24,0.0,26,3.7,Delivered
52553,20240810,1691,2008,3146,5,2948.13,19.41,23.86,63,3.5,Delivered
52554,20251009,1082,2061,3007,2,305.41,47.26,61.51,36,3.6,Delivered
52555,20241225,1112,2048,3048,4,2641.23,74.45,0.0,22,3.7,Delivered
52556,20241124,1592,2031,3120,2,1613.51,35.04,0.0,37,3.5,Delivered
52557,20250407,1033,2053,3115,5,2965.43,63.14,40.77,39,3.9,Delivered
52558,20250714,1003,2059,3004,3,2312.13,32.06,0.0,24,4.8,Delivered
52559,20250116,1772,2066,3009,2,1674.49,56.93,71.96,40,,Cancelled
52560,20250812,1657,2006,3097,5,4184.16,41.41,176.85,37,4.7,Delivered
52561,20250908,1788,2043,3027,4,1507.34,74.71,66.87,22,3.4,Delivered
52562,20240617,1043,2015,3094,2,833.01,76.4,0.0,44,4.1,Delivered
52563,20240804,1520,2108,3089,1,411.95,65.43,238.7,41,4.4,Delivered
52564,20250112,1508,2072,3113,4,2251.13,67.44,95.41,21,4.0,Delivered
52565,20240428,1413,2051,3021,1,837.51,39.38,243.36,41,4.7,Delivered
52566,20240708,1408,2002,3009,1,432.59,28.98,99.39,31,,Cancelled
52567,20250104,1660,2041,3036,1,590.7,52.18,91.54,53,4.5,Delivered
52568,20240528,1548,2043,3073,1,894.56,31.78,0.0,42,3.3,Delivered
52569,20251106,1150,2001,3069,5,4432.61,21.68,59.8,56,4.1,Delivered
52570,20251013,1230,2017,3072,2,1767.11,62.81,214.81,24,4.0,Delivered
52571,20250502,1608,2070,3084,2,1008.27,20.67,0.0,64,3.4,Delivered
52572,20250108,1740,2085,3037,1,399.26,70.18,0.0,22,3.1,Delivered
52573,20251123,1734,2106,3149,1,756.35,49.63,0.0,60,4.8,Delivered
52574,20240608,1169,2056,3042,5,4499.31,50.69,0.0,60,3.6,Delivered
52575,20241216,1770,2025,3136,4,2824.27,67.01,0.0,38,,Cancelled
52576,20241014,1608,2087,3113,3,719.28,53.85,148.42,24,4.9,Delivered
52577,20241014,1077,2117,3021,5,1750.88,59.49,0.0,57,4.6,Delivered
52578,20240813,1466,2077,3057,1,464.51,39.86,44.07,59,4.2,Delivered
52579,20250606,1631,2120,3052,1,194.16,60.65,193.36,51,3.3,Delivered
52580,20250605,1146,2041,3140,3,751.49,24.19,0.0,50,3.3,Delivered
52581,20240929,1691,2002,3010,1,624.61,41.14,134.82,59,4.7,Delivered
52582,20250205,1751,2025,3034,5,3671.61,27.58,0.0,35,4.6,Delivered
52583,20240701,1371,2085,3136,1,709.32,24.04,22.56,58,4.9,Delivered
52584,20251026,1637,2062,3150,3,1557.62,44.63,194.81,63,3.3,Delivered
52585,20250502,1468,2043,3043,1,870.12,32.38,172.03,39,4.5,Delivered
52586,20240503,1029,2066,3120,3,2261.39,24.41,148.0,40,3.7,Delivered
52587,20250917,1031,2034,3128,1,398.39,67.18,249.05,19,3.3,Delivered
52588,20250217,1767,2036,3101,5,2247.88,50.91,0.0,29,4.7,Delivered
52589,20251225,1388,2013,3012,3,478.79,72.62,200.13,34,4.6,Delivered
52590,20240620,1547,2048,3110,5,4372.65,31.72,29.58,23,4.9,Delivered
52591,20241014,1328,2090,3110,5,2643.97,31.87,120.2,20,3.8,Delivered
52592,20250310,1163,2119,3071,3,1420.68,46.99,50.94,50,3.9,Delivered
52593,20251116,1399,2084,3134,4,1642.78,54.87,180.37,33,3.8,Delivered
52594,20240422,1239,2004,3068,1,462.52,69.82,49.43,19,5.0,Delivered
52595,20240501,1790,2113,3123,2,1134.02,69.0,0.0,35,3.9,Delivered
52596,20250627,1534,2080,3110,1,715.25,16.08,0.0,39,4.4,Delivered
52597,20240809,1271,2017,3009,3,2377.89,64.74,139.84,64,3.3,Delivered
52598,20250922,1034,2042,3073,5,1836.93,22.93,36.89,47,4.5,Delivered
52599,20240208,1399,2095,3045,3,975.06,53.25,121.31,23,,Cancelled
52600,20250511,1724,2053,3058,4,2022.7,36.54,167.11,32,4.5,Delivered
52601,20240820,1220,2035,3019,4,623.48,64.34,148.02,43,4.1,Delivered
52602,20250613,1761,2073,3106,4,3104.14,24.7,96.3,28,4.3,Delivered
52603,20240528,1136,2003,3074,5,3238.31,73.91,0.0,63,3.0,Delivered
52604,20250131,1254,2008,3043,1,545.21,17.71,0.0,50,3.9,Delivered
52605,20251022,1050,2015,3059,3,1983.39,41.62,211.31,49,4.2,Delivered
52606,20250929,1796,2043,3047,4,1435.63,78.28,0.0,64,3.7,Delivered
52607,20241028,1142,2064,3106,5,2531.04,56.35,0.0,23,3.6,Delivered
52608,20241225,1758,2002,3051,3,1988.28,25.31,183.1,50,4.0,Delivered
52609,20240825,1285,2001,3143,5,3407.02,59.58,0.0,63,4.9,Delivered
52610,20251008,1346,2082,3025,4,2651.71,43.84,0.0,25,4.3,Delivered
52611,20251024,1553,2034,3004,5,3070.57,32.43,0.0,44,3.6,Delivered
52612,20240823,1492,2113,3105,3,2201.96,54.74,120.24,46,3.9,Delivered
52613,20240721,1441,2117,3131,1,835.14,37.81,31.46,50,3.1,Delivered
52614,20240912,1629,2035,3090,1,447.0,64.31,0.0,38,4.3,Delivered
52615,20250820,1690,2004,3066,2,558.83,33.25,0.0,52,3.4,Delivered
52616,20251023,1344,2062,3024,5,1377.72,51.9,107.76,51,3.9,Delivered
52617,20240822,1355,2049,3105,1,866.19,78.1,205.03,35,3.4,Delivered
52618,20241210,1787,2022,3060,3,1695.48,71.58,36.56,46,3.7,Delivered
52619,20250617,1527,2041,3088,5,2246.74,75.36,246.96,38,3.8,Delivered
52620,20250410,1263,2023,3125,1,408.79,17.66,154.73,45,3.5,Delivered
52621,20250624,1289,2115,3145,4,2498.98,55.89,0.0,65,4.9,Delivered
52622,20240731,1554,2097,3129,3,1854.11,24.96,34.48,51,3.7,Delivered
52623,20250407,1335,2112,3097,4,2816.66,47.59,0.0,65,5.0,Delivered
52624,20250311,1692,2035,3119,3,2632.16,57.19,186.21,60,3.5,Delivered
52625,20241009,1325,2090,3145,1,655.18,50.69,124.42,23,3.8,Delivered
52626,20250715,1308,2066,3029,4,1379.46,46.05,0.0,50,4.5,Delivered
52627,20250829,1392,2010,3104,1,484.36,69.03,160.19,39,4.6,Delivered
52628,20250407,1769,2025,3069,5,3363.63,19.2,235.78,48,3.1,Delivered
52629,20250210,1224,2094,3088,5,3290.95,34.94,0.0,28,4.3,Delivered
52630,20240328,1524,2089,3129,4,3352.96,64.36,0.0,33,4.3,Delivered
52631,20240213,1135,2004,3127,5,2534.51,39.65,0.0,38,3.1,Delivered
52632,20250405,1738,2044,3017,1,421.23,57.16,89.69,63,4.7,Delivered
52633,20241004,1187,2015,3029,2,1775.99,47.02,119.34,39,4.6,Delivered
52634,20251113,1022,2023,3054,2,1726.12,32.27,186.96,57,3.1,Delivered
52635,20250224,1477,2016,3069,4,3439.83,22.32,0.0,31,3.9,Delivered
52636,20251201,1670,2052,3120,1,895.58,76.73,0.0,59,3.9,Delivered
52637,20241218,1730,2036,3047,2,1449.75,58.11,0.0,60,4.1,Delivered
52638,20251126,1405,2018,3149,2,559.42,47.53,236.79,43,3.4,Delivered
52639,20250529,1021,2001,3143,3,1908.36,21.19,188.18,52,4.3,Delivered
52640,20251203,1529,2109,3059,4,1241.99,70.95,0.0,52,3.7,Delivered
52641,20250921,1595,2011,3124,5,816.2,66.07,198.31,40,4.2,Delivered
52642,20240119,1262,2006,3006,4,1686.38,41.16,135.36,27,4.8,Delivered
52643,20240123,1629,2048,3007,3,1863.16,25.9,0.0,31,4.3,Delivered
52644,20250216,1641,2086,3027,3,1449.09,31.36,89.13,55,,Cancelled
52645,20240130,1711,2025,3131,4,2500.8,47.03,42.08,55,4.6,Delivered
52646,20240417,1097,2051,3017,2,1761.29,35.76,0.0,39,,Cancelled
52647,20250101,1685,2095,3101,5,3423.25,61.4,0.0,43,3.9,Delivered
52648,20241007,1186,2059,3123,2,1212.72,44.91,0.0,57,4.3,Delivered
52649,20240507,1054,2085,3102,1,718.48,39.91,0.0,54,3.5,Delivered
52650,20240816,1117,2069,3045,1,516.66,76.37,119.47,38,3.2,Delivered
52651,20240420,1114,2030,3037,2,464.76,65.74,203.57,60,4.6,Delivered
52652,20240515,1195,2025,3119,5,2340.83,79.88,0.0,45,3.5,Delivered
52653,20241227,1261,2025,3049,3,2032.27,18.76,0.0,26,4.1,Delivered
52654,20240704,1006,2071,3138,3,2202.95,37.45,0.0,24,4.2,Delivered
52655,20251017,1224,2049,3145,1,354.08,70.72,30.84,28,3.6,Delivered
52656,20250806,1110,2042,3044,5,1600.17,29.63,113.19,48,4.5,Delivered
52657,20240508,1553,2119,3050,4,1924.89,60.14,0.0,51,,Cancelled
52658,20240917,1564,2059,3109,2,1355.39,15.72,216.46,21,4.3,Delivered
52659,20250529,1467,2043,3109,2,1506.89,38.71,0.0,27,3.1,Delivered
52660,20250324,1607,2076,3067,2,1761.46,58.51,98.82,33,3.9,Delivered
52661,20240413,1156,2014,3018,5,4297.41,24.2,182.73,50,4.0,Delivered
52662,20250427,1155,2035,3060,4,3416.92,58.69,43.85,30,3.3,Delivered
52663,20240811,1074,2004,3015,3,1859.9,67.33,58.27,23,4.2,Delivered
52664,20250505,1467,2106,3143,5,2878.53,67.65,245.04,37,4.5,Delivered
52665,20250417,1179,2114,3072,3,1465.89,39.54,80.74,41,3.4,Delivered
52666,20240110,1113,2107,3129,3,1080.37,21.34,0.0,62,4.7,Delivered
52667,20250208,1159,2116,3012,3,641.99,48.23,107.87,19,3.3,Delivered
52668,20241028,1030,2004,3007,2,1128.93,59.85,169.06,31,4.9,Delivered
52669,20240818,1092,2098,3003,4,2138.97,73.36,199.47,49,3.5,Delivered
52670,20251231,1107,2117,3134,2,548.72,48.94,0.0,30,3.5,Delivered
52671,20240306,1358,2101,3091,1,824.55,50.21,0.0,42,3.0,Delivered
52672,20240421,1503,2011,3150,4,3235.35,74.02,0.0,20,3.0,Delivered
52673,20240113,1573,2069,3088,4,2584.2,50.33,0.0,47,4.5,Delivered
52674,20250127,1628,2058,3021,3,455.81,69.49,116.85,58,4.9,Delivered
52675,20250514,1533,2041,3031,4,1041.85,48.55,84.85,53,3.6,Delivered
52676,20250820,1247,2106,3097,5,2212.24,72.59,0.0,60,4.7,Delivered
52677,20240821,1673,2029,3076,3,2240.65,34.4,0.0,55,3.8,Delivered
52678,20250824,1401,2005,3080,3,2065.33,59.31,0.0,42,3.5,Delivered
52679,20241109,1516,2050,3098,5,874.46,46.63,149.85,18,3.3,Delivered
52680,20250719,1366,2061,3028,1,678.88,23.02,157.12,22,3.7,Delivered
52681,20240112,1713,2005,3017,5,1124.4,52.67,111.33,47,,Cancelled
52682,20240727,1127,2072,3009,4,1431.82,31.03,0.0,56,4.8,Delivered
52683,20240114,1287,2008,3088,2,1471.44,66.73,0.0,26,3.8,Delivered
52684,20250924,1318,2017,3081,1,562.8,32.96,0.0,18,4.7,Delivered
52685,20250221,1107,2002,3055,5,1619.64,30.0,0.0,50,3.4,Delivered
52686,20250312,1412,2037,3112,5,3145.42,30.56,0.0,38,4.0,Delivered
52687,20250111,1732,2080,3065,3,2516.12,59.87,0.0,40,4.8,Delivered
52688,20240120,1380,2085,3138,1,378.19,24.79,228.69,52,3.2,Delivered
52689,20250809,1021,2020,3015,3,1277.2,46.34,238.85,55,3.4,Delivered
52690,20240310,1343,2109,3120,5,2451.73,70.71,133.34,62,3.1,Delivered
52691,20240729,1649,2082,3039,4,2100.95,34.73,228.74,26,4.9,Delivered
52692,20240410,1389,2061,3056,4,614.44,50.16,0.0,32,4.3,Delivered
52693,20251128,1234,2069,3089,5,1952.85,31.83,0.0,53,4.7,Delivered
52694,20240511,1368,2106,3138,4,1994.36,15.61,173.46,35,3.6,Delivered
52695,20250914,1496,2066,3062,5,3746.39,69.73,124.66,23,3.9,Delivered
52696,20250115,1346,2041,3060,2,366.91,66.43,0.0,65,4.5,Delivered
52697,20240511,1659,2043,3134,3,2502.92,32.16,246.24,39,3.0,Delivered
52698,20240120,1221,2112,3133,5,1803.4,34.73,0.0,46,3.4,Delivered
52699,20250619,1053,2011,3062,1,556.05,70.67,0.0,36,3.1,Delivered
52700,20240814,1023,2094,3052,5,3672.94,68.15,154.25,63,4.6,Delivered
52701,20240602,1558,2085,3084,4,3095.87,76.97,0.0,54,3.6,Delivered
52702,20250413,1047,2071,3052,4,1686.17,37.19,0.0,27,4.6,Delivered
52703,20250208,1024,2006,3089,2,549.63,47.95,0.0,35,,Cancelled
52704,20240720,1174,2052,3064,1,718.66,31.76,153.39,61,4.7,Delivered
52705,20240207,1342,2120,3059,4,634.22,62.38,119.79,29,4.9,Delivered
52706,20240706,1438,2076,3125,4,803.04,65.82,139.46,48,4.5,Delivered
52707,20240226,1486,2089,3047,4,3249.46,39.35,0.0,20,3.4,Delivered
52708,20240120,1460,2059,3044,5,4099.05,47.31,0.0,55,4.5,Delivered
52709,20240929,1015,2076,3105,4,809.28,43.46,0.0,33,,Cancelled
52710,20240428,1051,2029,3034,1,247.51,57.94,0.0,20,4.9,Delivered
52711,20250805,1636,2070,3077,2,731.13,76.21,0.0,33,3.3,Delivered
52712,20250530,1635,2102,3070,5,2960.2,16.47,0.0,43,4.8,Delivered
52713,20240808,1230,2029,3108,4,2298.0,59.2,244.09,18,3.7,Delivered
52714,20250609,1241,2032,3090,2,586.09,36.0,120.66,26,3.2,Delivered
52715,20250529,1591,2120,3042,5,2038.63,17.15,130.95,42,3.5,Delivered
52716,20251228,1407,2104,3102,5,4071.68,46.13,0.0,39,3.2,Delivered
52717,20241201,1361,2045,3104,5,3119.07,15.64,195.87,28,4.9,Delivered
52718,20251128,1528,2034,3146,2,1094.11,43.86,0.0,37,,Cancelled
52719,20240224,1404,2092,3002,3,1199.3,78.11,26.87,45,4.3,Delivered
52720,20250514,1119,2110,3094,4,2233.07,29.86,0.0,55,,Cancelled
52721,20250619,1191,2014,3111,2,483.51,17.22,224.17,23,4.4,Delivered
52722,20240610,1177,2002,3105,3,1710.41,76.84,241.83,54,4.1,Delivered
52723,20251031,1534,2102,3142,4,2297.58,72.56,0.0,49,4.6,Delivered
52724,20250816,1496,2094,3134,1,338.7,38.55,0.0,44,4.6,Delivered
52725,20240607,1502,2002,3021,4,3347.14,22.47,0.0,18,4.5,Delivered
52726,20240706,1761,2026,3131,5,2837.65,36.07,0.0,62,4.1,Delivered
52727,20240229,1113,2013,3020,3,1211.57,24.56,38.24,28,4.3,Delivered
52728,20241114,1215,2043,3126,1,211.7,38.83,0.0,35,3.6,Delivered
52729,20240729,1409,2119,3057,4,2458.54,18.61,171.47,35,3.3,Delivered
52730,20250209,1079,2082,3014,4,1558.61,38.11,190.14,43,4.1,Delivered
52731,20251025,1246,2092,3014,3,1070.49,61.89,0.0,21,4.8,Delivered
52732,20240418,1099,2001,3001,3,1107.8,27.26,144.86,18,3.7,Delivered
52733,20240316,1034,2035,3004,4,1025.28,40.86,74.72,63,3.9,Delivered
52734,20250625,1676,2070,3058,1,798.32,24.98,97.18,26,3.2,Delivered
52735,20241109,1416,2055,3103,5,2033.4,44.92,181.85,24,4.4,Delivered
52736,20240426,1720,2005,3067,5,2371.07,46.42,160.14,26,3.3,Delivered
52737,20251204,1116,2018,3120,1,578.59,25.06,30.63,64,3.3,Delivered
52738,20240119,1250,2108,3112,2,1357.55,15.24,0.0,35,4.7,Delivered
52739,20250307,1473,2078,3136,4,2356.47,21.7,136.27,52,,Cancelled
52740,20251115,1143,2029,3067,3,2507.59,69.75,0.0,56,3.2,Delivered
52741,20241215,1516,2079,3021,5,1368.28,36.73,24.46,47,4.7,Delivered
52742,20240701,1553,2068,3019,3,2508.17,68.74,88.78,55,3.8,Delivered
52743,20240422,1743,2043,3063,3,1802.9,60.05,138.94,29,4.2,Delivered
52744,20240701,1404,2034,3031,4,2782.85,43.23,74.2,47,4.8,Delivered
52745,20250425,1330,2116,3107,3,1118.4,72.42,0.0,37,3.9,Delivered
52746,20240525,1622,2025,3139,4,1094.37,45.98,0.0,39,4.5,Delivered
52747,20250919,1598,2082,3082,3,951.3,17.8,139.26,28,4.1,Delivered
52748,20240422,1064,2072,3087,2,705.32,34.29,0.0,36,4.7,Delivered
52749,20250420,1567,2072,3117,1,619.86,15.62,185.83,22,3.7,Delivered
52750,20241029,1129,2037,3137,2,1016.82,41.36,49.31,62,4.4,Delivered
52751,20240427,1455,2001,3099,2,488.84,17.15,0.0,44,3.5,Delivered
52752,20240609,1624,2034,3052,5,3601.78,68.96,0.0,21,4.4,Delivered
52753,20250204,1146,2009,3004,2,1000.14,63.89,45.01,29,3.8,Delivered
52754,20240716,1087,2062,3009,1,343.97,52.15,0.0,18,4.3,Delivered
52755,20240916,1542,2069,3133,5,1747.11,29.13,231.23,39,5.0,Delivered
52756,20251021,1588,2003,3015,3,1458.84,50.02,0.0,33,4.9,Delivered
52757,20240216,1089,2016,3128,3,1837.03,46.28,177.41,48,3.2,Delivered
52758,20250202,1174,2034,3026,3,1010.69,25.8,156.88,28,3.9,Delivered
52759,20251210,1573,2069,3123,2,904.03,24.31,22.44,54,3.1,Delivered
52760,20250712,1579,2028,3150,1,474.24,71.2,0.0,59,3.3,Delivered
52761,20240318,1026,2082,3108,5,2583.34,35.68,213.67,60,4.4,Delivered
52762,20240503,1367,2038,3123,3,846.08,47.03,0.0,27,4.5,Delivered
52763,20240315,1292,2056,3118,4,1928.62,76.5,103.65,32,3.6,Delivered
52764,20240516,1794,2119,3036,2,1325.86,35.77,0.0,31,4.3,Delivered
52765,20250824,1664,2056,3149,2,1486.78,45.47,0.0,62,3.9,Delivered
52766,20250203,1658,2117,3079,2,1540.85,29.39,0.0,19,3.5,Delivered
52767,20250519,1134,2071,3028,3,1009.24,18.28,226.57,32,3.2,Delivered
52768,20250514,1136,2107,3120,2,528.79,16.41,194.38,54,3.4,Delivered
52769,20250726,1505,2006,3088,4,1071.85,36.07,0.0,22,3.3,Delivered
52770,20240517,1444,2099,3031,2,789.98,20.84,208.34,40,4.7,Delivered
52771,20240219,1303,2008,3002,1,752.98,79.85,0.0,21,3.3,Delivered
52772,20250910,1362,2085,3094,3,2579.18,53.59,0.0,28,3.7,Delivered
52773,20250916,1308,2049,3147,1,248.7,17.31,73.49,49,3.2,Delivered
52774,20240910,1346,2112,3078,1,783.36,72.59,209.13,19,4.5,Delivered
52775,20250921,1176,2017,3050,3,1825.29,19.44,78.4,63,3.2,Delivered
52776,20251210,1605,2043,3134,4,3174.96,22.88,92.23,43,3.5,Delivered
52777,20250716,1407,2087,3078,5,3119.26,30.99,0.0,45,3.8,Delivered
52778,20250301,1020,2086,3091,1,653.51,72.97,220.7,63,3.6,Delivered
52779,20250630,1355,2102,3056,1,805.5,19.76,0.0,20,3.1,Delivered
52780,20241028,1002,2047,3112,5,2858.91,58.4,108.64,44,3.9,Delivered
52781,20250803,1536,2086,3109,1,379.55,42.46,177.74,50,4.5,Delivered
52782,20241214,1580,2016,3084,1,231.98,64.03,0.0,64,3.1,Delivered
52783,20240218,1437,2112,3049,2,1199.84,47.55,131.69,24,3.4,Delivered
52784,20240314,1544,2060,3129,3,2248.31,40.08,226.04,33,3.2,Delivered
52785,20251204,1447,2028,3035,5,2524.25,49.28,0.0,61,3.8,Delivered
52786,20240917,1199,2103,3077,5,921.55,53.43,0.0,39,,Cancelled
52787,20241221,1369,2009,3014,5,2761.14,49.06,56.87,18,3.3,Delivered
52788,20250804,1349,2066,3131,4,1069.78,51.01,20.41,61,4.7,Delivered
52789,20250824,1238,2051,3065,4,1063.01,42.3,0.0,19,3.4,Delivered
52790,20240916,1432,2054,3013,1,869.57,54.24,71.05,51,4.2,Delivered
52791,20250929,1740,2002,3142,5,2142.11,33.46,0.0,53,3.9,Delivered
52792,20241021,1612,2054,3099,1,345.16,76.35,130.59,42,4.4,Delivered
52793,20251002,1355,2005,3079,4,1717.72,46.94,0.0,24,3.6,Delivered
52794,20241108,1329,2006,3126,4,736.3,68.37,173.83,31,,Cancelled
52795,20250903,1231,2116,3146,2,1689.19,55.68,0.0,46,4.9,Delivered
52796,20240630,1152,2044,3140,1,689.82,77.49,50.98,45,4.6,Delivered
52797,20251116,1663,2069,3130,2,1455.8,30.73,181.81,61,3.8,Delivered
52798,20241229,1581,2006,3068,5,2553.87,42.02,0.0,41,4.0,Delivered
52799,20240706,1454,2117,3147,2,318.92,18.74,0.0,41,,Cancelled
52800,20250722,1384,2080,3109,3,1208.28,37.24,0.0,55,,Cancelled
52801,20250626,1103,2086,3065,5,4475.73,53.1,185.58,53,4.1,Delivered
52802,20250818,1134,2031,3112,4,1804.38,46.09,125.4,37,3.8,Delivered
52803,20251025,1510,2085,3079,1,301.65,49.2,0.0,60,3.1,Delivered
52804,20250701,1482,2113,3121,1,368.29,55.2,91.96,32,,Cancelled
52805,20251225,1599,2006,3088,4,2674.93,79.45,0.0,54,,Cancelled
52806,20250211,1483,2019,3101,4,1542.28,24.92,82.44,57,3.4,Delivered
52807,20250909,1017,2059,3138,1,541.4,36.89,0.0,46,4.3,Delivered
52808,20250217,1498,2060,3134,1,153.13,29.59,0.0,36,3.8,Delivered
52809,20241207,1248,2043,3052,4,1954.82,26.99,215.04,23,4.0,Delivered
52810,20240807,1015,2030,3112,1,769.55,55.89,43.53,50,3.0,Delivered
52811,20240611,1696,2069,3007,1,459.61,67.07,119.21,29,3.3,Delivered
52812,20240807,1563,2098,3109,5,2824.97,54.92,197.4,55,4.6,Delivered
52813,20240926,1367,2010,3092,4,848.69,35.99,0.0,53,4.7,Delivered
52814,20250923,1106,2084,3146,3,1131.18,66.95,0.0,34,3.3,Delivered
52815,20250203,1478,2110,3141,5,2790.82,30.88,110.36,47,3.2,Delivered
52816,20240630,1115,2033,3019,3,543.49,71.65,236.9,52,3.3,Delivered
52817,20250909,1695,2084,3069,4,2493.9,66.22,206.8,56,4.3,Delivered
52818,20251229,1044,2109,3038,4,619.2,75.49,0.0,23,4.1,Delivered
52819,20240723,1318,2043,3073,1,773.11,55.02,207.35,64,4.9,Delivered
52820,20250804,1753,2008,3125,5,1286.3,51.41,89.87,60,3.6,Delivered
52821,20250709,1517,2084,3054,1,315.33,64.12,0.0,51,4.9,Delivered
52822,20240815,1598,2115,3003,5,3125.58,37.22,91.77,23,3.5,Delivered
52823,20251126,1220,2048,3142,3,1881.41,15.14,122.33,37,4.0,Delivered
52824,20250910,1431,2097,3073,4,604.09,67.43,191.31,42,3.6,Delivered
52825,20250818,1448,2117,3125,5,2470.39,21.8,0.0,40,3.8,Delivered
52826,20240906,1065,2061,3016,3,1516.05,36.33,0.0,48,4.6,Delivered
52827,20250316,1244,2119,3131,4,2776.93,79.55,0.0,46,4.2,Delivered
52828,20250616,1707,2021,3125,5,3050.39,54.28,0.0,32,3.2,Delivered
52829,20240714,1625,2018,3001,2,889.78,20.78,243.02,58,3.6,Delivered
52830,20251120,1218,2091,3103,1,775.09,64.34,0.0,46,4.9,Delivered
52831,20250602,1275,2018,3118,5,920.52,30.69,132.45,61,3.2,Delivered
52832,20240310,1670,2073,3055,5,3009.6,66.14,0.0,28,3.8,Delivered
52833,20250930,1014,2084,3084,4,3393.06,33.89,0.0,51,4.2,Delivered
52834,20250202,1602,2047,3041,5,2169.64,48.72,166.18,35,4.0,Delivered
52835,20251102,1304,2063,3138,4,636.35,21.92,0.0,21,3.9,Delivered
52836,20240721,1006,2011,3041,4,611.79,77.12,36.52,32,3.6,Delivered
52837,20240527,1518,2016,3015,3,1789.92,75.73,206.06,46,3.2,Delivered
52838,20250416,1401,2094,3085,1,481.76,69.09,151.96,20,3.0,Delivered
52839,20251016,1712,2072,3138,1,351.04,67.66,87.56,39,3.8,Delivered
52840,20240717,1754,2067,3019,3,961.76,34.7,73.66,54,5.0,Delivered
52841,20250301,1225,2042,3042,3,1291.56,22.08,57.2,61,3.4,Delivered
52842,20251027,1396,2022,3084,2,840.29,64.21,228.58,37,4.6,Delivered
52843,20250506,1134,2020,3098,5,1425.42,28.94,164.1,42,4.9,Delivered
52844,20240521,1542,2074,3034,5,2541.08,79.64,0.0,31,,Cancelled
52845,20241108,1168,2111,3145,3,2167.53,47.93,0.0,63,4.9,Delivered
52846,20240613,1413,2042,3050,2,1489.17,69.98,206.71,42,4.9,Delivered
52847,20241109,1588,2098,3046,2,1553.39,67.78,55.29,53,3.2,Delivered
52848,20240121,1046,2095,3017,1,893.27,28.05,0.0,25,4.0,Delivered
52849,20240322,1578,2051,3005,5,2214.44,38.74,0.0,53,4.0,Delivered
52850,20250803,1123,2038,3125,2,1537.13,72.25,0.0,25,3.7,Delivered
52851,20240510,1112,2004,3091,4,2692.46,75.74,155.11,41,3.8,Delivered
52852,20250821,1391,2050,3072,4,1225.88,44.11,156.28,24,4.3,Delivered
52853,20251230,1215,2016,3038,3,1261.39,53.95,21.13,33,3.3,Delivered
52854,20241031,1076,2101,3116,1,693.22,63.58,0.0,27,3.3,Delivered
52855,20250105,1265,2050,3110,1,396.95,79.02,0.0,18,3.2,Delivered
52856,20250118,1307,2051,3031,1,650.42,36.24,0.0,22,4.7,Delivered
52857,20250320,1614,2041,3099,4,1177.58,65.14,0.0,57,3.2,Delivered
52858,20250228,1339,2081,3029,1,791.56,51.14,20.28,26,3.4,Delivered
52859,20240609,1266,2089,3046,3,1948.52,18.33,106.36,61,4.8,Delivered
52860,20240626,1798,2118,3032,5,3947.62,75.59,0.0,22,4.3,Delivered
52861,20250920,1457,2077,3063,5,1218.26,45.3,175.54,58,5.0,Delivered
52862,20251208,1387,2065,3074,3,2631.21,24.0,0.0,22,4.1,Delivered
52863,20250504,1636,2070,3126,2,1618.18,20.3,0.0,64,,Cancelled
52864,20241122,1797,2028,3121,3,723.52,55.78,108.41,63,3.1,Delivered
52865,20250820,1346,2057,3148,2,920.19,43.36,195.85,33,3.4,Delivered
52866,20241015,1078,2077,3048,5,2966.46,32.8,115.18,33,4.6,Delivered
52867,20250815,1397,2053,3079,1,684.76,78.54,188.86,26,4.1,Delivered
52868,20251025,1755,2006,3051,4,3015.13,72.72,0.0,33,3.5,Delivered
52869,20250726,1744,2027,3128,5,2878.76,27.12,0.0,29,3.8,Delivered
52870,20250726,1375,2067,3058,3,1030.81,77.49,0.0,65,4.5,Delivered
52871,20241219,1489,2086,3113,5,2381.27,22.55,45.98,37,3.4,Delivered
52872,20240128,1311,2105,3042,1,469.56,16.59,25.59,53,3.2,Delivered
52873,20240212,1533,2078,3057,3,1163.84,65.81,99.98,21,4.8,Delivered
52874,20251111,1153,2058,3038,2,1470.0,18.39,142.05,40,4.4,Delivered
52875,20250226,1598,2115,3112,1,684.93,30.3,0.0,28,3.4,Delivered
52876,20250820,1175,2108,3046,4,1785.81,36.06,0.0,37,4.6,Delivered
52877,20240625,1516,2010,3062,2,1233.73,51.91,99.28,49,3.5,Delivered
52878,20250612,1213,2086,3124,4,3510.51,68.99,0.0,49,3.6,Delivered
52879,20250901,1640,2029,3112,3,601.76,31.57,241.18,46,3.2,Delivered
52880,20250508,1085,2030,3065,1,509.61,74.96,0.0,18,4.1,Delivered
52881,20240716,1318,2077,3130,2,1741.95,71.08,110.38,24,3.7,Delivered
52882,20250901,1137,2049,3045,5,1843.74,16.99,0.0,18,3.7,Delivered
52883,20250730,1658,2002,3042,2,348.11,52.57,237.98,28,5.0,Delivered
52884,20250531,1089,2025,3042,5,1272.43,69.51,127.26,28,3.1,Delivered
52885,20250528,1291,2059,3067,4,2648.86,26.16,0.0,46,3.9,Delivered
52886,20240122,1251,2055,3099,3,2165.62,26.95,0.0,48,3.1,Delivered
52887,20240421,1306,2050,3086,4,3134.86,45.55,0.0,61,4.4,Delivered
52888,20240226,1456,2112,3045,2,1035.09,28.61,180.58,43,3.3,Delivered
52889,20240306,1199,2069,3106,3,1245.34,16.19,41.02,41,3.1,Delivered
52890,20240407,1401,2004,3122,1,613.83,61.15,178.39,26,3.3,Delivered
52891,20240523,1077,2090,3041,1,159.65,23.75,116.22,33,3.3,Delivered
52892,20250310,1682,2028,3098,5,1615.93,32.66,0.0,27,4.3,Delivered
52893,20250928,1459,2002,3041,2,1793.65,22.46,0.0,45,3.3,Delivered
52894,20251109,1777,2058,3104,5,863.01,61.12,159.41,32,4.7,Delivered
52895,20240326,1195,2017,3098,4,2436.65,58.94,212.31,18,4.7,Delivered
52896,20250810,1049,2114,3100,3,1291.09,16.23,0.0,24,3.5,Delivered
52897,20241209,1158,2010,3091,4,612.85,66.27,0.0,39,3.2,Delivered
52898,20241020,1571,2045,3052,1,517.35,41.84,88.84,62,3.0,Delivered
52899,20250724,1337,2101,3121,2,743.58,68.18,0.0,59,4.6,Delivered
52900,20251011,1766,2033,3135,5,2899.3,61.72,0.0,30,4.7,Delivered
52901,20250902,1786,2081,3096,3,1288.08,23.66,180.57,53,3.6,Delivered
52902,20251204,1114,2033,3028,5,1474.15,34.77,0.0,40,4.5,Delivered
52903,20240830,1002,2104,3068,3,1568.12,63.5,113.06,61,3.7,Delivered
52904,20250714,1640,2077,3112,1,215.2,68.11,230.37,38,3.9,Delivered
52905,20240201,1742,2039,3119,2,994.51,26.52,181.95,20,5.0,Delivered
52906,20250125,1733,2019,3002,3,1645.93,31.56,0.0,40,4.1,Delivered
52907,20241003,1361,2005,3008,5,776.22,69.39,194.62,45,4.8,Delivered
52908,20250615,1186,2112,3145,3,2310.34,73.04,50.19,41,,Cancelled
52909,20240602,1279,2005,3093,3,2609.15,38.69,196.68,29,4.5,Delivered
52910,20250117,1421,2001,3064,3,1717.94,53.97,0.0,23,3.4,Delivered
52911,20240308,1290,2011,3064,4,3568.32,61.06,0.0,39,4.9,Delivered
52912,20240801,1330,2037,3017,4,3222.15,21.77,94.78,42,4.1,Delivered
52913,20251016,1443,2070,3052,3,2627.95,17.53,151.2,24,4.3,Delivered
52914,20250110,1444,2093,3064,2,572.3,61.11,0.0,56,3.1,Delivered
52915,20240731,1245,2010,3034,5,1484.09,19.57,125.46,60,4.2,Delivered
52916,20240319,1351,2049,3102,5,2950.17,79.25,0.0,49,4.8,Delivered
52917,20251226,1161,2089,3076,1,710.78,64.08,188.02,48,4.7,Delivered
52918,20250919,1531,2068,3074,5,1224.92,36.34,44.18,43,4.8,Delivered
52919,20250826,1401,2005,3039,2,616.87,72.33,175.65,61,4.7,Delivered
52920,20250115,1425,2067,3012,5,2120.61,70.95,167.82,50,4.3,Delivered
52921,20251110,1335,2112,3028,5,3648.63,52.4,0.0,43,3.1,Delivered
52922,20240227,1388,2019,3119,5,782.07,53.18,0.0,57,4.2,Delivered
52923,20240126,1250,2063,3098,3,2209.13,56.77,91.91,34,3.6,Delivered
52924,20250322,1337,2038,3038,1,787.5,73.87,0.0,28,3.3,Delivered
52925,20240306,1300,2007,3124,3,1090.82,68.97,73.42,54,3.8,Delivered
52926,20240910,1469,2072,3097,3,1011.34,28.6,153.34,57,4.9,Delivered
52927,20240213,1769,2029,3006,5,3527.9,65.88,126.27,45,4.7,Delivered
52928,20240406,1293,2013,3123,4,2122.15,36.44,71.28,60,,Cancelled
52929,20250707,1325,2008,3013,5,1020.16,68.55,0.0,37,4.0,Delivered
52930,20240814,1716,2021,3066,2,385.18,67.41,121.86,47,3.8,Delivered
52931,20251109,1059,2085,3117,2,774.45,46.98,25.87,52,4.2,Delivered
52932,20250311,1266,2090,3130,2,586.12,33.36,184.56,33,3.8,Delivered
52933,20250823,1218,2091,3046,5,3015.06,59.34,49.88,20,3.4,Delivered
52934,20250113,1441,2008,3150,2,1694.54,27.71,0.0,47,4.4,Delivered
52935,20240626,1744,2101,3077,3,2269.94,32.06,85.49,62,3.3,Delivered
52936,20250302,1648,2020,3150,2,668.5,42.55,0.0,57,3.1,Delivered
52937,20251209,1110,2004,3045,2,1365.54,44.35,0.0,20,3.3,Delivered
52938,20241102,1091,2050,3114,1,458.3,42.18,0.0,37,4.9,Delivered
52939,20250518,1414,2047,3035,3,1718.1,22.23,203.84,28,4.1,Delivered
52940,20240924,1722,2008,3133,5,1099.66,62.61,166.02,18,3.6,Delivered
52941,20250808,1283,2002,3032,4,2804.83,71.5,0.0,52,4.3,Delivered
52942,20240108,1648,2058,3103,1,423.51,60.17,0.0,33,4.9,Delivered
52943,20250522,1341,2099,3078,3,1281.86,36.64,0.0,26,,Cancelled
52944,20250420,1143,2029,3044,2,1358.54,46.67,118.6,52,4.3,Delivered
52945,20241023,1032,2032,3028,2,648.13,79.1,0.0,54,3.1,Delivered
52946,20240612,1423,2062,3077,4,706.1,68.61,139.5,43,4.4,Delivered
52947,20250429,1207,2022,3103,2,1722.06,16.13,117.54,61,3.1,Delivered
52948,20250819,1582,2052,3139,4,1723.57,21.77,0.0,56,4.3,Delivered
52949,20240312,1672,2053,3148,4,671.27,59.08,185.9,29,3.4,Delivered
52950,20250720,1424,2039,3035,2,679.28,53.94,160.67,28,3.8,Delivered
52951,20250712,1239,2045,3111,1,563.42,59.61,0.0,32,4.3,Delivered
52952,20240825,1408,2002,3146,1,705.47,65.91,56.24,57,3.0,Delivered
52953,20240413,1226,2082,3144,3,954.75,74.78,0.0,20,4.8,Delivered
52954,20240728,1260,2055,3092,2,1626.69,43.89,137.51,35,4.6,Delivered
52955,20250707,1174,2073,3103,3,1093.66,50.2,148.72,46,4.8,Delivered
52956,20250412,1714,2077,3065,2,393.21,57.92,0.0,62,3.1,Delivered
52957,20250329,1117,2046,3082,1,885.64,50.97,58.5,36,4.4,Delivered
52958,20240924,1518,2016,3067,3,1582.36,32.6,94.53,44,4.1,Delivered
52959,20250120,1238,2051,3095,1,635.05,43.6,223.81,62,4.8,Delivered
52960,20250121,1326,2097,3067,3,847.99,45.28,126.04,34,4.1,Delivered
52961,20240915,1176,2006,3063,5,1728.27,60.44,121.55,35,4.0,Delivered
52962,20241009,1403,2074,3071,4,2926.31,24.25,0.0,57,4.2,Delivered
52963,20250917,1741,2008,3063,2,1118.63,66.71,55.66,26,5.0,Delivered
52964,20240209,1297,2034,3007,4,2661.05,39.55,36.38,25,3.0,Delivered
52965,20250430,1393,2089,3089,2,1598.53,42.58,37.14,39,4.4,Delivered
52966,20240807,1177,2089,3134,5,2682.42,69.56,0.0,59,3.6,Delivered
52967,20240508,1594,2039,3021,4,3508.24,19.17,0.0,47,3.4,Delivered
52968,20250603,1128,2015,3105,1,810.09,23.68,195.02,61,5.0,Delivered
52969,20250904,1324,2008,3110,3,637.21,52.49,0.0,23,,Cancelled
52970,20251118,1066,2013,3027,5,3303.43,15.18,147.92,62,3.0,Delivered
52971,20250910,1060,2108,3044,5,3672.92,73.4,177.59,41,4.0,Delivered
52972,20250904,1722,2089,3019,1,693.4,18.78,32.61,32,5.0,Delivered
52973,20240916,1091,2079,3149,5,2148.71,60.46,0.0,59,3.8,Delivered
52974,20241231,1734,2106,3098,1,395.64,68.86,0.0,18,3.9,Delivered
52975,20250627,1456,2074,3026,1,522.27,26.48,0.0,41,3.7,Delivered
52976,20251010,1028,2030,3080,3,1722.03,55.74,57.6,63,3.4,Delivered
52977,20250607,1563,2054,3102,1,158.97,72.57,175.15,41,4.6,Delivered
52978,20240116,1176,2106,3100,4,1407.09,58.13,125.96,39,4.7,Delivered
52979,20240508,1740,2085,3064,4,1563.87,63.63,219.43,34,3.3,Delivered
52980,20250728,1380,2085,3076,2,875.37,63.23,175.99,60,3.1,Delivered
52981,20240418,1318,2106,3089,1,453.35,28.73,45.99,36,4.6,Delivered
52982,20250616,1604,2060,3117,3,659.06,44.81,0.0,57,4.7,Delivered
52983,20251031,1389,2001,3146,4,2988.66,65.92,110.96,56,4.1,Delivered
52984,20240925,1107,2117,3021,4,2901.37,37.33,21.1,23,3.9,Delivered
52985,20240610,1214,2031,3050,5,3214.87,55.0,203.99,43,3.2,Delivered
52986,20240916,1506,2059,3050,3,1773.52,77.14,0.0,39,3.3,Delivered
52987,20240411,1720,2005,3115,1,655.38,16.74,0.0,57,3.9,Delivered
52988,20250520,1257,2081,3048,2,687.66,78.31,0.0,65,3.2,Delivered
52989,20250724,1599,2006,3019,1,217.9,48.68,241.44,62,4.9,Delivered
52990,20240903,1046,2015,3130,3,1373.31,51.0,117.59,64,3.4,Delivered
52991,20251001,1056,2045,3145,2,414.56,22.66,102.1,60,4.6,Delivered
52992,20250620,1092,2099,3079,4,2769.64,75.9,0.0,52,4.5,Delivered
52993,20240510,1662,2002,3027,2,521.7,37.5,0.0,49,3.3,Delivered
52994,20241218,1311,2033,3060,3,2366.01,68.47,88.2,51,4.9,Delivered
52995,20240714,1668,2083,3120,5,3991.74,19.18,0.0,36,4.4,Delivered
52996,20251027,1714,2025,3085,5,3483.16,15.32,0.0,29,4.9,Delivered
52997,20250116,1462,2043,3117,1,511.33,45.84,0.0,29,3.9,Delivered
52998,20251006,1666,2083,3075,4,1149.48,32.64,0.0,27,4.8,Delivered
52999,20240814,1631,2032,3145,4,1938.04,74.77,0.0,51,3.9,Delivered
53000,20251201,1466,2044,3148,5,2717.76,33.12,0.0,50,3.9,Delivered
53001,20250420,1166,2073,3058,3,2624.57,74.67,0.0,26,4.2,Delivered
53002,20250421,1272,2081,3144,2,923.92,36.34,0.0,56,4.4,Delivered
53003,20240921,1343,2082,3040,3,1942.85,28.57,34.72,42,4.0,Delivered
53004,20250106,1130,2089,3102,1,233.16,49.32,213.27,36,3.5,Delivered
53005,20250430,1692,2051,3093,3,1366.03,38.41,0.0,53,3.3,Delivered
53006,20250309,1495,2088,3082,2,1351.85,77.8,75.2,47,3.8,Delivered
53007,20251007,1078,2016,3002,5,1696.21,30.08,0.0,42,4.4,Delivered
53008,20240729,1321,2042,3034,4,2507.0,28.86,0.0,46,,Cancelled
53009,20250725,1297,2068,3023,2,1512.64,74.05,230.13,22,4.3,Delivered
53010,20250111,1172,2085,3062,2,726.4,42.19,125.01,22,3.2,Delivered
53011,20250129,1798,2009,3148,1,307.28,70.08,180.66,53,4.1,Delivered
53012,20250325,1118,2048,3075,1,829.63,72.33,0.0,40,4.0,Delivered
53013,20241229,1483,2019,3093,5,2255.02,61.06,0.0,36,4.9,Delivered
53014,20250401,1763,2060,3051,2,1242.72,37.01,146.72,22,4.8,Delivered
53015,20251225,1294,2007,3136,5,3393.35,74.24,107.68,38,4.2,Delivered
53016,20251228,1249,2059,3081,4,2368.0,35.16,184.39,52,3.3,Delivered
53017,20240813,1595,2096,3143,5,4463.06,25.02,0.0,33,3.4,Delivered
53018,20240510,1237,2029,3131,2,1521.74,44.92,144.29,64,3.3,Delivered
53019,20250810,1382,2022,3035,2,1676.95,39.81,0.0,45,,Cancelled
53020,20250420,1169,2105,3045,2,1481.47,50.43,233.78,26,4.1,Delivered
53021,20241003,1755,2016,3012,3,868.84,39.62,53.13,19,3.3,Delivered
53022,20240604,1476,2090,3140,5,4477.28,69.03,131.12,46,,Cancelled
53023,20240805,1289,2069,3021,1,455.02,29.42,0.0,58,4.6,Delivered
53024,20240708,1316,2064,3123,3,1530.76,27.54,0.0,59,4.6,Delivered
53025,20250220,1612,2108,3071,4,2099.12,31.55,0.0,31,3.7,Delivered
53026,20251105,1647,2053,3062,5,2511.81,45.05,0.0,65,4.6,Delivered
53027,20251122,1730,2053,3024,2,1126.13,74.98,207.64,19,3.3,Delivered
53028,20250629,1040,2089,3136,3,543.96,37.24,0.0,36,4.0,Delivered
53029,20240210,1182,2068,3003,2,1771.66,78.9,203.03,59,3.2,Delivered
53030,20241102,1694,2107,3095,4,2030.03,19.49,148.32,55,4.6,Delivered
53031,20241203,1432,2091,3016,3,1349.39,40.41,0.0,39,3.0,Delivered
53032,20241109,1202,2085,3093,3,1608.52,58.62,0.0,49,3.4,Delivered
53033,20240315,1133,2065,3079,2,1235.4,33.42,36.23,56,4.1,Delivered
53034,20241005,1070,2080,3034,4,687.02,25.51,0.0,61,4.9,Delivered
53035,20240624,1060,2013,3080,5,3901.14,25.38,0.0,35,3.8,Delivered
53036,20251023,1019,2013,3049,5,2979.9,76.36,0.0,21,4.9,Delivered
53037,20240929,1078,2077,3028,5,2668.7,76.45,0.0,49,4.5,Delivered
53038,20250911,1560,2029,3109,2,1116.45,55.6,0.0,38,4.1,Delivered
53039,20251012,1176,2106,3100,1,178.64,38.79,174.94,31,3.6,Delivered
53040,20241015,1029,2094,3058,2,789.12,57.64,0.0,49,4.5,Delivered
53041,20251224,1279,2080,3007,1,898.49,43.05,0.0,57,4.4,Delivered
53042,20240928,1305,2036,3109,5,3254.2,37.14,88.04,39,3.7,Delivered
53043,20240306,1324,2097,3073,3,507.19,30.6,98.8,58,4.1,Delivered
53044,20250427,1509,2020,3008,1,482.33,72.86,0.0,36,4.1,Delivered
53045,20240904,1053,2095,3135,5,2043.65,63.04,0.0,60,3.3,Delivered
53046,20240604,1649,2041,3078,1,856.8,56.94,225.67,50,4.5,Delivered
53047,20240216,1498,2076,3086,4,2550.33,55.89,0.0,29,4.7,Delivered
53048,20250329,1558,2008,3142,3,1555.71,18.9,0.0,31,4.6,Delivered
53049,20240719,1521,2035,3130,2,1010.38,32.04,108.71,30,4.5,Delivered
53050,20251021,1081,2010,3147,5,1280.61,62.37,0.0,61,3.3,Delivered
53051,20240503,1295,2011,3013,1,739.33,79.43,0.0,18,3.3,Delivered
53052,20240101,1645,2118,3023,2,1798.0,69.31,0.0,19,3.2,Delivered
53053,20251001,1378,2090,3112,1,767.06,68.98,0.0,28,4.1,Delivered
53054,20240709,1111,2058,3057,5,2880.69,68.12,0.0,56,3.2,Delivered
53055,20250801,1769,2006,3062,2,1656.36,20.61,0.0,56,4.9,Delivered
53056,20250530,1559,2087,3078,1,302.96,78.53,89.6,34,4.4,Delivered
53057,20250317,1106,2011,3126,4,805.97,55.52,69.3,62,3.9,Delivered
53058,20240522,1689,2033,3031,5,2310.04,68.26,0.0,25,3.3,Delivered
53059,20240709,1293,2091,3143,2,1228.87,47.66,223.06,32,3.6,Delivered
53060,20250616,1709,2009,3139,3,1711.09,54.15,57.44,53,4.1,Delivered
53061,20240814,1555,2037,3040,1,583.8,38.43,0.0,30,4.1,Delivered
53062,20241108,1575,2016,3087,5,4008.22,58.6,0.0,30,4.9,Delivered
53063,20250920,1214,2061,3104,2,441.15,43.02,0.0,58,3.1,Delivered
53064,20241028,1158,2105,3059,3,2641.05,19.5,183.65,48,4.7,Delivered
53065,20251015,1238,2042,3109,2,1336.17,22.48,0.0,50,4.0,Delivered
53066,20250404,1521,2004,3059,1,390.79,61.94,0.0,28,4.8,Delivered
53067,20250204,1358,2050,3123,2,708.65,42.94,203.77,49,4.8,Delivered
53068,20250704,1436,2022,3091,4,2909.84,47.24,99.34,40,3.3,Delivered
53069,20250127,1352,2067,3032,4,1056.07,63.52,0.0,25,4.7,Delivered
53070,20240725,1245,2105,3045,4,3479.04,57.4,0.0,60,4.5,Delivered
53071,20240728,1438,2030,3100,3,2183.72,70.05,0.0,19,,Cancelled
53072,20240424,1725,2088,3144,5,3045.19,42.59,0.0,47,3.7,Delivered
53073,20251007,1638,2055,3088,5,1803.51,77.91,230.22,43,3.5,Delivered
53074,20240907,1217,2088,3081,2,1780.22,18.85,77.0,49,4.4,Delivered
53075,20240806,1170,2070,3118,5,3820.47,71.33,199.71,22,3.1,Delivered
53076,20250210,1708,2062,3047,4,1193.7,69.88,0.0,43,4.1,Delivered
53077,20250318,1463,2092,3023,4,1479.46,49.2,222.79,30,4.3,Delivered
53078,20250825,1317,2057,3013,2,1002.18,52.56,0.0,29,4.7,Delivered
53079,20241219,1481,2049,3007,3,2505.0,39.3,0.0,39,3.7,Delivered
53080,20250711,1426,2043,3141,1,308.68,77.06,196.94,19,,Cancelled
53081,20250703,1216,2094,3096,3,1618.61,42.84,57.97,52,3.4,Delivered
53082,20240521,1107,2008,3098,4,1186.36,27.51,221.95,33,3.1,Delivered
53083,20250903,1482,2015,3001,2,916.79,41.86,120.96,35,4.5,Delivered
53084,20250515,1043,2011,3042,3,671.1,23.47,73.1,43,3.9,Delivered
53085,20251202,1095,2008,3129,3,2453.09,17.43,152.27,34,3.6,Delivered
53086,20250630,1400,2032,3015,5,1137.89,66.95,0.0,41,4.1,Delivered
53087,20251020,1125,2012,3087,3,2050.51,19.72,181.7,52,3.2,Delivered
53088,20250625,1489,2022,3145,4,3352.3,19.95,217.74,51,3.8,Delivered
53089,20250521,1345,2120,3106,1,737.02,32.52,98.59,40,3.4,Delivered
53090,20250818,1518,2029,3040,4,2102.33,31.61,76.76,32,3.2,Delivered
53091,20241007,1414,2021,3135,3,2265.65,58.98,65.63,58,3.6,Delivered
53092,20250227,1525,2004,3004,3,2357.1,42.56,0.0,18,3.0,Delivered
53093,20240926,1178,2017,3140,1,219.54,23.95,239.71,49,4.9,Delivered
53094,20240602,1065,2071,3107,5,2161.53,59.65,155.02,62,4.7,Delivered
53095,20250905,1717,2002,3032,4,2831.23,49.47,0.0,52,4.6,Delivered
53096,20251227,1212,2115,3034,1,856.73,44.31,94.71,55,3.1,Delivered
53097,20251023,1483,2023,3146,5,2900.95,38.45,113.47,52,3.4,Delivered
53098,20240323,1562,2088,3103,3,2376.3,30.64,193.33,51,4.1,Delivered
53099,20250913,1545,2004,3089,2,1607.41,17.21,241.08,62,4.6,Delivered
53100,20250301,1411,2009,3085,5,1990.2,61.14,0.0,37,4.2,Delivered
53101,20241001,1241,2054,3057,3,1023.94,52.45,0.0,36,3.2,Delivered
53102,20251213,1322,2117,3112,4,3127.71,43.28,0.0,48,4.0,Delivered
53103,20241010,1527,2103,3114,1,234.18,79.74,242.37,63,4.3,Delivered
53104,20240621,1252,2025,3118,4,1214.08,65.91,90.39,62,4.2,Delivered
53105,20241122,1654,2099,3034,2,769.57,28.84,0.0,32,3.8,Delivered
53106,20251218,1537,2093,3054,5,3022.65,59.43,185.24,20,3.9,Delivered
53107,20240303,1255,2096,3012,4,2268.56,61.29,0.0,36,3.7,Delivered
53108,20240313,1126,2056,3031,4,3456.12,70.67,0.0,54,3.6,Delivered
53109,20250927,1334,2029,3112,3,840.89,72.82,182.29,33,3.7,Delivered
53110,20250109,1555,2037,3042,2,1480.76,28.13,224.01,31,4.3,Delivered
53111,20250924,1456,2114,3067,4,2738.83,52.3,217.67,53,3.4,Delivered
53112,20250522,1066,2093,3083,2,921.83,44.66,0.0,63,4.7,Delivered
53113,20250201,1617,2113,3031,3,1614.72,79.0,49.88,51,4.9,Delivered
53114,20240429,1186,2046,3138,1,656.35,19.74,140.0,64,4.0,Delivered
53115,20250312,1691,2090,3018,5,1203.08,34.55,0.0,43,3.8,Delivered
53116,20251106,1414,2019,3009,1,875.88,30.67,249.85,54,4.6,Delivered
53117,20250409,1420,2102,3144,2,1397.18,28.84,89.45,64,4.3,Delivered
53118,20241012,1348,2045,3064,5,3967.42,27.01,196.04,49,,Cancelled
53119,20240921,1450,2083,3110,4,3511.46,62.32,148.7,47,3.9,Delivered
53120,20241115,1227,2097,3100,5,4077.59,26.22,0.0,24,4.5,Delivered
53121,20251103,1254,2117,3081,5,3856.17,25.79,0.0,48,4.2,Delivered
53122,20250110,1046,2001,3042,5,2284.12,24.65,113.35,45,4.4,Delivered
53123,20240329,1407,2093,3027,2,1123.97,79.83,69.45,47,3.6,Delivered
53124,20251015,1473,2041,3060,5,1250.99,68.89,44.94,30,4.5,Delivered
53125,20240721,1460,2041,3079,1,773.97,16.38,192.33,20,4.0,Delivered
53126,20241129,1657,2016,3032,1,545.8,74.74,137.79,63,4.5,Delivered
53127,20240809,1775,2038,3128,5,1592.99,66.64,28.41,63,4.9,Delivered
53128,20240210,1197,2050,3112,5,1629.67,58.71,136.06,62,4.4,Delivered
53129,20251208,1048,2101,3071,5,2400.97,55.02,114.15,40,3.9,Delivered
53130,20240308,1165,2044,3075,3,1964.69,35.58,0.0,26,3.8,Delivered
53131,20250528,1330,2056,3097,3,652.08,21.69,0.0,55,4.0,Delivered
53132,20250928,1168,2027,3034,3,457.86,34.98,0.0,26,3.1,Delivered
53133,20250913,1787,2073,3010,4,3524.91,29.67,111.36,31,4.5,Delivered
53134,20250820,1120,2069,3141,3,1226.95,43.81,0.0,33,4.8,Delivered
53135,20250923,1221,2057,3058,1,899.32,31.76,126.13,20,3.5,Delivered
53136,20240506,1460,2103,3086,1,474.51,32.66,98.85,43,3.7,Delivered
53137,20240911,1104,2101,3129,2,813.9,56.14,148.34,55,,Cancelled
53138,20251125,1758,2097,3107,1,690.09,28.65,102.38,64,3.8,Delivered
53139,20240116,1621,2034,3052,2,591.18,79.54,0.0,26,4.9,Delivered
53140,20250421,1001,2062,3058,4,1078.02,45.25,237.69,32,3.4,Delivered
53141,20240302,1747,2050,3044,3,2139.56,67.64,0.0,63,4.5,Delivered
53142,20250307,1518,2044,3008,1,155.18,57.57,0.0,34,3.1,Delivered
53143,20251031,1005,2008,3112,4,633.42,64.51,0.0,61,4.3,Delivered
53144,20240924,1273,2036,3009,5,1539.53,64.79,0.0,23,4.3,Delivered
53145,20240204,1458,2109,3014,5,3097.26,43.59,22.91,55,4.4,Delivered
53146,20250729,1666,2084,3113,3,2143.67,76.72,0.0,54,4.1,Delivered
53147,20250508,1347,2068,3098,4,1487.38,34.66,0.0,62,3.7,Delivered
53148,20250715,1720,2004,3003,5,3718.31,43.28,126.62,19,4.4,Delivered
53149,20250413,1215,2016,3047,4,1194.66,42.86,243.04,51,3.4,Delivered
53150,20251022,1428,2016,3124,2,1089.26,52.19,147.9,32,4.2,Delivered
53151,20241120,1602,2039,3067,5,2507.81,71.06,230.75,61,4.4,Delivered
53152,20241030,1258,2055,3147,1,328.52,64.24,41.76,61,3.7,Delivered
53153,20241002,1424,2013,3065,3,2203.6,23.3,176.62,18,3.9,Delivered
53154,20251114,1190,2079,3116,5,2267.95,57.01,0.0,32,,Cancelled
53155,20240719,1561,2014,3069,4,1852.65,51.94,0.0,61,3.5,Delivered
53156,20250320,1388,2098,3126,5,2938.41,62.5,0.0,32,3.4,Delivered
53157,20241119,1213,2034,3112,2,1584.77,36.14,0.0,54,3.5,Delivered
53158,20240204,1671,2105,3150,4,1484.87,29.81,151.74,56,3.7,Delivered
53159,20250426,1139,2016,3113,5,1833.86,35.83,66.24,65,3.7,Delivered
53160,20251228,1143,2016,3138,3,896.37,29.12,128.08,21,4.7,Delivered
53161,20250424,1486,2090,3048,1,646.64,76.1,189.35,42,3.4,Delivered
53162,20240305,1543,2021,3108,2,826.39,28.32,109.82,63,3.3,Delivered
53163,20240108,1284,2048,3014,2,727.62,28.9,0.0,22,3.8,Delivered
53164,20241027,1634,2031,3016,1,585.2,50.67,0.0,45,4.9,Delivered
53165,20241208,1025,2044,3066,1,710.84,25.03,67.81,37,4.5,Delivered
53166,20250306,1681,2038,3098,5,4074.63,45.49,0.0,40,4.3,Delivered
53167,20250227,1040,2085,3064,3,655.57,66.15,248.1,57,4.2,Delivered
53168,20241127,1089,2025,3144,4,890.18,65.13,115.41,60,4.3,Delivered
53169,20250313,1082,2084,3059,5,1152.91,67.95,85.68,63,3.9,Delivered
53170,20250810,1229,2071,3098,5,3882.72,28.87,78.64,32,4.5,Delivered
53171,20240622,1395,2012,3013,1,708.15,36.16,200.87,50,,Cancelled
53172,20250712,1798,2057,3018,1,644.39,79.18,0.0,53,4.1,Delivered
53173,20250610,1590,2070,3032,3,2115.34,74.95,121.78,52,5.0,Delivered
53174,20251020,1583,2008,3116,3,1002.4,68.26,0.0,50,3.4,Delivered
53175,20240126,1080,2073,3031,1,446.3,30.58,0.0,50,4.3,Delivered
53176,20250827,1667,2007,3127,4,1441.26,25.75,204.51,32,4.7,Delivered
53177,20250209,1733,2039,3126,3,1015.05,79.79,0.0,29,4.4,Delivered
53178,20240819,1041,2017,3041,4,696.58,15.33,74.08,52,3.7,Delivered
53179,20250616,1597,2106,3042,3,1394.12,73.81,0.0,55,3.4,Delivered
53180,20250703,1632,2049,3033,4,1378.67,74.41,0.0,25,4.8,Delivered
53181,20250519,1276,2061,3090,4,843.19,17.88,60.81,33,4.6,Delivered
53182,20251030,1616,2076,3143,4,2696.26,41.57,245.18,50,4.4,Delivered
53183,20240627,1774,2080,3069,5,4136.03,34.68,30.22,38,3.4,Delivered
53184,20240511,1466,2017,3123,2,859.21,61.48,0.0,43,4.6,Delivered
53185,20250330,1726,2005,3146,5,1926.73,16.68,192.32,55,4.7,Delivered
53186,20241213,1233,2035,3111,2,1484.73,72.48,22.66,22,3.6,Delivered
53187,20250623,1481,2102,3107,3,2376.34,74.23,41.78,53,4.5,Delivered
53188,20250209,1590,2054,3048,1,598.3,22.54,159.74,43,4.4,Delivered
53189,20240316,1712,2119,3034,1,807.82,58.67,97.29,65,3.4,Delivered
53190,20250801,1135,2035,3135,5,2294.19,66.67,120.75,49,3.0,Delivered
53191,20250506,1047,2058,3129,1,631.51,70.29,0.0,63,4.7,Delivered
53192,20240712,1381,2102,3003,5,4151.9,79.3,239.47,19,4.8,Delivered
53193,20240610,1604,2037,3143,1,600.12,29.3,39.26,26,3.4,Delivered
53194,20241212,1100,2034,3127,5,2073.8,71.65,0.0,34,3.1,Delivered
53195,20241226,1707,2019,3133,2,1017.0,45.63,175.53,41,3.7,Delivered
53196,20250806,1754,2067,3089,2,1374.52,40.96,0.0,22,4.8,Delivered
53197,20240327,1010,2053,3012,2,1657.67,61.85,201.47,59,3.1,Delivered
53198,20240918,1630,2072,3059,4,2375.73,42.91,210.94,49,3.3,Delivered
53199,20240801,1195,2016,3040,1,565.78,50.23,31.06,25,3.3,Delivered
53200,20251026,1097,2048,3087,2,1612.2,29.41,161.35,21,3.7,Delivered
53201,20251222,1077,2002,3146,5,3633.7,18.87,153.59,27,4.6,Delivered
53202,20250726,1661,2084,3111,3,1800.07,60.57,147.64,24,4.8,Delivered
53203,20240918,1641,2086,3041,4,2499.8,50.59,0.0,36,3.7,Delivered
53204,20251230,1426,2106,3023,1,198.83,66.52,193.54,18,3.8,Delivered
53205,20241009,1334,2044,3026,3,2195.94,64.96,236.53,34,4.6,Delivered
53206,20251009,1798,2040,3102,4,3119.5,59.97,221.58,49,3.5,Delivered
53207,20250411,1069,2034,3061,5,3902.93,32.13,82.83,54,3.1,Delivered
53208,20250114,1279,2004,3030,4,634.66,36.61,176.42,50,4.7,Delivered
53209,20241227,1161,2008,3131,4,1386.83,29.33,111.63,57,4.8,Delivered
53210,20250324,1453,2002,3083,3,1735.87,54.55,0.0,35,3.3,Delivered
53211,20250316,1170,2093,3001,5,3217.22,75.44,0.0,59,3.9,Delivered
53212,20240402,1358,2056,3069,3,2357.94,33.7,175.13,43,4.2,Delivered
53213,20250912,1302,2060,3034,5,3774.08,75.98,0.0,36,4.0,Delivered
53214,20250227,1101,2001,3029,4,970.39,39.4,247.52,51,4.8,Delivered
53215,20240521,1506,2074,3143,2,1749.13,54.57,0.0,46,,Cancelled
53216,20241017,1516,2079,3038,1,240.72,61.75,0.0,43,4.5,Delivered
53217,20250307,1020,2012,3023,3,1792.72,41.0,49.32,53,4.3,Delivered
53218,20251119,1421,2095,3111,4,2049.35,39.6,0.0,49,4.6,Delivered
53219,20251014,1136,2021,3045,3,550.81,75.76,0.0,26,4.4,Delivered
53220,20251201,1609,2003,3135,2,783.43,37.11,82.91,39,3.8,Delivered
53221,20240218,1767,2036,3133,1,150.52,69.45,93.84,37,4.8,Delivered
53222,20241028,1750,2112,3021,4,1139.26,37.07,103.25,27,3.7,Delivered
53223,20240708,1126,2111,3056,2,795.69,22.74,0.0,35,3.8,Delivered
53224,20240515,1562,2038,3118,3,1828.39,58.15,0.0,33,4.5,Delivered
53225,20250708,1378,2008,3060,1,154.97,72.08,0.0,35,4.8,Delivered
53226,20250207,1637,2100,3116,2,1388.31,60.39,0.0,22,3.1,Delivered
53227,20250824,1391,2050,3088,5,4223.39,60.15,0.0,30,4.3,Delivered
53228,20241206,1715,2056,3055,4,2375.22,34.74,145.12,27,3.2,Delivered
53229,20251204,1449,2069,3044,5,1302.27,76.12,41.33,61,4.0,Delivered
53230,20241113,1130,2117,3149,5,1158.93,59.27,0.0,42,3.6,Delivered
53231,20250909,1472,2016,3111,4,1631.41,64.06,126.53,45,4.4,Delivered
53232,20241228,1500,2106,3099,3,1583.85,76.37,0.0,40,3.8,Delivered
53233,20250116,1211,2008,3084,3,1580.1,63.68,0.0,49,3.3,Delivered
53234,20240820,1030,2051,3065,3,1114.71,28.17,62.71,25,3.9,Delivered
53235,20241209,1024,2077,3090,5,3298.36,36.52,194.16,33,3.7,Delivered
53236,20250702,1618,2043,3077,5,3510.81,25.32,62.94,34,3.9,Delivered
53237,20250706,1580,2006,3097,4,3345.25,50.12,182.98,49,4.4,Delivered
53238,20250612,1604,2111,3050,5,2425.3,55.67,0.0,38,4.4,Delivered
53239,20250724,1103,2053,3046,2,1375.17,27.32,0.0,41,4.4,Delivered
53240,20240701,1691,2085,3012,4,985.18,69.69,0.0,63,3.2,Delivered
53241,20240210,1397,2053,3009,3,944.7,67.34,0.0,23,3.6,Delivered
53242,20250704,1476,2008,3078,2,1186.32,34.88,0.0,63,3.5,Delivered
53243,20250131,1240,2016,3074,2,620.3,46.12,156.89,25,3.7,Delivered
53244,20251204,1643,2030,3134,2,1528.03,75.63,224.05,28,4.7,Delivered
53245,20250508,1343,2057,3131,4,685.47,28.39,0.0,58,3.6,Delivered
53246,20251020,1394,2073,3147,5,2998.69,60.57,103.79,53,4.3,Delivered
53247,20241128,1270,2020,3124,5,2713.1,48.26,41.23,21,,Cancelled
53248,20240506,1028,2030,3024,2,473.41,54.46,0.0,31,5.0,Delivered
53249,20250711,1182,2036,3017,2,1072.45,71.39,0.0,31,3.3,Delivered
53250,20250710,1150,2015,3045,2,643.67,17.66,0.0,46,3.9,Delivered
53251,20240101,1502,2008,3139,1,885.42,72.06,188.32,51,3.8,Delivered
53252,20240616,1061,2028,3066,4,1528.96,31.63,128.47,47,3.8,Delivered
53253,20250911,1033,2073,3112,4,3178.88,15.81,0.0,61,,Cancelled
53254,20240119,1549,2101,3100,4,3487.07,50.73,52.03,27,4.9,Delivered
53255,20241127,1023,2042,3089,5,1226.47,70.82,153.64,50,4.9,Delivered
53256,20250806,1209,2045,3132,2,1021.14,23.69,201.73,34,3.4,Delivered
53257,20250331,1406,2006,3022,2,596.34,65.65,0.0,59,4.7,Delivered
53258,20240418,1206,2006,3072,5,1372.87,41.06,194.91,43,3.5,Delivered
53259,20240924,1610,2103,3094,3,2674.21,57.47,0.0,34,3.7,Delivered
53260,20250320,1336,2092,3080,3,1751.13,77.83,0.0,60,4.7,Delivered
53261,20240827,1038,2108,3134,4,1654.45,22.69,0.0,42,3.9,Delivered
53262,20241027,1708,2099,3134,1,505.38,61.17,0.0,32,3.5,Delivered
53263,20250824,1794,2034,3075,5,1105.68,52.66,178.54,41,4.6,Delivered
53264,20240412,1510,2085,3143,3,1738.61,31.04,0.0,54,4.8,Delivered
53265,20240906,1474,2120,3105,2,1444.59,40.6,114.33,54,4.0,Delivered
53266,20250328,1799,2017,3058,4,1883.01,51.92,133.25,41,3.9,Delivered
53267,20250603,1073,2052,3132,2,1550.17,79.9,90.98,22,3.4,Delivered
53268,20240601,1778,2047,3015,5,838.08,34.36,145.98,45,4.7,Delivered
53269,20240622,1499,2005,3063,2,600.73,46.85,159.59,43,4.7,Delivered
53270,20241208,1019,2098,3063,1,220.48,36.73,38.86,51,,Cancelled
53271,20251031,1372,2040,3145,3,1086.88,31.32,0.0,57,3.1,Delivered
53272,20250306,1658,2002,3066,5,3013.91,49.1,40.02,43,4.9,Delivered
53273,20251227,1435,2007,3043,3,2307.42,69.55,0.0,60,4.9,Delivered
53274,20251119,1313,2067,3037,3,2657.79,74.94,130.68,42,4.9,Delivered
53275,20251117,1688,2053,3069,4,1985.37,78.56,73.17,55,3.2,Delivered
53276,20251019,1056,2049,3055,2,1442.51,29.54,0.0,29,4.0,Delivered
53277,20241119,1550,2085,3015,4,2302.84,32.35,0.0,41,3.9,Delivered
53278,20251103,1656,2070,3053,3,1264.3,25.2,176.87,49,3.2,Delivered
53279,20250930,1440,2052,3055,3,1143.57,45.33,162.27,49,4.6,Delivered
53280,20250223,1308,2042,3043,4,613.81,37.12,0.0,50,4.1,Delivered
53281,20250816,1552,2059,3121,5,2325.38,49.04,34.45,61,3.4,Delivered
53282,20250429,1286,2008,3103,3,1577.15,68.95,246.85,55,3.4,Delivered
53283,20251020,1007,2018,3109,2,1789.29,47.25,0.0,28,3.3,Delivered
53284,20250215,1276,2001,3096,4,3118.97,64.74,171.31,40,4.6,Delivered
53285,20240324,1571,2049,3090,3,2104.54,40.17,139.2,57,4.2,Delivered
53286,20240422,1282,2089,3126,3,2638.01,69.73,0.0,65,4.7,Delivered
53287,20241127,1355,2094,3033,3,2392.95,23.43,168.99,19,3.5,Delivered
53288,20250112,1462,2006,3045,4,1108.96,32.74,168.91,65,3.8,Delivered
53289,20251016,1600,2119,3095,2,1262.52,30.41,79.5,40,4.7,Delivered
53290,20240210,1529,2082,3022,1,729.64,29.92,0.0,31,4.1,Delivered
53291,20240414,1663,2109,3140,4,2341.04,31.1,62.9,56,5.0,Delivered
53292,20240720,1114,2030,3110,5,910.87,16.9,231.32,32,3.1,Delivered
53293,20250325,1691,2090,3141,3,646.56,29.2,20.3,63,3.1,Delivered
53294,20240922,1745,2075,3147,1,184.42,38.46,0.0,32,3.9,Delivered
53295,20240728,1111,2071,3102,5,2369.55,40.65,0.0,35,3.5,Delivered
53296,20250716,1238,2035,3148,4,3191.31,70.3,0.0,26,3.4,Delivered
53297,20240427,1025,2077,3061,5,3072.49,24.53,0.0,21,4.5,Delivered
53298,20251213,1508,2073,3055,3,2290.86,16.37,36.06,58,3.1,Delivered
53299,20250111,1163,2092,3039,5,1163.16,40.46,0.0,51,4.8,Delivered
53300,20250704,1697,2085,3034,4,2297.34,79.73,127.95,19,3.5,Delivered
53301,20250623,1113,2047,3150,2,1634.17,32.52,122.85,48,3.4,Delivered
53302,20240324,1230,2077,3027,3,501.59,64.23,0.0,59,3.8,Delivered
53303,20250329,1287,2085,3137,2,1440.79,49.31,0.0,39,3.9,Delivered
53304,20251028,1339,2078,3010,4,855.59,59.21,214.61,25,,Cancelled
53305,20250920,1187,2058,3054,5,1433.75,21.17,0.0,31,3.3,Delivered
53306,20250528,1493,2049,3135,4,1985.16,48.86,103.7,37,,Cancelled
53307,20250827,1260,2094,3006,1,674.91,31.15,242.19,44,3.9,Delivered
53308,20251108,1764,2074,3058,3,2512.5,46.8,136.16,22,4.3,Delivered
53309,20250121,1589,2085,3062,4,3135.07,68.21,103.57,35,3.1,Delivered
53310,20241215,1327,2008,3025,4,2183.13,34.59,195.11,51,4.0,Delivered
53311,20241022,1762,2017,3127,2,1508.3,64.97,72.44,47,4.9,Delivered
53312,20240914,1058,2120,3111,3,1934.85,33.92,0.0,34,4.0,Delivered
53313,20240321,1500,2043,3138,5,966.58,44.36,0.0,50,4.3,Delivered
53314,20240924,1322,2090,3087,4,3010.77,20.38,78.96,49,3.7,Delivered
53315,20250222,1240,2025,3049,5,2634.66,32.36,0.0,20,4.3,Delivered
53316,20240822,1304,2100,3087,3,2692.16,79.73,0.0,58,4.3,Delivered
53317,20241106,1251,2080,3007,3,1430.36,25.04,214.29,57,3.1,Delivered
53318,20241222,1731,2017,3145,3,807.65,73.43,211.68,56,,Cancelled
53319,20240731,1416,2066,3121,5,2258.27,54.03,0.0,28,3.7,Delivered
53320,20250727,1124,2103,3125,4,1657.87,16.91,242.88,56,3.2,Delivered
53321,20240218,1780,2052,3001,3,1069.15,26.7,0.0,47,3.3,Delivered
53322,20240506,1673,2025,3119,1,259.48,28.98,244.18,53,,Cancelled
53323,20240810,1398,2071,3111,3,459.85,58.18,0.0,52,3.1,Delivered
53324,20241005,1576,2085,3041,4,3399.84,34.56,49.05,25,3.1,Delivered
53325,20250211,1500,2017,3039,2,1665.07,34.33,32.86,36,3.4,Delivered
53326,20250519,1001,2047,3088,5,2095.93,44.06,193.99,31,4.1,Delivered
53327,20241020,1482,2011,3088,2,706.34,36.28,184.84,51,3.7,Delivered
53328,20241003,1763,2101,3141,1,551.84,27.21,131.78,50,3.9,Delivered
53329,20250313,1583,2002,3099,3,2366.89,21.4,154.98,39,3.7,Delivered
53330,20240416,1663,2112,3087,4,2656.68,57.99,198.02,23,3.7,Delivered
53331,20251019,1410,2006,3142,1,332.76,42.51,0.0,64,4.2,Delivered
53332,20250223,1736,2024,3112,3,1039.05,58.89,0.0,39,4.4,Delivered
53333,20250902,1065,2020,3067,3,1603.12,72.51,84.8,38,4.0,Delivered
53334,20250304,1433,2099,3058,2,1281.61,17.67,86.26,39,4.9,Delivered
53335,20250109,1309,2017,3118,4,2386.98,54.09,103.06,31,3.7,Delivered
53336,20240313,1569,2036,3018,5,1041.76,23.72,34.26,27,4.6,Delivered
53337,20250925,1784,2010,3013,3,1455.81,75.7,212.36,35,4.7,Delivered
53338,20240130,1080,2053,3043,3,1088.71,48.43,0.0,27,4.5,Delivered
53339,20240706,1202,2117,3137,2,1023.79,47.07,0.0,63,3.7,Delivered
53340,20241229,1485,2106,3048,3,1799.65,52.0,85.37,65,4.8,Delivered
53341,20250326,1018,2051,3011,1,477.28,37.16,50.49,44,4.0,Delivered
53342,20240713,1446,2026,3019,2,794.84,16.94,0.0,28,3.9,Delivered
53343,20240604,1612,2104,3090,3,1854.15,23.06,0.0,27,5.0,Delivered
53344,20240620,1074,2051,3013,4,1042.58,67.34,0.0,36,4.9,Delivered
53345,20240210,1637,2104,3071,2,714.46,68.24,134.18,21,4.9,Delivered
53346,20240303,1222,2115,3119,3,1700.29,55.46,0.0,39,3.7,Delivered
53347,20240123,1498,2076,3127,4,3004.26,51.29,0.0,60,3.7,Delivered
53348,20241225,1633,2004,3006,4,2698.07,48.08,0.0,53,4.2,Delivered
53349,20240315,1695,2028,3116,1,376.14,16.95,204.81,44,3.1,Delivered
53350,20250713,1614,2069,3078,2,419.19,59.23,40.42,53,3.3,Delivered
53351,20251102,1404,2052,3048,5,2462.97,39.94,0.0,20,4.2,Delivered
53352,20240427,1467,2077,3088,2,1605.51,49.03,0.0,51,,Cancelled
53353,20250903,1010,2026,3034,5,2063.48,17.17,176.22,41,4.1,Delivered
53354,20250114,1164,2096,3061,5,1043.55,26.26,44.85,28,3.1,Delivered
53355,20251109,1656,2091,3018,5,3405.61,60.99,177.77,54,4.0,Delivered
53356,20241016,1071,2117,3086,1,288.71,30.35,20.56,53,4.0,Delivered
53357,20250315,1800,2073,3083,1,569.7,33.42,161.44,46,4.5,Delivered
53358,20251029,1248,2006,3069,4,2918.77,72.33,0.0,26,4.1,Delivered
53359,20240107,1306,2076,3085,3,1603.13,63.29,0.0,43,4.0,Delivered
53360,20240714,1123,2056,3112,2,1391.9,16.95,0.0,47,3.4,Delivered
53361,20250224,1128,2018,3054,2,1442.44,30.58,0.0,56,3.7,Delivered
53362,20250721,1047,2061,3115,1,662.32,70.56,0.0,35,3.3,Delivered
53363,20240711,1416,2035,3124,4,2179.42,76.74,0.0,42,3.4,Delivered
53364,20250712,1503,2113,3096,5,3062.27,36.26,0.0,45,4.3,Delivered
53365,20240527,1107,2090,3103,2,1222.58,39.63,0.0,55,4.7,Delivered
53366,20251030,1678,2016,3011,5,3769.51,40.26,81.7,44,4.6,Delivered
53367,20240720,1443,2104,3037,1,869.05,26.83,48.0,26,4.6,Delivered
53368,20250319,1201,2048,3049,2,1297.48,56.96,169.48,35,4.0,Delivered
53369,20250222,1787,2052,3007,2,1654.97,46.59,0.0,53,3.1,Delivered
53370,20250302,1133,2101,3042,4,2626.47,46.98,34.79,37,5.0,Delivered
53371,20250423,1344,2093,3135,3,1565.49,66.17,76.26,38,4.4,Delivered
53372,20250419,1011,2106,3041,3,1970.5,68.26,0.0,41,3.9,Delivered
53373,20240505,1003,2069,3051,4,2284.87,36.93,20.49,65,3.8,Delivered
53374,20250129,1544,2105,3071,4,2554.98,54.11,0.0,31,,Cancelled
53375,20250729,1764,2064,3148,2,548.41,31.6,0.0,45,4.8,Delivered
53376,20241120,1601,2103,3035,3,849.54,78.74,0.0,50,3.5,Delivered
53377,20250126,1108,2058,3040,1,799.09,20.38,0.0,54,4.9,Delivered
53378,20251118,1052,2049,3068,3,1959.01,41.58,171.2,58,3.4,Delivered
53379,20250919,1189,2006,3065,5,1948.14,79.28,144.99,29,4.4,Delivered
53380,20250315,1574,2002,3002,5,4005.12,61.16,0.0,31,4.0,Delivered
53381,20240722,1646,2083,3122,5,3344.4,28.47,0.0,53,3.8,Delivered
53382,20250430,1331,2090,3040,5,3058.51,17.81,37.81,41,4.2,Delivered
53383,20240131,1089,2044,3028,5,1752.27,65.6,125.6,36,4.5,Delivered
53384,20250122,1238,2094,3041,3,1840.8,45.75,24.81,63,4.2,Delivered
53385,20250916,1500,2044,3080,4,887.05,35.57,0.0,50,3.1,Delivered
53386,20250309,1051,2106,3045,1,620.63,61.77,130.2,25,3.9,Delivered
53387,20250110,1090,2033,3150,1,596.5,24.1,55.22,43,3.9,Delivered
53388,20241209,1755,2044,3089,3,2258.05,33.36,66.27,46,4.7,Delivered
53389,20250318,1494,2091,3077,1,362.56,33.33,0.0,23,3.8,Delivered
53390,20250801,1362,2097,3090,3,1345.82,41.11,0.0,44,,Cancelled
53391,20240315,1213,2052,3061,3,1597.93,44.49,0.0,39,3.8,Delivered
53392,20250710,1732,2102,3051,2,1641.37,72.96,0.0,65,3.9,Delivered
53393,20251027,1678,2077,3077,3,703.65,73.72,21.77,61,4.1,Delivered
53394,20240603,1744,2105,3066,1,469.7,19.94,20.63,22,,Cancelled
53395,20250305,1694,2032,3115,1,673.37,71.52,0.0,56,3.4,Delivered
53396,20241228,1206,2106,3031,2,847.46,29.93,203.02,62,3.0,Delivered
53397,20250323,1747,2116,3013,3,1063.45,35.78,84.83,23,3.8,Delivered
53398,20240821,1484,2096,3128,4,3053.1,27.24,226.17,24,3.5,Delivered
53399,20250716,1510,2008,3101,2,707.11,63.74,0.0,39,4.4,Delivered
53400,20240918,1323,2066,3103,1,580.15,19.47,0.0,59,3.6,Delivered
53401,20240504,1275,2095,3143,3,1674.84,18.24,0.0,32,3.8,Delivered
53402,20240901,1032,2098,3149,3,2077.66,64.66,0.0,18,4.4,Delivered
53403,20250625,1065,2028,3027,3,2024.78,18.44,64.51,54,4.8,Delivered
53404,20250429,1663,2112,3012,1,454.22,75.39,0.0,20,3.3,Delivered
53405,20240501,1597,2025,3066,4,632.17,19.0,0.0,29,4.4,Delivered
53406,20240504,1133,2056,3148,5,1386.06,29.56,226.66,31,4.3,Delivered
53407,20250702,1366,2011,3125,5,3543.19,70.05,41.28,41,3.2,Delivered
53408,20240618,1328,2008,3073,4,2415.39,21.14,0.0,65,4.4,Delivered
53409,20240503,1327,2097,3125,5,1646.17,18.72,0.0,40,4.8,Delivered
53410,20240204,1210,2029,3133,5,1064.86,27.3,107.04,63,4.0,Delivered
53411,20240327,1503,2084,3047,2,1792.54,16.82,106.43,56,3.5,Delivered
53412,20251007,1382,2036,3083,3,547.11,55.92,100.59,40,5.0,Delivered
53413,20251208,1419,2008,3060,3,1734.6,16.39,0.0,49,5.0,Delivered
53414,20240719,1454,2089,3058,3,465.09,15.8,0.0,52,3.6,Delivered
53415,20250103,1771,2013,3045,2,1278.83,52.76,185.88,28,4.5,Delivered
53416,20240317,1306,2010,3015,4,2962.91,51.47,0.0,50,3.0,Delivered
53417,20240228,1421,2096,3096,1,169.79,29.32,159.46,18,3.1,Delivered
53418,20250306,1736,2022,3111,3,2349.71,57.49,20.8,21,3.4,Delivered
53419,20250929,1692,2049,3099,2,1049.39,16.57,0.0,60,4.0,Delivered
53420,20250514,1037,2073,3041,4,3069.84,20.5,215.76,60,3.3,Delivered
53421,20240418,1741,2002,3097,4,2119.56,51.61,0.0,45,4.5,Delivered
53422,20241004,1281,2088,3037,5,4157.85,46.91,0.0,30,4.9,Delivered
53423,20240308,1552,2109,3102,3,1328.27,79.38,203.58,28,3.7,Delivered
53424,20240309,1488,2010,3019,1,878.2,75.28,0.0,54,4.3,Delivered
53425,20240613,1393,2090,3005,3,2093.87,37.86,199.96,21,3.2,Delivered
53426,20250503,1410,2017,3048,4,2841.02,42.04,222.23,48,4.1,Delivered
53427,20241031,1624,2052,3018,5,1240.19,32.04,45.99,46,,Cancelled
53428,20251104,1184,2007,3131,3,1573.03,79.02,0.0,57,4.9,Delivered
53429,20241230,1479,2068,3008,5,1900.86,54.29,0.0,55,3.2,Delivered
53430,20250113,1705,2092,3135,3,775.34,28.01,0.0,62,3.5,Delivered
53431,20241208,1519,2077,3019,5,1211.58,52.53,107.75,54,4.2,Delivered
53432,20250707,1651,2055,3011,2,616.23,55.76,0.0,33,4.0,Delivered
53433,20241219,1553,2092,3114,2,359.41,48.51,167.52,65,4.0,Delivered
53434,20250219,1692,2005,3092,2,653.13,59.82,0.0,21,4.4,Delivered
53435,20240418,1737,2065,3067,5,4335.39,22.39,78.32,53,4.2,Delivered
53436,20250716,1773,2033,3011,5,1488.63,30.0,0.0,28,3.3,Delivered
53437,20250511,1044,2074,3077,2,424.06,36.82,168.3,18,4.1,Delivered
53438,20241206,1374,2025,3067,3,1992.74,69.37,0.0,59,3.6,Delivered
53439,20250117,1525,2094,3011,4,2678.17,69.93,133.84,23,3.4,Delivered
53440,20250616,1651,2045,3085,2,1303.98,28.42,68.69,33,4.4,Delivered
53441,20241026,1785,2097,3097,1,667.45,53.19,0.0,47,4.2,Delivered
53442,20240518,1331,2090,3137,5,879.9,60.62,0.0,41,3.7,Delivered
53443,20241224,1077,2090,3030,4,1159.36,52.48,0.0,44,4.8,Delivered
53444,20250513,1425,2084,3047,4,3529.44,36.09,205.51,43,3.5,Delivered
53445,20250119,1135,2048,3034,5,3162.06,18.93,82.69,63,3.6,Delivered
53446,20250826,1720,2035,3101,4,2938.57,27.54,0.0,35,3.3,Delivered
53447,20241006,1484,2095,3070,1,230.1,50.47,0.0,58,4.2,Delivered
53448,20250928,1648,2058,3067,5,3155.63,70.09,0.0,58,3.7,Delivered
53449,20250427,1004,2113,3001,3,922.81,56.22,90.54,24,4.4,Delivered
53450,20240420,1290,2084,3009,1,791.32,18.46,0.0,23,4.7,Delivered
53451,20240518,1575,2016,3044,3,2343.52,27.18,0.0,39,3.6,Delivered
53452,20250310,1510,2117,3006,2,304.87,29.98,0.0,63,3.8,Delivered
53453,20250523,1728,2061,3095,2,516.13,46.86,0.0,23,3.5,Delivered
53454,20240929,1623,2072,3105,3,965.42,74.69,108.53,57,4.7,Delivered
53455,20240408,1320,2010,3140,3,1512.64,42.11,31.41,33,4.1,Delivered
53456,20240413,1583,2002,3104,1,188.6,22.04,152.96,30,3.1,Delivered
53457,20240801,1601,2059,3110,1,705.16,33.92,0.0,24,3.8,Delivered
53458,20251025,1464,2114,3150,4,2143.79,31.45,0.0,23,4.9,Delivered
53459,20240613,1127,2053,3063,3,1057.08,43.26,64.1,41,3.0,Delivered
53460,20250603,1480,2004,3141,5,2027.04,19.38,236.29,45,4.8,Delivered
53461,20241010,1402,2011,3077,5,1187.15,39.26,0.0,48,4.1,Delivered
53462,20250531,1139,2044,3117,3,849.78,26.06,204.69,55,4.3,Delivered
53463,20251018,1214,2018,3017,1,637.81,54.49,56.81,50,3.2,Delivered
53464,20250904,1691,2097,3057,1,713.31,38.52,69.77,63,4.2,Delivered
53465,20240612,1134,2011,3132,2,1170.73,35.89,0.0,18,4.7,Delivered
53466,20251020,1651,2102,3119,1,231.05,18.36,0.0,50,4.4,Delivered
53467,20240304,1604,2065,3099,4,2454.81,40.42,135.74,41,4.1,Delivered
53468,20240331,1207,2053,3114,5,1300.78,23.1,62.92,60,4.8,Delivered
53469,20240426,1443,2107,3065,3,2586.2,35.29,238.88,35,4.2,Delivered
53470,20240923,1093,2051,3104,3,880.62,57.55,0.0,24,3.1,Delivered
53471,20251115,1099,2001,3084,3,2436.01,68.87,0.0,52,4.8,Delivered
53472,20250712,1441,2002,3145,2,734.73,78.23,144.92,64,4.8,Delivered
53473,20240519,1571,2049,3055,3,1337.71,20.31,236.81,33,,Cancelled
53474,20240902,1519,2077,3112,2,315.04,69.28,0.0,34,4.1,Delivered
53475,20251022,1744,2060,3098,4,2999.52,16.93,207.11,26,4.5,Delivered
53476,20250129,1268,2083,3052,5,3567.35,73.49,133.5,63,3.9,Delivered
53477,20250501,1493,2080,3140,1,878.51,47.45,181.18,26,3.9,Delivered
53478,20250420,1328,2097,3125,3,851.58,16.33,87.19,31,4.8,Delivered
53479,20250531,1163,2075,3031,3,2372.57,67.25,24.29,56,4.0,Delivered
53480,20240702,1333,2017,3061,2,725.49,37.4,126.25,29,3.6,Delivered
53481,20240120,1770,2006,3121,1,477.65,53.52,206.49,31,4.0,Delivered
53482,20250711,1315,2069,3032,4,2857.37,30.21,239.31,53,3.4,Delivered
53483,20250607,1719,2079,3085,5,3215.87,75.31,0.0,54,3.8,Delivered
53484,20250804,1694,2063,3128,2,1755.37,44.86,164.11,59,3.0,Delivered
53485,20250612,1269,2117,3023,1,355.65,73.75,0.0,47,3.5,Delivered
53486,20240526,1754,2095,3107,5,3053.24,68.34,0.0,64,4.2,Delivered
53487,20251027,1348,2004,3024,2,1311.69,35.31,0.0,47,3.7,Delivered
53488,20241030,1245,2010,3112,4,3550.22,46.17,0.0,18,4.1,Delivered
53489,20250911,1214,2067,3118,3,1724.27,66.5,171.48,43,3.7,Delivered
53490,20250804,1200,2057,3007,4,2113.71,64.97,0.0,33,3.0,Delivered
53491,20251125,1525,2045,3016,3,2501.89,68.51,102.43,53,3.7,Delivered
53492,20240815,1713,2048,3040,2,544.33,21.55,0.0,30,4.5,Delivered
53493,20240411,1293,2087,3016,5,1002.45,28.53,87.65,62,4.8,Delivered
53494,20250809,1043,2018,3063,1,169.43,21.97,0.0,32,,Cancelled
53495,20250220,1492,2096,3137,4,1288.14,15.64,193.95,39,3.5,Delivered
53496,20240803,1321,2035,3044,4,1312.05,24.14,223.07,34,4.7,Delivered
53497,20250210,1532,2086,3119,4,3129.83,77.44,200.97,20,,Cancelled
53498,20250202,1454,2008,3112,2,1625.28,56.16,0.0,52,4.0,Delivered
53499,20251215,1774,2035,3031,4,789.38,55.44,202.26,64,3.5,Delivered
53500,20251204,1322,2008,3028,3,1968.18,35.81,190.6,26,,Cancelled
53501,20250513,1252,2025,3114,1,202.95,76.62,57.08,45,4.7,Delivered
53502,20250409,1464,2103,3058,2,405.5,28.38,90.34,24,5.0,Delivered
53503,20251121,1175,2013,3129,5,2260.31,43.08,0.0,39,4.2,Delivered
53504,20251231,1295,2031,3106,3,1965.0,75.31,0.0,24,3.0,Delivered
53505,20240322,1769,2077,3142,4,1493.52,59.04,238.92,20,4.0,Delivered
53506,20250826,1718,2038,3150,3,620.56,44.1,78.15,26,4.9,Delivered
53507,20251117,1228,2120,3130,1,468.46,56.7,146.54,58,4.5,Delivered
53508,20241230,1691,2097,3019,3,1727.71,70.51,152.01,31,4.9,Delivered
53509,20240611,1062,2031,3111,3,872.34,28.85,91.62,31,3.3,Delivered
53510,20240217,1133,2050,3078,1,458.52,16.35,0.0,43,3.0,Delivered
53511,20250525,1189,2025,3071,3,698.68,36.71,0.0,65,3.6,Delivered
53512,20241124,1263,2099,3046,1,690.56,59.5,194.76,26,4.2,Delivered
53513,20240425,1224,2051,3076,3,1402.34,23.48,217.94,23,4.6,Delivered
53514,20241202,1074,2055,3102,1,683.08,64.3,204.17,55,4.4,Delivered
53515,20240526,1606,2045,3065,4,2073.32,39.12,0.0,22,4.0,Delivered
53516,20250728,1193,2055,3062,1,246.59,49.65,69.01,54,3.9,Delivered
53517,20241118,1532,2012,3044,2,362.58,32.87,0.0,25,3.6,Delivered
53518,20250318,1195,2043,3062,5,2287.08,56.94,137.26,47,3.4,Delivered
53519,20240113,1619,2077,3088,1,553.91,77.52,0.0,55,4.6,Delivered
53520,20250508,1302,2105,3081,1,335.98,71.96,0.0,38,4.2,Delivered
53521,20251201,1032,2062,3098,5,1147.66,30.5,246.43,43,3.1,Delivered
53522,20241013,1759,2029,3029,3,2311.29,52.93,158.22,46,4.1,Delivered
53523,20251220,1048,2105,3016,3,519.97,70.08,114.43,47,5.0,Delivered
53524,20240423,1665,2021,3072,4,3490.6,44.81,0.0,60,3.1,Delivered
53525,20250424,1797,2018,3046,3,1257.84,64.12,169.24,61,3.6,Delivered
53526,20240122,1665,2054,3023,1,487.63,53.58,235.98,44,4.4,Delivered
53527,20241214,1606,2005,3034,5,4029.48,75.26,143.75,28,4.8,Delivered
53528,20251226,1160,2074,3039,2,1762.43,17.03,203.78,20,3.3,Delivered
53529,20251113,1647,2092,3069,1,844.18,35.17,24.98,22,,Cancelled
53530,20250719,1136,2110,3118,2,742.57,58.46,0.0,52,4.8,Delivered
53531,20241115,1274,2028,3110,3,663.25,79.06,224.18,53,4.0,Delivered
53532,20240505,1177,2002,3016,5,2319.14,43.17,0.0,36,4.9,Delivered
53533,20241003,1277,2060,3106,4,777.88,45.55,79.52,25,5.0,Delivered
53534,20240722,1132,2075,3123,5,2486.95,25.21,0.0,47,4.4,Delivered
53535,20240712,1136,2091,3117,3,954.29,23.75,193.59,42,4.5,Delivered
53536,20251111,1126,2101,3064,5,4469.54,31.66,221.22,61,3.4,Delivered
53537,20251025,1744,2056,3056,1,345.59,21.57,240.92,47,4.2,Delivered
53538,20250630,1593,2069,3143,5,4250.62,69.7,0.0,28,3.0,Delivered
53539,20251126,1326,2097,3061,5,1204.54,18.85,233.69,50,5.0,Delivered
53540,20241012,1080,2072,3121,2,503.85,38.22,0.0,42,3.2,Delivered
53541,20240226,1333,2006,3126,1,274.54,68.1,0.0,21,3.5,Delivered
53542,20241029,1694,2104,3022,4,1412.44,72.74,0.0,61,3.1,Delivered
53543,20240611,1485,2017,3141,3,922.47,57.21,0.0,27,3.1,Delivered
53544,20240119,1607,2079,3110,3,1030.13,69.34,0.0,19,3.1,Delivered
53545,20250104,1052,2049,3101,1,516.6,52.9,0.0,21,3.7,Delivered
53546,20240920,1654,2047,3063,2,564.8,25.66,0.0,45,3.9,Delivered
53547,20240422,1199,2109,3046,2,1422.39,32.26,0.0,26,3.8,Delivered
53548,20250502,1505,2016,3127,1,774.39,58.42,44.99,57,4.2,Delivered
53549,20241122,1017,2046,3077,3,2102.76,49.71,115.01,39,3.9,Delivered
53550,20250625,1371,2090,3097,3,1654.46,61.79,55.47,57,4.1,Delivered
53551,20251008,1617,2058,3035,3,2365.91,35.21,153.52,20,3.4,Delivered
53552,20250801,1514,2004,3076,2,821.01,37.61,0.0,21,4.9,Delivered
53553,20240305,1461,2072,3081,3,2420.76,36.84,59.42,49,4.7,Delivered
53554,20241018,1574,2085,3121,5,1080.11,68.38,177.81,31,4.6,Delivered
53555,20240125,1571,2055,3077,3,2502.15,60.58,0.0,49,3.5,Delivered
53556,20250702,1188,2081,3021,3,1722.36,17.21,80.84,45,3.1,Delivered
53557,20240101,1299,2074,3135,4,626.13,75.06,150.71,42,3.9,Delivered
53558,20250702,1272,2057,3134,4,1692.46,45.07,0.0,32,4.6,Delivered
53559,20240520,1496,2094,3146,5,2068.64,67.29,0.0,19,3.3,Delivered
53560,20251009,1333,2006,3138,1,814.46,70.88,78.46,34,3.7,Delivered
53561,20240706,1263,2021,3086,2,1204.58,18.93,30.01,57,4.6,Delivered
53562,20240507,1016,2120,3116,2,1563.61,43.62,190.93,27,3.3,Delivered
53563,20240719,1118,2080,3087,1,680.0,40.63,0.0,21,3.7,Delivered
53564,20240506,1162,2089,3104,2,1424.28,34.31,245.06,61,4.0,Delivered
53565,20240913,1653,2038,3044,5,1719.96,51.19,0.0,40,4.8,Delivered
53566,20251106,1028,2050,3016,4,872.42,32.2,215.77,44,3.7,Delivered
53567,20250630,1562,2030,3092,3,1810.12,55.51,0.0,47,4.8,Delivered
53568,20240712,1121,2082,3016,2,972.94,61.13,0.0,36,4.7,Delivered
53569,20251203,1561,2019,3062,2,959.17,70.25,0.0,61,3.0,Delivered
53570,20240413,1340,2008,3056,2,1199.55,74.42,67.99,48,3.9,Delivered
53571,20250618,1376,2008,3150,3,2048.61,17.63,0.0,64,3.7,Delivered
53572,20240921,1585,2090,3098,3,673.42,47.8,0.0,25,,Cancelled
53573,20250118,1514,2045,3119,3,464.74,23.53,51.25,63,3.1,Delivered
53574,20240916,1519,2025,3148,3,1978.13,66.55,0.0,51,,Cancelled
53575,20250217,1478,2062,3095,2,963.53,46.3,0.0,35,4.2,Delivered
53576,20241223,1506,2041,3003,3,2023.23,68.29,69.92,47,4.6,Delivered
53577,20240315,1696,2112,3017,4,2160.09,63.5,0.0,29,4.9,Delivered
53578,20241220,1052,2049,3112,1,180.8,43.67,0.0,28,3.4,Delivered
53579,20250806,1133,2010,3054,3,2595.96,72.02,0.0,60,4.9,Delivered
53580,20240706,1573,2103,3016,3,937.3,38.17,0.0,33,3.1,Delivered
53581,20251115,1741,2085,3047,2,306.45,51.15,0.0,32,4.6,Delivered
53582,20241016,1048,2065,3121,3,566.41,45.36,163.22,32,3.3,Delivered
53583,20240214,1499,2005,3041,4,3566.71,20.57,0.0,37,3.1,Delivered
53584,20250726,1456,2057,3145,2,1326.55,39.25,124.39,58,4.4,Delivered
53585,20240323,1590,2032,3041,5,1310.17,54.49,0.0,48,3.1,Delivered
53586,20240502,1348,2004,3022,4,856.17,48.96,56.02,35,3.5,Delivered
53587,20241223,1749,2114,3053,3,1733.03,28.63,0.0,38,4.8,Delivered
53588,20250611,1010,2022,3049,5,2685.35,44.92,0.0,46,3.1,Delivered
53589,20240306,1583,2097,3019,2,594.92,50.0,208.38,45,4.8,Delivered
53590,20251018,1055,2089,3021,3,2562.66,77.06,0.0,64,4.9,Delivered
53591,20250109,1282,2002,3028,1,185.31,47.09,138.04,40,4.6,Delivered
53592,20240610,1417,2077,3029,3,1216.52,15.32,144.48,39,3.2,Delivered
53593,20250114,1532,2026,3074,3,546.96,26.44,162.28,33,4.2,Delivered
53594,20251017,1396,2053,3097,4,983.81,37.04,0.0,52,3.6,Delivered
53595,20241223,1120,2046,3004,2,359.04,57.33,202.44,35,3.6,Delivered
53596,20240706,1393,2117,3026,1,661.48,24.51,178.42,49,3.5,Delivered
53597,20241117,1220,2049,3076,2,1693.6,52.31,0.0,36,4.6,Delivered
53598,20250325,1611,2042,3127,4,1947.4,73.14,0.0,53,4.4,Delivered
53599,20250418,1032,2047,3078,5,2665.29,73.39,211.81,41,3.9,Delivered
53600,20240113,1525,2051,3124,5,1032.66,56.97,0.0,45,3.3,Delivered
53601,20240702,1352,2015,3144,4,1469.09,30.35,0.0,55,4.2,Delivered
53602,20240420,1396,2072,3018,3,937.41,25.41,0.0,54,4.7,Delivered
53603,20250522,1093,2051,3102,4,2821.61,48.9,101.97,27,3.5,Delivered
53604,20241016,1396,2075,3060,2,1779.85,43.63,0.0,36,4.3,Delivered
53605,20241021,1477,2043,3100,2,883.47,44.06,35.7,43,3.4,Delivered
53606,20250326,1001,2062,3055,4,3299.81,18.26,0.0,32,4.9,Delivered
53607,20240802,1168,2010,3034,2,1004.43,47.26,0.0,27,4.8,Delivered
53608,20250923,1688,2012,3110,2,1783.51,16.75,0.0,39,4.0,Delivered
53609,20250720,1340,2008,3079,5,2058.47,24.22,0.0,37,4.6,Delivered
53610,20240127,1583,2117,3114,4,659.16,70.51,153.48,39,4.6,Delivered
53611,20250921,1797,2031,3143,2,910.9,28.36,159.32,30,3.5,Delivered
53612,20240818,1609,2107,3145,2,1532.72,23.13,113.3,50,4.5,Delivered
53613,20250718,1320,2079,3108,5,1751.13,70.84,224.71,64,4.6,Delivered
53614,20241116,1216,2048,3037,1,702.28,16.62,0.0,35,3.2,Delivered
53615,20240820,1391,2050,3078,3,2221.15,79.54,0.0,35,3.2,Delivered
53616,20251031,1277,2088,3094,4,3575.5,40.19,0.0,46,4.5,Delivered
53617,20250312,1478,2093,3075,4,1315.08,27.12,229.4,23,4.8,Delivered
53618,20250616,1669,2002,3142,4,2999.97,31.57,211.46,41,3.9,Delivered
53619,20250206,1590,2013,3146,1,542.64,47.47,86.81,22,4.0,Delivered
53620,20240222,1054,2089,3021,3,2435.35,62.18,0.0,56,3.9,Delivered
53621,20241108,1595,2113,3004,4,1221.72,20.34,79.39,28,4.4,Delivered
53622,20241007,1499,2049,3015,5,4010.7,69.65,211.93,28,4.1,Delivered
53623,20251226,1576,2002,3112,1,160.72,70.98,0.0,26,3.0,Delivered
53624,20240131,1239,2048,3020,3,2583.17,42.29,79.47,48,4.7,Delivered
53625,20241202,1576,2002,3081,3,698.54,39.69,238.64,18,3.8,Delivered
53626,20240701,1197,2033,3094,5,3891.84,41.12,152.65,65,3.9,Delivered
53627,20240123,1249,2046,3087,4,2074.65,44.26,200.99,43,4.6,Delivered
53628,20250627,1021,2096,3085,4,1754.6,40.61,218.11,53,3.0,Delivered
53629,20250321,1390,2120,3111,3,2362.2,36.42,0.0,38,3.1,Delivered
53630,20240314,1595,2028,3078,3,589.55,47.18,151.84,26,4.0,Delivered
53631,20240110,1434,2076,3120,2,1002.03,25.83,0.0,45,4.4,Delivered
53632,20250428,1783,2050,3006,3,2007.77,53.67,115.26,52,4.4,Delivered
53633,20250331,1727,2015,3122,5,2369.23,39.69,0.0,48,3.8,Delivered
53634,20250719,1149,2025,3111,4,1206.51,71.34,0.0,34,3.4,Delivered
53635,20250717,1657,2077,3064,5,3361.12,30.54,249.96,19,3.2,Delivered
53636,20251021,1638,2066,3028,1,750.73,41.03,136.91,34,3.6,Delivered
53637,20240608,1354,2067,3141,5,2618.07,38.11,105.45,54,3.7,Delivered
53638,20240114,1748,2020,3013,3,883.93,37.52,159.98,63,,Cancelled
53639,20240626,1153,2096,3086,2,776.07,72.18,235.62,30,3.9,Delivered
53640,20250215,1021,2028,3063,1,642.55,77.09,95.48,57,4.8,Delivered
53641,20240222,1158,2065,3111,2,1511.83,38.1,144.8,65,4.3,Delivered
53642,20250211,1076,2056,3007,1,497.98,76.4,0.0,42,4.4,Delivered
53643,20240122,1072,2003,3129,5,3055.23,68.44,0.0,65,3.5,Delivered
53644,20240130,1643,2050,3028,4,3402.81,60.74,90.5,28,3.8,Delivered
53645,20251203,1609,2087,3001,5,1814.84,69.37,119.27,49,,Cancelled
53646,20240916,1678,2029,3102,4,1173.72,54.4,130.72,21,4.8,Delivered
53647,20240723,1291,2078,3054,2,1282.47,67.86,234.03,56,4.4,Delivered
53648,20240228,1482,2058,3022,5,1923.03,23.27,185.67,18,4.9,Delivered
53649,20250415,1016,2070,3100,4,1076.54,70.93,0.0,41,4.1,Delivered
53650,20250410,1356,2044,3078,3,2472.83,68.71,0.0,64,4.4,Delivered
53651,20240112,1067,2080,3033,2,353.48,29.11,0.0,33,5.0,Delivered
53652,20250922,1115,2030,3124,3,532.06,23.55,0.0,26,4.3,Delivered
53653,20241016,1143,2025,3120,1,865.81,47.14,0.0,38,,Cancelled
53654,20241219,1024,2006,3075,5,3587.69,32.79,0.0,28,4.8,Delivered
53655,20250930,1753,2117,3041,5,1865.72,46.71,0.0,41,4.9,Delivered
53656,20240315,1750,2112,3056,5,1546.34,48.51,219.44,55,4.8,Delivered
53657,20251216,1413,2004,3098,5,3717.06,15.25,0.0,30,4.8,Delivered
53658,20250714,1658,2008,3006,1,501.04,30.31,42.12,39,3.5,Delivered
53659,20250813,1436,2053,3042,2,1434.74,29.34,132.46,45,3.5,Delivered
53660,20250316,1734,2025,3032,4,794.61,76.56,0.0,39,4.1,Delivered
53661,20240828,1010,2073,3069,1,366.08,40.33,0.0,45,4.8,Delivered
53662,20240602,1265,2033,3139,2,1170.15,71.55,203.69,56,3.9,Delivered
53663,20240405,1731,2025,3074,1,774.2,75.69,0.0,24,3.5,Delivered
53664,20251226,1615,2009,3123,2,1254.88,45.72,0.0,65,4.2,Delivered
53665,20241020,1102,2069,3019,3,1584.55,45.76,225.08,31,4.7,Delivered
53666,20240727,1770,2044,3139,1,773.51,17.82,158.69,46,4.4,Delivered
53667,20241208,1227,2002,3061,1,261.03,51.88,121.57,41,4.3,Delivered
53668,20240328,1086,2014,3103,1,861.7,63.06,0.0,44,,Cancelled
53669,20250124,1578,2004,3135,2,1774.54,40.45,27.73,59,3.7,Delivered
53670,20241120,1404,2073,3119,1,184.39,27.32,184.94,34,3.8,Delivered
53671,20240605,1567,2026,3021,3,1014.71,51.62,209.45,44,3.5,Delivered
53672,20251029,1307,2035,3100,2,1335.03,56.05,245.53,47,3.3,Delivered
53673,20251012,1264,2016,3068,4,1793.92,45.02,0.0,21,4.0,Delivered
53674,20250924,1107,2085,3002,4,3365.22,18.66,93.51,31,4.5,Delivered
53675,20250730,1769,2006,3102,2,359.24,18.9,0.0,45,5.0,Delivered
53676,20250910,1115,2038,3088,3,1607.58,45.93,217.91,46,3.6,Delivered
53677,20251020,1197,2116,3088,3,1690.94,57.77,0.0,47,3.5,Delivered
53678,20240516,1160,2103,3033,3,2257.71,61.26,0.0,42,4.6,Delivered
53679,20251104,1458,2074,3028,4,3167.01,65.13,141.52,39,3.8,Delivered
53680,20250303,1599,2029,3044,2,799.35,35.38,127.07,22,4.0,Delivered
53681,20250327,1494,2110,3138,1,740.71,51.98,213.92,42,4.6,Delivered
53682,20250903,1782,2064,3036,3,2504.52,15.82,113.93,58,4.8,Delivered
53683,20240520,1034,2051,3146,2,1358.01,26.85,0.0,43,4.0,Delivered
53684,20240323,1016,2047,3041,2,432.41,72.67,0.0,38,3.5,Delivered
53685,20240625,1767,2068,3126,3,1529.9,61.82,0.0,47,3.5,Delivered
53686,20240716,1008,2058,3112,4,1839.64,75.82,0.0,37,3.4,Delivered
53687,20250915,1510,2008,3068,4,738.72,25.09,37.82,55,3.2,Delivered
53688,20250721,1176,2025,3067,5,3671.86,35.24,103.19,60,3.3,Delivered
53689,20251121,1367,2050,3018,5,3142.36,58.79,27.58,37,4.8,Delivered
53690,20250224,1056,2049,3035,5,1726.12,57.02,0.0,55,3.4,Delivered
53691,20250204,1630,2072,3061,1,840.86,57.85,127.6,60,4.0,Delivered
53692,20251128,1600,2119,3091,4,2661.11,43.49,25.53,27,3.8,Delivered
53693,20250415,1032,2063,3133,4,1731.86,43.04,90.98,61,4.4,Delivered
53694,20240805,1576,2117,3086,5,3126.68,25.32,0.0,61,4.8,Delivered
53695,20251229,1667,2101,3045,1,547.03,66.16,0.0,45,4.0,Delivered
53696,20250923,1547,2066,3023,2,865.51,28.7,150.08,27,4.5,Delivered
53697,20240623,1653,2027,3029,2,1031.76,68.81,0.0,44,4.6,Delivered
53698,20240123,1450,2113,3113,5,3418.52,59.33,0.0,47,4.6,Delivered
53699,20251225,1651,2048,3118,2,679.97,42.98,77.82,43,3.7,Delivered
53700,20240822,1721,2014,3108,3,1798.86,18.13,0.0,42,3.8,Delivered
53701,20240113,1598,2057,3117,5,3801.58,48.8,108.81,51,,Cancelled
53702,20240410,1265,2079,3010,5,4376.13,73.12,0.0,34,4.5,Delivered
53703,20250619,1358,2065,3058,5,2100.85,60.97,0.0,44,3.5,Delivered
53704,20250606,1494,2098,3106,3,1064.41,29.81,215.52,59,3.2,Delivered
53705,20250327,1547,2049,3103,2,1116.68,27.39,47.9,48,3.1,Delivered
53706,20250306,1161,2117,3097,2,1268.1,77.76,0.0,56,,Cancelled
53707,20250828,1136,2087,3142,2,1247.46,20.92,160.28,61,3.3,Delivered
53708,20251213,1738,2077,3106,1,207.58,38.86,69.46,19,3.3,Delivered
53709,20250616,1583,2090,3054,5,1122.77,27.67,0.0,43,4.4,Delivered
53710,20251223,1277,2101,3075,1,368.32,20.17,21.12,49,3.5,Delivered
53711,20251013,1506,2109,3002,5,2980.52,69.19,0.0,29,4.2,Delivered
53712,20241019,1482,2084,3108,2,446.52,35.81,197.86,54,3.0,Delivered
53713,20240410,1239,2004,3078,1,667.7,63.87,170.92,23,,Cancelled
53714,20250516,1304,2039,3017,4,3206.46,68.35,213.87,29,4.7,Delivered
53715,20241030,1012,2023,3146,5,1644.22,48.17,247.97,48,4.8,Delivered
53716,20250623,1282,2117,3037,3,1090.53,22.49,0.0,47,,Cancelled
53717,20250706,1582,2068,3079,1,823.43,23.67,178.69,27,3.4,Delivered
53718,20241220,1170,2098,3090,1,782.82,57.69,32.24,64,3.0,Delivered
53719,20241029,1499,2094,3041,5,4249.1,51.91,66.48,25,3.4,Delivered
53720,20250510,1142,2009,3017,1,435.33,70.97,0.0,63,3.5,Delivered
53721,20251019,1737,2079,3136,1,559.79,37.77,51.93,63,3.3,Delivered
53722,20240814,1414,2070,3080,2,1283.31,29.32,0.0,24,4.1,Delivered
53723,20240823,1557,2011,3099,3,822.65,25.89,239.55,42,3.1,Delivered
53724,20250330,1403,2103,3068,1,450.67,43.15,0.0,47,4.5,Delivered
53725,20240113,1595,2011,3025,4,2810.56,35.79,0.0,39,3.8,Delivered
53726,20240728,1166,2024,3121,3,2146.53,16.02,0.0,28,4.1,Delivered
53727,20250131,1479,2026,3068,1,512.5,28.57,205.59,19,4.3,Delivered
53728,20240409,1568,2044,3063,3,2231.87,65.65,37.85,21,3.1,Delivered
53729,20240131,1640,2044,3122,3,2239.57,35.79,0.0,53,4.9,Delivered
53730,20250611,1759,2029,3036,4,786.85,43.35,199.78,57,4.5,Delivered
53731,20251010,1224,2051,3025,5,3206.44,44.22,0.0,35,4.7,Delivered
53732,20241124,1429,2064,3066,3,2550.97,73.23,0.0,23,3.3,Delivered
53733,20240614,1592,2031,3125,2,981.84,75.44,0.0,26,4.1,Delivered
53734,20250403,1146,2064,3129,1,785.06,15.71,0.0,24,3.3,Delivered
53735,20240409,1447,2015,3127,2,683.43,39.92,0.0,19,4.2,Delivered
53736,20250912,1277,2065,3022,1,422.91,35.46,0.0,22,4.3,Delivered
53737,20240621,1111,2084,3057,3,2375.69,20.77,0.0,21,3.5,Delivered
53738,20240610,1601,2041,3128,3,2563.11,74.3,217.3,53,3.4,Delivered
53739,20251228,1548,2044,3118,1,272.65,68.91,239.73,46,4.2,Delivered
53740,20240919,1328,2097,3068,3,1878.12,31.02,0.0,60,4.2,Delivered
53741,20240930,1434,2038,3029,1,224.85,68.36,193.2,39,4.0,Delivered
53742,20240103,1443,2019,3105,4,1994.17,70.93,0.0,26,3.8,Delivered
53743,20240128,1585,2117,3085,1,222.32,21.15,0.0,45,3.2,Delivered
53744,20241121,1195,2106,3089,4,3210.01,23.38,127.34,27,4.1,Delivered
53745,20240528,1588,2062,3116,3,2033.93,44.39,0.0,28,4.3,Delivered
53746,20250623,1241,2107,3142,3,2389.58,74.63,0.0,58,4.4,Delivered
53747,20250502,1031,2119,3036,5,1754.15,30.32,149.73,63,3.3,Delivered
53748,20250313,1266,2008,3020,4,3471.95,27.36,162.46,58,4.4,Delivered
53749,20240305,1381,2094,3062,1,272.56,68.01,0.0,33,3.8,Delivered
53750,20241221,1713,2055,3071,4,1186.34,64.78,159.48,36,3.5,Delivered
53751,20250616,1602,2120,3140,4,1345.39,64.32,0.0,61,4.4,Delivered
53752,20240908,1316,2109,3016,5,1040.4,44.51,0.0,28,3.3,Delivered
53753,20240822,1541,2085,3119,2,800.24,30.25,0.0,37,4.9,Delivered
53754,20240814,1291,2081,3096,2,384.78,30.98,0.0,21,4.4,Delivered
53755,20250608,1053,2018,3115,2,437.8,72.35,0.0,39,4.7,Delivered
53756,20241108,1232,2089,3008,2,901.73,42.27,203.93,31,3.9,Delivered
53757,20240218,1634,2015,3042,3,1070.86,22.62,103.68,59,,Cancelled
53758,20240427,1333,2106,3070,2,706.34,20.04,0.0,47,4.8,Delivered
53759,20240223,1016,2021,3053,3,1109.31,33.77,150.55,23,4.1,Delivered
53760,20251011,1685,2015,3006,3,854.17,30.45,0.0,25,3.1,Delivered
53761,20250718,1379,2001,3015,5,1167.16,63.91,0.0,59,4.8,Delivered
53762,20240213,1782,2064,3063,4,1464.82,79.4,154.93,29,4.5,Delivered
53763,20240222,1261,2025,3121,3,932.42,72.34,228.71,41,4.1,Delivered
53764,20250808,1240,2006,3107,1,420.1,35.55,0.0,25,5.0,Delivered
53765,20250711,1180,2114,3099,1,747.7,72.42,0.0,29,4.8,Delivered
53766,20250608,1309,2044,3077,1,404.7,26.15,127.07,38,5.0,Delivered
53767,20251107,1737,2088,3098,1,693.16,78.68,0.0,33,4.1,Delivered
53768,20240411,1354,2071,3143,4,3419.31,79.21,90.96,58,3.5,Delivered
53769,20250201,1315,2118,3137,4,639.74,40.3,116.77,64,4.6,Delivered
53770,20240517,1282,2085,3100,5,3099.96,35.12,0.0,24,3.3,Delivered
53771,20251105,1559,2021,3062,1,539.15,55.87,132.95,42,3.8,Delivered
53772,20250121,1596,2090,3138,3,1434.98,21.99,0.0,28,3.3,Delivered
53773,20240420,1336,2119,3025,2,422.09,64.5,30.14,29,4.0,Delivered
53774,20250905,1044,2109,3086,5,4231.33,79.68,0.0,50,,Cancelled
53775,20240117,1683,2089,3019,2,469.23,72.76,59.71,34,4.2,Delivered
53776,20240630,1358,2060,3020,3,767.27,40.68,28.44,42,4.6,Delivered
53777,20250619,1483,2108,3079,4,2115.76,19.01,0.0,22,3.6,Delivered
53778,20250624,1139,2043,3098,3,756.93,29.48,110.22,49,4.4,Delivered
53779,20240619,1664,2037,3017,5,4190.09,52.62,35.58,28,4.9,Delivered
53780,20250212,1156,2099,3010,3,2114.7,44.7,183.0,38,4.4,Delivered
53781,20250112,1149,2016,3095,2,1643.09,54.57,226.46,28,3.1,Delivered
53782,20240706,1477,2006,3046,3,1572.55,54.05,152.2,52,3.4,Delivered
53783,20240817,1446,2012,3149,4,1903.65,21.48,127.88,41,4.2,Delivered
53784,20240428,1448,2117,3073,5,1137.66,70.05,0.0,54,3.5,Delivered
53785,20240604,1440,2012,3021,4,2826.22,64.89,221.15,58,4.3,Delivered
53786,20251117,1790,2028,3004,4,1876.6,28.75,23.47,37,4.8,Delivered
53787,20250409,1577,2060,3063,4,651.27,66.82,131.82,23,4.0,Delivered
53788,20240413,1655,2042,3036,2,884.13,69.5,0.0,36,4.1,Delivered
53789,20250826,1797,2018,3069,2,1581.91,47.61,0.0,56,3.6,Delivered
53790,20251128,1623,2119,3144,3,990.91,30.87,0.0,47,4.9,Delivered
53791,20250516,1217,2056,3148,3,535.65,74.87,122.87,41,3.6,Delivered
53792,20251123,1240,2016,3048,2,1028.76,63.72,217.73,64,4.8,Delivered
53793,20251112,1386,2114,3144,2,795.39,75.98,59.21,65,3.6,Delivered
53794,20251129,1419,2117,3062,4,2979.33,57.88,0.0,38,4.7,Delivered
53795,20240623,1465,2026,3113,4,2366.97,32.79,0.0,61,5.0,Delivered
53796,20251104,1601,2009,3078,3,2424.08,47.26,68.08,61,4.9,Delivered
53797,20250224,1075,2055,3007,5,3062.1,58.21,52.71,39,3.9,Delivered
53798,20240513,1625,2018,3010,1,570.2,61.44,0.0,26,3.8,Delivered
53799,20250125,1625,2018,3018,3,1507.02,50.32,93.64,22,3.4,Delivered
53800,20250515,1241,2023,3135,5,4015.3,25.47,0.0,36,3.6,Delivered
53801,20251026,1102,2082,3025,4,2843.51,38.02,0.0,19,3.5,Delivered
53802,20240202,1545,2049,3073,3,2441.57,47.38,37.53,49,3.3,Delivered
53803,20240224,1006,2095,3137,2,1276.06,73.05,227.44,30,4.4,Delivered
53804,20250602,1473,2112,3093,1,365.14,46.26,183.74,42,3.5,Delivered
53805,20250929,1183,2053,3026,2,391.73,20.64,0.0,59,3.8,Delivered
53806,20240112,1038,2014,3142,4,762.66,54.32,0.0,30,3.9,Delivered
53807,20250611,1760,2117,3103,5,2776.08,19.34,188.17,55,3.8,Delivered
53808,20251220,1711,2077,3042,4,2096.01,30.61,125.27,44,4.9,Delivered
53809,20250708,1147,2008,3042,4,1533.46,72.57,0.0,31,4.9,Delivered
53810,20250107,1038,2108,3141,1,610.04,28.13,205.36,65,3.2,Delivered
53811,20250428,1618,2077,3096,1,254.78,39.15,163.58,33,4.1,Delivered
53812,20251008,1326,2097,3097,2,588.21,72.12,77.38,31,4.5,Delivered
53813,20240815,1108,2031,3074,1,383.49,63.54,0.0,19,3.3,Delivered
53814,20250914,1057,2095,3079,3,489.07,15.92,51.88,46,3.2,Delivered
53815,20241102,1252,2044,3036,1,709.76,46.04,88.3,28,4.9,Delivered
53816,20250401,1767,2092,3129,4,3477.55,79.27,0.0,60,4.4,Delivered
53817,20240608,1456,2041,3014,5,2451.04,18.49,32.54,54,4.0,Delivered
53818,20241126,1465,2022,3070,2,817.31,63.13,0.0,41,3.4,Delivered
53819,20240812,1238,2035,3104,4,2905.23,49.91,56.99,51,,Cancelled
53820,20251229,1541,2085,3048,5,3009.7,68.77,39.47,55,,Cancelled
53821,20250518,1117,2112,3144,3,2317.84,59.12,0.0,39,3.1,Delivered
53822,20250331,1697,2002,3138,5,1786.12,79.99,0.0,37,4.5,Delivered
53823,20240214,1403,2057,3067,2,657.38,19.72,0.0,41,4.7,Delivered
53824,20240801,1676,2019,3075,5,2158.8,47.09,0.0,18,4.0,Delivered
53825,20240228,1233,2004,3028,4,2886.28,17.93,0.0,61,3.9,Delivered
53826,20251005,1480,2055,3009,1,711.46,42.53,161.7,27,4.9,Delivered
53827,20250907,1715,2037,3123,1,707.18,18.72,228.74,62,3.2,Delivered
53828,20240713,1603,2090,3076,4,3300.93,30.69,27.46,62,3.1,Delivered
53829,20250503,1662,2090,3149,2,458.77,15.82,42.48,49,3.3,Delivered
53830,20240605,1033,2012,3053,1,439.01,69.8,81.68,49,4.3,Delivered
53831,20250901,1202,2008,3013,5,3418.61,23.16,0.0,53,4.0,Delivered
53832,20240813,1446,2072,3096,5,2019.19,18.39,0.0,43,4.0,Delivered
53833,20250215,1173,2035,3150,3,1256.79,38.71,127.66,44,3.2,Delivered
53834,20240723,1155,2049,3067,4,1843.75,78.72,246.73,54,4.9,Delivered
53835,20240319,1289,2040,3075,2,882.01,51.96,0.0,41,4.4,Delivered
53836,20240503,1174,2072,3135,1,797.71,36.72,0.0,30,3.5,Delivered
53837,20250415,1143,2043,3027,3,2544.99,54.45,0.0,22,3.2,Delivered
53838,20240805,1246,2052,3135,2,1261.86,69.97,118.82,37,4.5,Delivered
53839,20250530,1202,2090,3079,4,2339.2,52.12,147.29,50,5.0,Delivered
53840,20250824,1670,2092,3008,2,427.91,37.59,0.0,49,3.5,Delivered
53841,20240413,1472,2017,3003,2,883.02,26.73,221.26,40,4.5,Delivered
53842,20250127,1055,2117,3036,4,1351.32,23.72,74.06,36,4.8,Delivered
53843,20250922,1006,2061,3042,1,232.95,63.95,109.8,23,4.0,Delivered
53844,20251006,1050,2113,3146,4,1331.15,69.4,249.12,41,3.5,Delivered
53845,20250830,1230,2017,3050,4,613.29,15.78,0.0,30,3.9,Delivered
53846,20250309,1542,2103,3039,3,1553.25,33.81,105.95,56,4.6,Delivered
53847,20241126,1628,2083,3059,1,749.44,61.15,222.37,31,3.3,Delivered
53848,20240522,1076,2076,3132,2,327.7,49.04,0.0,63,4.7,Delivered
53849,20250623,1498,2105,3142,4,1221.06,62.1,0.0,39,3.2,Delivered
53850,20241004,1593,2115,3067,5,2680.7,30.78,0.0,52,4.7,Delivered
53851,20240820,1230,2044,3077,5,1985.68,24.02,0.0,22,3.4,Delivered
53852,20250612,1277,2056,3072,1,682.63,47.66,41.59,23,4.6,Delivered
53853,20250724,1721,2093,3144,1,757.15,40.02,0.0,32,4.4,Delivered
53854,20240330,1251,2094,3080,5,1888.94,31.01,0.0,44,,Cancelled
53855,20250506,1057,2095,3052,3,1758.4,28.07,0.0,61,3.1,Delivered
53856,20240717,1174,2092,3084,2,1301.76,17.01,158.28,32,3.4,Delivered
53857,20241227,1493,2055,3098,2,1299.44,61.18,0.0,65,4.7,Delivered
53858,20250316,1374,2017,3074,4,3458.56,21.38,95.91,58,4.6,Delivered
53859,20240126,1194,2073,3010,2,381.77,19.0,112.65,22,4.7,Delivered
53860,20240125,1168,2111,3118,4,1589.29,33.99,85.33,52,4.0,Delivered
53861,20250128,1774,2049,3018,2,1498.98,48.0,157.86,28,4.8,Delivered
53862,20250521,1457,2077,3089,1,396.0,47.28,83.6,35,3.5,Delivered
53863,20241027,1735,2078,3004,1,456.16,37.51,0.0,50,3.3,Delivered
53864,20241204,1788,2077,3104,2,1354.71,69.58,0.0,59,3.5,Delivered
53865,20240923,1247,2044,3047,5,3249.04,23.52,25.45,37,3.5,Delivered
53866,20250405,1525,2066,3095,3,876.85,63.12,216.07,38,4.7,Delivered
53867,20251123,1754,2001,3016,4,3190.32,74.71,37.67,52,3.7,Delivered
53868,20250331,1375,2020,3117,3,487.03,17.21,189.46,55,4.4,Delivered
53869,20241225,1266,2008,3038,5,2050.05,27.19,0.0,31,4.3,Delivered
53870,20240308,1556,2054,3113,3,2608.37,39.94,194.06,18,4.2,Delivered
53871,20250215,1226,2059,3092,3,645.66,39.89,0.0,53,4.3,Delivered
53872,20250505,1476,2085,3013,4,703.01,79.69,142.14,46,4.3,Delivered
53873,20240218,1425,2083,3050,1,826.79,61.28,227.73,53,3.2,Delivered
53874,20251117,1249,2040,3008,1,268.46,42.75,194.42,48,3.4,Delivered
53875,20250717,1106,2096,3137,2,1716.39,34.19,0.0,34,5.0,Delivered
53876,20240411,1700,2053,3063,4,1684.79,21.54,131.09,58,3.7,Delivered
53877,20240803,1072,2100,3131,3,1553.36,27.6,86.01,44,3.1,Delivered
53878,20250313,1457,2106,3052,3,1329.96,19.93,123.64,34,3.0,Delivered
53879,20251130,1574,2117,3109,3,1058.73,49.62,117.91,65,,Cancelled
53880,20250722,1264,2029,3063,1,716.29,49.7,139.02,21,3.7,Delivered
53881,20250712,1607,2111,3057,1,252.45,69.54,0.0,44,3.5,Delivered
53882,20240607,1403,2041,3046,4,2932.07,51.63,225.75,51,3.0,Delivered
53883,20250503,1606,2066,3113,1,734.69,54.55,108.8,47,3.0,Delivered
53884,20251116,1605,2077,3146,1,202.75,72.78,0.0,20,4.0,Delivered
53885,20240829,1561,2110,3062,3,1029.67,30.07,121.44,37,3.6,Delivered
53886,20240105,1267,2056,3118,4,2859.71,78.01,73.35,53,3.2,Delivered
53887,20250818,1600,2068,3055,1,580.78,47.36,93.13,51,3.2,Delivered
53888,20241226,1153,2096,3009,1,412.61,56.43,48.95,59,3.4,Delivered
53889,20250403,1268,2071,3113,1,227.67,17.72,242.29,40,4.7,Delivered
53890,20240904,1166,2075,3008,1,583.37,19.1,58.19,29,3.9,Delivered
53891,20250719,1714,2106,3036,5,3518.74,29.84,155.61,26,4.1,Delivered
53892,20251103,1050,2071,3009,4,2638.14,42.96,0.0,58,3.3,Delivered
53893,20250225,1745,2075,3067,5,2914.64,19.62,93.64,30,4.7,Delivered
53894,20240115,1309,2016,3110,1,635.75,45.57,149.76,31,3.6,Delivered
53895,20250726,1145,2018,3053,2,332.02,30.52,0.0,62,4.3,Delivered
53896,20240501,1412,2116,3063,5,4022.24,26.72,208.36,42,3.3,Delivered
53897,20241003,1399,2015,3124,1,503.94,20.19,0.0,38,3.4,Delivered
53898,20250711,1086,2023,3047,1,208.26,37.17,0.0,46,3.9,Delivered
53899,20250328,1711,2106,3020,1,594.69,67.83,247.13,53,3.3,Delivered
53900,20250124,1549,2065,3130,1,805.93,78.06,0.0,46,3.9,Delivered
53901,20241020,1448,2097,3036,1,418.14,30.48,163.58,18,3.0,Delivered
53902,20250727,1389,2113,3007,4,2066.41,56.82,130.9,35,3.9,Delivered
53903,20250820,1632,2048,3046,2,867.01,19.17,98.57,43,4.7,Delivered
53904,20250321,1168,2088,3046,4,3444.08,63.43,0.0,38,3.7,Delivered
53905,20240728,1724,2075,3087,2,833.17,34.32,185.41,51,5.0,Delivered
53906,20250812,1385,2086,3009,3,763.87,54.23,116.43,21,4.6,Delivered
53907,20251214,1777,2028,3070,3,2583.63,22.29,0.0,65,4.8,Delivered
53908,20241028,1183,2086,3147,2,1115.17,42.81,0.0,65,5.0,Delivered
53909,20240810,1463,2012,3065,3,585.64,79.34,115.15,18,,Cancelled
53910,20240103,1555,2111,3068,5,1508.53,70.87,189.1,32,3.6,Delivered
53911,20250601,1797,2031,3135,1,283.11,42.84,131.52,33,3.6,Delivered
53912,20240402,1044,2103,3133,3,1297.85,65.53,178.27,54,3.6,Delivered
53913,20250603,1700,2036,3007,3,761.42,37.04,196.94,38,4.7,Delivered
53914,20250303,1174,2068,3054,4,3159.69,41.16,235.87,52,4.6,Delivered
53915,20250507,1220,2066,3004,2,1506.15,63.03,241.15,27,3.8,Delivered
53916,20240822,1195,2106,3091,5,3552.9,75.43,0.0,50,3.8,Delivered
53917,20250911,1462,2043,3111,4,3475.75,67.35,0.0,31,3.0,Delivered
53918,20240609,1488,2033,3003,5,2042.03,64.23,248.52,62,4.1,Delivered
53919,20251221,1483,2070,3088,5,4465.79,54.7,0.0,29,4.9,Delivered
53920,20241126,1449,2082,3008,1,728.92,77.56,0.0,32,4.5,Delivered
53921,20241128,1083,2047,3078,1,800.28,27.05,195.79,33,3.5,Delivered
53922,20240219,1380,2085,3146,1,833.58,33.08,0.0,52,3.6,Delivered
53923,20250606,1454,2002,3089,5,4079.31,64.78,0.0,21,3.7,Delivered
53924,20251029,1333,2043,3097,2,341.99,24.79,0.0,48,4.3,Delivered
53925,20250506,1725,2010,3056,5,784.02,64.08,246.29,42,3.2,Delivered
53926,20250804,1100,2012,3010,5,2940.8,27.66,0.0,65,3.1,Delivered
53927,20251111,1044,2040,3142,4,1117.86,35.39,144.18,36,,Cancelled
53928,20240928,1761,2119,3130,2,747.08,49.05,108.92,52,3.0,Delivered
53929,20250802,1531,2073,3089,2,1576.56,53.87,0.0,59,3.8,Delivered
53930,20240908,1513,2011,3027,2,889.4,16.07,0.0,53,3.1,Delivered
53931,20250713,1514,2066,3138,4,1073.09,48.42,110.65,18,3.4,Delivered
53932,20251126,1275,2067,3141,4,1534.79,33.46,31.29,60,4.1,Delivered
53933,20251129,1256,2022,3056,1,474.83,57.38,0.0,32,4.4,Delivered
53934,20240330,1456,2118,3095,2,1714.18,21.36,34.04,44,3.8,Delivered
53935,20250321,1173,2055,3149,2,1777.1,38.58,243.35,38,3.6,Delivered
53936,20241127,1439,2051,3057,1,550.07,75.22,96.2,42,4.8,Delivered
53937,20240518,1498,2037,3070,3,620.89,48.24,212.63,51,3.1,Delivered
53938,20241222,1561,2063,3091,4,2842.37,26.87,190.15,42,3.6,Delivered
53939,20250823,1517,2031,3057,5,815.95,57.91,0.0,30,4.3,Delivered
53940,20240930,1698,2083,3036,1,831.76,23.72,185.38,37,4.9,Delivered
53941,20240119,1501,2035,3112,4,1766.58,35.76,133.07,48,3.4,Delivered
53942,20241106,1148,2084,3122,2,1663.77,26.55,0.0,61,4.8,Delivered
53943,20240602,1348,2048,3056,5,2895.88,70.06,99.71,18,4.6,Delivered
53944,20250124,1316,2046,3054,1,665.26,39.37,193.87,28,4.3,Delivered
53945,20240916,1037,2024,3037,3,1887.06,43.19,192.28,24,3.7,Delivered
53946,20250911,1270,2096,3102,2,1285.59,20.24,198.53,47,3.6,Delivered
53947,20250724,1723,2066,3001,3,2104.97,66.98,35.18,53,3.6,Delivered
53948,20240504,1023,2049,3028,5,1416.65,48.0,21.33,60,3.1,Delivered
53949,20241219,1496,2042,3018,2,371.34,38.02,154.9,25,4.7,Delivered
53950,20240929,1445,2098,3047,5,763.45,54.47,0.0,28,3.1,Delivered
53951,20250910,1627,2049,3006,3,2158.3,61.31,0.0,35,4.2,Delivered
53952,20240901,1211,2090,3025,2,1631.1,68.19,0.0,62,3.7,Delivered
53953,20250325,1133,2007,3008,2,1029.52,66.24,158.08,33,4.0,Delivered
53954,20240903,1111,2071,3082,3,1115.3,78.24,194.5,61,4.0,Delivered
53955,20250603,1238,2080,3133,4,1664.34,32.29,68.41,64,3.7,Delivered
53956,20240520,1759,2025,3108,5,821.84,41.71,0.0,34,3.6,Delivered
53957,20241227,1173,2004,3003,4,2566.08,18.04,210.78,38,3.7,Delivered
53958,20240108,1790,2058,3056,1,715.46,70.57,82.65,60,4.2,Delivered
53959,20250422,1786,2114,3116,3,715.32,46.73,0.0,24,3.1,Delivered
53960,20241217,1084,2119,3030,3,1100.12,51.92,128.22,62,3.2,Delivered
53961,20250509,1080,2022,3010,3,2371.75,31.65,0.0,43,4.8,Delivered
53962,20250828,1199,2078,3051,3,2509.55,75.67,0.0,31,4.6,Delivered
53963,20250302,1244,2073,3137,5,2168.85,23.78,0.0,43,3.1,Delivered
53964,20240208,1566,2004,3137,3,2365.2,24.62,0.0,53,3.0,Delivered
53965,20250815,1009,2029,3039,4,2150.27,38.11,68.46,26,4.4,Delivered
53966,20240705,1715,2050,3110,5,3094.31,31.06,0.0,41,3.0,Delivered
53967,20250818,1266,2090,3083,4,2423.1,43.68,182.97,26,3.9,Delivered
53968,20250822,1415,2085,3134,5,1836.26,58.32,0.0,24,3.8,Delivered
53969,20240402,1326,2117,3013,5,1010.62,57.09,0.0,22,3.5,Delivered
53970,20240326,1315,2041,3041,4,3259.22,76.54,56.05,32,3.4,Delivered
53971,20240213,1184,2027,3081,2,1734.48,53.96,0.0,26,4.8,Delivered
53972,20240516,1076,2037,3011,4,725.3,27.23,170.3,56,4.7,Delivered
53973,20250224,1283,2008,3027,2,735.42,31.51,0.0,56,4.4,Delivered
53974,20240314,1054,2117,3120,4,3534.82,58.68,82.64,59,3.9,Delivered
53975,20250701,1745,2034,3115,3,2161.91,78.89,0.0,47,4.2,Delivered
53976,20250904,1418,2053,3058,3,2301.48,52.37,109.55,46,3.8,Delivered
53977,20250526,1255,2113,3054,1,647.49,37.3,0.0,31,3.8,Delivered
53978,20240604,1146,2041,3129,5,1112.14,16.31,31.77,25,4.0,Delivered
53979,20240911,1262,2017,3086,3,1415.96,17.06,167.0,63,4.6,Delivered
53980,20240619,1371,2085,3123,5,3225.89,67.12,136.44,61,4.9,Delivered
53981,20251228,1197,2056,3047,5,2955.73,26.77,109.06,44,4.5,Delivered
53982,20240618,1597,2025,3120,1,174.04,79.79,0.0,63,4.9,Delivered
53983,20241117,1728,2058,3116,1,855.67,60.13,108.56,53,4.1,Delivered
53984,20250720,1573,2115,3034,2,1561.52,70.22,0.0,53,4.7,Delivered
53985,20250331,1532,2072,3043,5,2126.37,77.09,0.0,55,4.8,Delivered
53986,20250825,1522,2088,3107,1,628.63,37.6,87.21,53,4.8,Delivered
53987,20250904,1617,2031,3084,2,997.8,33.08,72.19,47,3.4,Delivered
53988,20240603,1209,2035,3046,5,1953.24,16.42,150.06,25,4.2,Delivered
53989,20241214,1232,2089,3026,3,1024.36,32.61,183.3,37,3.1,Delivered
53990,20250326,1394,2022,3008,3,531.47,24.68,0.0,25,3.8,Delivered
53991,20251014,1311,2060,3114,1,483.4,52.98,248.13,51,3.4,Delivered
53992,20240621,1079,2057,3086,5,2637.38,34.86,226.63,47,4.5,Delivered
53993,20240110,1562,2010,3095,3,2688.5,63.16,183.57,27,3.7,Delivered
53994,20240921,1062,2095,3074,5,2551.65,56.02,0.0,38,,Cancelled
53995,20250313,1734,2025,3111,4,2798.29,44.99,104.23,53,4.9,Delivered
53996,20240903,1616,2101,3014,2,1732.12,18.89,0.0,62,4.9,Delivered
53997,20251028,1671,2056,3020,2,831.91,42.96,0.0,49,4.1,Delivered
53998,20250629,1227,2008,3079,2,1372.07,45.91,20.47,32,3.5,Delivered
53999,20250513,1216,2004,3057,2,825.29,34.08,0.0,30,3.8,Delivered
54000,20240508,1656,2019,3075,4,3140.17,65.47,0.0,18,5.0,Delivered
54001,20251102,1392,2027,3019,4,2326.96,21.67,182.52,45,4.9,Delivered
54002,20250823,1494,2047,3011,1,457.83,79.97,0.0,47,4.4,Delivered
54003,20250827,1563,2093,3054,1,665.67,21.54,68.45,64,3.8,Delivered
54004,20241122,1017,2078,3024,2,1572.28,37.6,0.0,33,,Cancelled
54005,20250207,1340,2097,3007,4,2521.05,35.71,248.0,37,,Cancelled
54006,20250920,1011,2029,3133,3,2443.03,68.7,0.0,42,5.0,Delivered
54007,20250828,1640,2025,3054,5,1340.91,43.33,170.28,19,4.8,Delivered
54008,20251105,1079,2009,3127,3,2047.57,67.85,0.0,43,3.5,Delivered
54009,20250902,1542,2074,3131,1,676.18,21.08,220.29,26,4.5,Delivered
54010,20250916,1634,2018,3071,1,761.65,43.3,0.0,38,3.0,Delivered
54011,20241224,1150,2095,3048,2,1403.83,78.16,0.0,25,3.8,Delivered
54012,20250825,1541,2008,3138,5,1790.78,76.43,97.04,50,4.8,Delivered
54013,20251218,1455,2061,3027,4,2250.45,19.41,22.77,51,3.7,Delivered
54014,20240117,1335,2074,3071,2,580.19,43.83,71.42,53,4.8,Delivered
54015,20240930,1336,2072,3081,5,2193.19,23.67,102.09,25,3.1,Delivered
54016,20251115,1087,2039,3002,1,894.68,47.35,0.0,41,,Cancelled
54017,20240425,1185,2042,3123,2,1234.34,49.55,105.9,35,3.3,Delivered
54018,20251123,1096,2027,3136,2,815.51,70.31,174.93,62,3.9,Delivered
54019,20240331,1443,2013,3115,2,1699.17,24.78,0.0,43,3.9,Delivered
54020,20240322,1305,2034,3148,1,437.16,19.09,63.03,23,4.5,Delivered
54021,20241119,1285,2001,3074,5,4022.08,19.91,122.75,55,4.8,Delivered
54022,20240423,1262,2016,3031,3,1772.91,26.22,70.11,30,4.7,Delivered
54023,20240227,1702,2110,3012,3,1642.41,79.58,0.0,45,3.2,Delivered
54024,20240602,1012,2093,3025,3,1387.97,39.49,0.0,38,4.4,Delivered
54025,20250207,1091,2076,3018,4,2910.06,23.29,77.1,61,4.8,Delivered
54026,20250919,1301,2096,3080,4,717.38,79.32,0.0,24,4.4,Delivered
54027,20240922,1652,2001,3018,2,1174.29,49.79,121.83,20,4.1,Delivered
54028,20241110,1054,2002,3027,3,1004.08,51.0,196.65,59,4.5,Delivered
54029,20251215,1746,2015,3078,1,757.12,46.69,225.68,56,4.5,Delivered
54030,20240210,1418,2053,3054,5,3943.79,53.53,94.44,18,4.3,Delivered
54031,20240414,1599,2029,3123,5,906.75,29.08,0.0,63,3.7,Delivered
54032,20240711,1420,2048,3039,1,564.65,73.06,190.45,39,4.9,Delivered
54033,20250204,1228,2070,3132,2,811.91,57.72,167.56,55,4.3,Delivered
54034,20241004,1330,2007,3037,1,733.42,60.61,0.0,54,3.0,Delivered
54035,20241219,1579,2096,3125,2,1741.2,72.21,37.27,45,,Cancelled
54036,20250802,1087,2070,3047,4,2927.34,60.87,0.0,64,4.1,Delivered
54037,20251209,1411,2109,3013,2,894.81,67.57,56.5,57,4.1,Delivered
54038,20240912,1447,2083,3125,3,1765.77,19.87,0.0,29,4.7,Delivered
54039,20251012,1375,2061,3131,2,300.73,31.88,71.54,45,4.9,Delivered
54040,20251022,1638,2080,3138,3,1564.73,42.27,0.0,40,4.7,Delivered
54041,20240408,1049,2103,3078,5,3118.94,52.36,0.0,40,3.6,Delivered
54042,20250810,1481,2005,3103,5,2886.79,21.53,0.0,35,4.1,Delivered
54043,20241008,1617,2058,3031,2,1613.46,35.99,182.48,26,4.7,Delivered
54044,20250206,1482,2015,3037,1,503.82,62.29,0.0,53,3.8,Delivered
54045,20240418,1201,2051,3044,1,837.64,58.52,115.04,54,4.7,Delivered
54046,20251130,1478,2100,3041,3,1552.52,47.76,0.0,18,4.7,Delivered
54047,20240717,1458,2078,3108,2,1164.91,48.68,91.83,41,4.6,Delivered
54048,20241029,1718,2050,3048,3,2340.9,49.48,175.33,54,4.0,Delivered
54049,20241122,1625,2018,3004,5,1394.94,39.76,0.0,30,4.3,Delivered
54050,20240602,1108,2083,3114,5,2305.45,59.74,52.68,26,4.1,Delivered
54051,20250705,1167,2029,3106,1,754.65,31.53,0.0,52,4.5,Delivered
54052,20251006,1224,2048,3014,3,2621.82,51.47,166.0,65,3.1,Delivered
54053,20250208,1710,2088,3140,2,1641.03,47.31,24.08,61,,Cancelled
54054,20250406,1062,2071,3054,4,989.83,16.15,88.13,65,4.5,Delivered
54055,20240511,1346,2082,3136,3,1051.78,28.88,0.0,24,,Cancelled
54056,20240324,1330,2105,3026,3,2017.16,29.1,0.0,33,3.2,Delivered
54057,20250202,1136,2047,3045,5,2366.94,45.46,0.0,54,4.8,Delivered
54058,20250919,1733,2104,3147,4,2519.19,46.33,0.0,58,3.1,Delivered
54059,20240418,1401,2049,3124,1,209.6,50.83,0.0,50,4.5,Delivered
54060,20240808,1449,2109,3017,5,1400.31,50.51,0.0,48,4.6,Delivered
54061,20250706,1269,2090,3063,3,1899.79,75.61,63.33,27,3.4,Delivered
54062,20250102,1238,2004,3029,2,1711.76,38.41,0.0,49,4.5,Delivered
54063,20240526,1037,2052,3024,4,1968.56,18.11,103.29,24,4.0,Delivered
54064,20240421,1654,2091,3133,3,870.08,49.21,42.96,45,,Cancelled
54065,20250906,1125,2034,3088,2,1366.46,68.76,0.0,63,4.0,Delivered
54066,20250711,1610,2118,3095,5,4024.43,64.28,60.56,60,3.7,Delivered
54067,20250508,1188,2074,3106,5,3644.47,66.45,76.71,37,3.9,Delivered
54068,20250519,1794,2022,3136,4,2328.68,59.36,239.0,29,3.5,Delivered
54069,20250419,1658,2089,3058,1,262.66,41.47,0.0,44,4.4,Delivered
54070,20240927,1253,2115,3071,4,2376.16,43.93,86.66,46,4.6,Delivered
54071,20250224,1577,2007,3050,5,4476.24,28.99,150.99,44,3.2,Delivered
54072,20251207,1004,2031,3084,2,1604.59,65.72,94.88,38,,Cancelled
54073,20250101,1500,2025,3102,5,1256.5,51.42,0.0,65,3.5,Delivered
54074,20241006,1668,2015,3006,3,2612.77,44.94,31.88,49,3.8,Delivered
54075,20241009,1685,2031,3135,4,2624.05,39.64,136.19,40,4.9,Delivered
54076,20240209,1376,2090,3100,5,4041.97,61.02,176.16,53,3.3,Delivered
54077,20240707,1646,2058,3037,2,330.49,16.51,146.53,19,3.5,Delivered
54078,20240612,1557,2015,3100,5,3813.74,40.68,173.6,38,4.0,Delivered
54079,20250619,1575,2029,3109,5,2025.73,64.06,78.27,20,3.8,Delivered
54080,20250619,1608,2054,3035,1,624.35,15.91,200.44,50,4.4,Delivered
54081,20240104,1567,2068,3096,3,1608.4,25.18,0.0,29,4.3,Delivered
54082,20241016,1635,2094,3004,3,2422.28,40.62,185.76,40,3.3,Delivered
54083,20250308,1362,2008,3067,3,2286.25,79.62,0.0,25,4.2,Delivered
54084,20250415,1657,2106,3065,2,1414.41,71.2,34.71,34,4.9,Delivered
54085,20240629,1082,2061,3084,3,972.03,44.09,0.0,48,3.4,Delivered
54086,20240904,1441,2002,3115,2,882.0,70.52,0.0,38,4.3,Delivered
54087,20250919,1028,2105,3016,1,374.67,20.99,0.0,18,4.0,Delivered
54088,20241005,1277,2079,3042,2,1601.18,20.55,26.86,60,,Cancelled
54089,20250803,1566,2005,3038,5,882.11,40.55,213.74,63,,Cancelled
54090,20240910,1454,2008,3110,5,3611.05,24.85,0.0,65,3.2,Delivered
54091,20240629,1245,2038,3077,2,734.75,47.53,0.0,33,4.5,Delivered
54092,20251111,1396,2034,3121,2,530.46,79.28,0.0,54,3.3,Delivered
54093,20250523,1259,2008,3054,3,1183.33,39.68,122.46,31,3.0,Delivered
54094,20251130,1706,2030,3114,5,3597.26,26.43,191.61,62,4.2,Delivered
54095,20250719,1220,2094,3130,4,3123.41,63.7,81.65,22,3.8,Delivered
54096,20241121,1298,2005,3094,3,1821.13,57.66,166.97,60,3.2,Delivered
54097,20241222,1253,2082,3101,5,2230.73,36.69,217.95,62,3.4,Delivered
54098,20251011,1428,2044,3124,1,587.3,36.9,34.64,43,3.0,Delivered
54099,20251110,1770,2043,3098,4,1202.55,66.52,53.37,21,3.2,Delivered
54100,20250125,1528,2026,3016,3,577.09,77.73,137.4,63,3.1,Delivered
54101,20250906,1710,2079,3108,3,2338.37,63.16,0.0,41,4.8,Delivered
54102,20240325,1535,2008,3037,2,1610.47,56.07,178.2,60,4.2,Delivered
54103,20241112,1328,2097,3116,3,2544.77,25.61,131.03,56,4.5,Delivered
54104,20240730,1150,2028,3032,4,1922.0,38.44,0.0,51,4.4,Delivered
54105,20250529,1657,2043,3145,1,505.65,74.8,246.71,42,4.2,Delivered
54106,20250118,1293,2110,3061,1,394.24,68.44,0.0,48,4.3,Delivered
54107,20251121,1589,2117,3086,5,1677.33,28.79,198.46,26,4.1,Delivered
54108,20241207,1703,2064,3150,4,3046.11,31.23,0.0,52,3.6,Delivered
54109,20240207,1085,2037,3142,3,1574.37,54.49,0.0,22,3.3,Delivered
54110,20250525,1771,2047,3047,3,592.03,63.94,155.8,48,5.0,Delivered
54111,20250223,1341,2099,3094,3,1205.99,60.03,0.0,41,4.4,Delivered
54112,20240617,1478,2054,3023,3,1701.84,73.39,173.68,30,4.3,Delivered
54113,20241208,1515,2004,3067,2,1120.41,75.35,0.0,33,3.3,Delivered
54114,20241101,1249,2057,3071,4,2181.47,73.1,0.0,40,4.2,Delivered
54115,20250625,1131,2030,3067,4,1500.96,58.17,0.0,65,3.8,Delivered
54116,20251202,1543,2013,3101,3,1172.16,48.79,0.0,24,4.8,Delivered
54117,20250620,1031,2034,3066,1,899.03,18.2,238.31,52,4.1,Delivered
54118,20240421,1415,2117,3022,3,1357.02,37.79,91.41,19,3.7,Delivered
54119,20250214,1714,2025,3094,1,637.88,15.1,0.0,59,4.4,Delivered
54120,20240724,1737,2088,3089,4,2059.45,31.49,133.12,45,3.4,Delivered
54121,20240703,1698,2031,3046,5,3792.45,39.5,187.87,42,3.6,Delivered
54122,20250116,1257,2074,3081,3,995.03,43.87,0.0,35,3.8,Delivered
54123,20250510,1526,2103,3077,2,597.95,24.61,130.29,62,4.8,Delivered
54124,20250113,1511,2059,3066,5,1179.16,26.79,0.0,49,4.1,Delivered
54125,20240216,1032,2039,3056,4,1334.62,77.64,0.0,25,3.0,Delivered
54126,20250704,1646,2061,3067,1,339.37,55.58,0.0,59,3.3,Delivered
54127,20250611,1690,2048,3038,1,352.26,30.36,238.38,44,4.1,Delivered
54128,20250518,1235,2027,3112,3,1756.35,63.84,0.0,49,,Cancelled
54129,20240122,1389,2058,3054,2,883.3,56.96,103.91,51,3.9,Delivered
54130,20240731,1239,2049,3112,3,1588.42,73.71,156.99,41,3.5,Delivered
54131,20241105,1088,2046,3048,5,2757.08,66.52,0.0,56,3.1,Delivered
54132,20251022,1305,2022,3100,4,1329.47,46.13,0.0,48,3.6,Delivered
54133,20240928,1786,2059,3114,4,2520.63,32.82,0.0,47,3.8,Delivered
54134,20250724,1220,2049,3034,1,739.09,50.64,0.0,54,3.9,Delivered
54135,20240720,1349,2042,3142,3,1558.75,78.27,220.21,26,4.6,Delivered
54136,20240201,1069,2068,3103,1,629.44,53.3,0.0,38,4.5,Delivered
54137,20250318,1136,2091,3083,4,1290.34,17.11,0.0,64,4.1,Delivered
54138,20240610,1699,2073,3148,3,1131.56,70.88,0.0,65,3.2,Delivered
54139,20240910,1442,2037,3089,2,582.67,74.17,73.89,44,3.4,Delivered
54140,20250604,1208,2005,3001,2,1615.17,35.39,104.74,55,3.0,Delivered
54141,20251012,1360,2002,3001,4,3592.6,60.76,0.0,56,3.0,Delivered
54142,20250424,1755,2029,3125,4,2280.42,45.59,0.0,59,3.3,Delivered
54143,20240110,1537,2054,3050,4,3552.7,31.09,126.97,55,3.9,Delivered
54144,20251226,1396,2075,3032,5,3154.6,43.43,0.0,42,4.1,Delivered
54145,20250519,1545,2051,3026,5,4484.13,36.77,0.0,18,4.5,Delivered
54146,20250713,1554,2008,3061,3,1074.24,60.78,0.0,56,4.9,Delivered
54147,20250311,1553,2068,3130,1,664.7,30.04,0.0,29,3.3,Delivered
54148,20240420,1354,2028,3031,3,782.36,40.08,0.0,19,3.6,Delivered
54149,20240601,1663,2082,3115,1,703.38,44.82,0.0,38,4.1,Delivered
54150,20250926,1719,2076,3048,4,1093.77,20.89,0.0,55,4.7,Delivered
54151,20240411,1770,2029,3128,4,2611.79,34.77,245.91,49,3.6,Delivered
54152,20240709,1315,2059,3107,2,1336.02,63.21,0.0,39,4.0,Delivered
54153,20251229,1533,2078,3137,4,2164.72,17.16,220.2,47,4.9,Delivered
54154,20250716,1396,2072,3133,3,634.66,54.39,0.0,46,4.6,Delivered
54155,20240321,1033,2034,3080,5,1150.34,44.24,0.0,19,3.4,Delivered
54156,20250503,1191,2021,3029,5,4263.26,67.92,71.61,27,5.0,Delivered
54157,20240328,1733,2023,3053,5,1389.93,46.16,39.43,18,3.9,Delivered
54158,20240712,1160,2078,3047,2,1149.54,49.5,210.64,20,3.5,Delivered
54159,20240413,1159,2065,3083,5,1515.71,64.59,217.88,25,3.3,Delivered
54160,20240405,1365,2071,3062,5,2230.0,75.73,0.0,48,5.0,Delivered
54161,20250226,1148,2015,3144,3,1719.27,74.41,0.0,38,4.6,Delivered
54162,20240716,1103,2075,3093,3,2572.74,43.72,194.16,60,5.0,Delivered
54163,20240101,1286,2117,3029,3,537.97,63.67,95.49,59,4.0,Delivered
54164,20250210,1511,2069,3110,1,169.34,36.15,0.0,46,3.7,Delivered
54165,20250112,1800,2072,3051,5,1844.85,24.68,102.75,51,3.6,Delivered
54166,20240615,1392,2030,3055,1,162.31,66.3,0.0,65,,Cancelled
54167,20250523,1292,2105,3056,3,1754.67,48.99,0.0,25,4.4,Delivered
54168,20250929,1548,2106,3062,1,214.49,78.0,166.1,23,3.6,Delivered
54169,20241108,1757,2006,3087,3,1441.01,17.69,0.0,37,3.6,Delivered
54170,20250815,1409,2075,3057,5,2951.85,41.4,49.93,54,3.1,Delivered
54171,20250221,1113,2023,3020,4,1530.51,36.58,201.62,59,4.4,Delivered
54172,20251111,1233,2048,3001,5,4295.38,57.6,0.0,31,3.8,Delivered
54173,20250421,1090,2010,3138,4,1020.31,65.13,0.0,65,3.1,Delivered
54174,20240313,1663,2115,3013,2,653.57,34.29,34.86,59,3.5,Delivered
54175,20240520,1669,2008,3110,5,3115.02,31.11,0.0,56,3.1,Delivered
54176,20250804,1351,2080,3138,1,344.89,61.15,68.7,19,4.9,Delivered
54177,20240918,1159,2038,3074,5,4004.17,47.23,145.06,28,3.2,Delivered
54178,20241205,1737,2088,3099,1,665.57,18.31,106.59,55,3.9,Delivered
54179,20241103,1621,2022,3145,1,523.36,77.96,23.2,43,,Cancelled
54180,20240901,1405,2113,3058,5,4166.36,29.94,43.61,58,3.8,Delivered
54181,20250529,1392,2037,3064,1,659.52,21.57,0.0,34,4.9,Delivered
54182,20241202,1670,2068,3121,4,3585.98,25.06,0.0,40,3.2,Delivered
54183,20250728,1288,2081,3105,4,1807.3,65.07,0.0,28,4.9,Delivered
54184,20250714,1659,2043,3082,5,2079.96,52.98,134.58,37,3.7,Delivered
54185,20240316,1549,2116,3012,5,974.73,65.94,149.74,25,3.5,Delivered
54186,20240623,1004,2096,3043,2,434.33,75.63,97.48,20,3.3,Delivered
54187,20240418,1051,2029,3134,1,348.79,20.69,0.0,44,4.7,Delivered
54188,20240701,1599,2077,3110,3,2173.64,33.46,0.0,40,4.0,Delivered
54189,20240710,1068,2089,3096,2,1199.39,33.58,202.06,41,4.3,Delivered
54190,20240305,1556,2091,3090,5,3743.11,62.47,0.0,47,3.5,Delivered
54191,20250418,1554,2085,3073,5,2569.15,27.31,0.0,53,3.9,Delivered
54192,20240409,1779,2022,3058,5,2220.66,73.43,0.0,48,3.0,Delivered
54193,20250627,1730,2053,3128,4,1443.95,32.0,0.0,35,3.3,Delivered
54194,20240507,1765,2090,3021,1,292.75,37.96,0.0,42,3.4,Delivered
54195,20250327,1072,2003,3102,4,2759.62,31.63,0.0,25,3.7,Delivered
54196,20250103,1698,2084,3073,1,781.85,75.43,0.0,58,3.3,Delivered
54197,20240212,1220,2048,3112,4,1617.81,47.72,104.59,21,3.5,Delivered
54198,20250222,1228,2098,3073,5,4209.98,45.6,0.0,27,3.4,Delivered
54199,20250502,1012,2108,3122,1,669.2,46.77,62.4,24,3.5,Delivered
54200,20240318,1716,2108,3070,4,2009.59,72.1,0.0,26,4.8,Delivered
54201,20240926,1108,2061,3052,4,1916.9,74.25,119.92,50,4.2,Delivered
54202,20251104,1549,2027,3008,3,2165.21,60.91,0.0,36,3.3,Delivered
54203,20251201,1303,2002,3064,5,1835.73,19.74,0.0,44,4.3,Delivered
54204,20251228,1554,2085,3125,4,1070.95,72.49,219.26,44,4.4,Delivered
54205,20241110,1270,2020,3091,5,4364.76,29.94,21.05,59,3.9,Delivered
54206,20240616,1745,2026,3002,5,1534.64,40.79,0.0,63,3.4,Delivered
54207,20241204,1115,2007,3001,1,512.75,34.66,0.0,31,4.1,Delivered
54208,20240711,1331,2002,3125,2,599.56,58.21,170.46,64,3.0,Delivered
54209,20250328,1768,2117,3066,4,1808.44,31.22,0.0,26,4.7,Delivered
54210,20241009,1143,2077,3116,5,1582.81,74.44,141.56,59,4.9,Delivered
54211,20241201,1377,2066,3040,1,232.76,73.12,83.49,54,4.8,Delivered
54212,20250124,1042,2085,3035,3,1540.55,35.64,0.0,23,3.8,Delivered
54213,20250608,1494,2047,3041,4,636.94,61.52,0.0,40,3.8,Delivered
54214,20240827,1124,2059,3096,2,915.6,24.33,0.0,49,4.2,Delivered
54215,20250427,1392,2076,3063,2,1699.65,65.82,0.0,62,4.9,Delivered
54216,20251020,1343,2046,3052,4,3485.0,30.91,42.84,20,,Cancelled
54217,20251216,1550,2097,3087,2,397.59,36.0,0.0,48,4.8,Delivered
54218,20250814,1005,2090,3120,4,3369.69,54.98,0.0,51,4.1,Delivered
54219,20250708,1209,2055,3024,5,2541.05,42.47,101.38,43,3.7,Delivered
54220,20250402,1342,2070,3145,5,1554.09,51.21,147.04,61,3.2,Delivered
54221,20240329,1462,2016,3026,1,481.89,18.5,71.99,61,,Cancelled
54222,20251021,1252,2017,3002,1,842.65,27.68,193.52,18,4.9,Delivered
54223,20240404,1604,2010,3150,1,835.06,58.22,98.5,29,3.1,Delivered
54224,20250327,1583,2089,3038,1,624.37,47.01,246.54,50,4.8,Delivered
54225,20250303,1468,2043,3052,4,2471.1,55.04,184.74,22,3.9,Delivered
54226,20240530,1252,2025,3133,5,1189.52,53.74,0.0,31,4.1,Delivered
54227,20250528,1586,2011,3015,2,1746.11,34.29,0.0,60,3.5,Delivered
54228,20250110,1697,2090,3097,3,1550.93,56.66,0.0,50,4.6,Delivered
54229,20240122,1005,2090,3104,3,1800.35,45.91,0.0,58,4.1,Delivered
54230,20241108,1598,2112,3017,3,2145.42,53.91,0.0,51,4.7,Delivered
54231,20250602,1563,2070,3122,3,2650.66,33.21,169.4,39,4.1,Delivered
54232,20240724,1412,2060,3082,3,537.06,45.21,221.14,20,3.1,Delivered
54233,20250109,1401,2042,3135,2,473.35,72.12,0.0,32,5.0,Delivered
54234,20250326,1552,2069,3043,5,758.87,67.4,0.0,41,4.2,Delivered
54235,20250917,1723,2035,3023,3,491.37,17.01,0.0,57,5.0,Delivered
54236,20250817,1607,2111,3112,2,790.31,25.81,21.64,29,3.8,Delivered
54237,20240627,1615,2041,3030,5,1526.5,23.48,247.63,42,4.9,Delivered
54238,20240728,1192,2029,3104,2,475.46,50.73,0.0,27,3.0,Delivered
54239,20250514,1677,2066,3122,4,857.15,52.84,123.24,38,4.5,Delivered
54240,20250408,1134,2011,3056,1,400.84,52.22,45.33,19,4.2,Delivered
54241,20240503,1736,2068,3115,1,154.26,41.85,210.91,46,3.5,Delivered
54242,20240422,1525,2048,3102,3,803.92,53.88,0.0,23,3.9,Delivered
54243,20240112,1450,2067,3120,3,859.77,16.83,45.17,63,4.9,Delivered
54244,20240505,1203,2062,3109,5,3687.69,18.53,106.57,44,3.8,Delivered
54245,20250718,1734,2077,3111,2,742.28,72.44,0.0,46,3.2,Delivered
54246,20241126,1428,2017,3069,3,1754.95,36.91,0.0,27,4.0,Delivered
54247,20241009,1770,2077,3037,5,4237.38,66.5,214.82,40,5.0,Delivered
54248,20240519,1561,2013,3075,3,1635.58,60.7,237.09,51,4.4,Delivered
54249,20250204,1587,2056,3034,4,3047.02,46.03,0.0,24,4.9,Delivered
54250,20240406,1111,2020,3096,1,200.02,25.22,0.0,62,3.6,Delivered
54251,20250531,1749,2115,3132,3,2445.38,19.83,0.0,61,3.9,Delivered
54252,20250722,1618,2006,3043,4,3287.11,52.27,0.0,18,3.8,Delivered
54253,20240309,1107,2002,3114,3,1148.1,50.28,237.1,48,3.0,Delivered
54254,20240427,1637,2104,3041,3,466.74,20.9,48.12,49,4.8,Delivered
54255,20240228,1300,2027,3058,4,686.78,17.39,43.98,24,3.9,Delivered
54256,20240202,1743,2044,3058,5,1581.21,56.05,40.81,59,3.3,Delivered
54257,20241113,1101,2061,3064,2,1747.21,77.08,0.0,45,3.1,Delivered
54258,20240219,1062,2015,3113,5,989.34,62.83,198.16,38,3.3,Delivered
54259,20250503,1368,2029,3085,4,2768.4,50.94,183.21,27,3.2,Delivered
54260,20240119,1026,2118,3115,4,3210.21,26.21,67.33,60,4.7,Delivered
54261,20251226,1764,2046,3033,1,340.11,33.96,0.0,43,,Cancelled
54262,20240715,1379,2018,3068,2,712.13,29.87,0.0,21,4.8,Delivered
54263,20250325,1329,2077,3023,3,734.17,74.84,0.0,34,3.4,Delivered
54264,20250712,1567,2073,3110,5,3783.56,54.87,42.49,33,4.4,Delivered
54265,20251109,1149,2043,3009,4,1555.81,33.63,34.86,34,4.5,Delivered
54266,20250327,1674,2080,3129,2,447.82,52.73,119.63,38,3.1,Delivered
54267,20241015,1484,2083,3133,3,1902.54,72.31,0.0,48,,Cancelled
54268,20240520,1425,2096,3150,1,848.51,42.64,0.0,33,4.5,Delivered
54269,20240324,1068,2008,3144,1,859.86,17.96,144.96,48,4.2,Delivered
54270,20251124,1565,2053,3065,3,1468.96,67.05,0.0,51,3.0,Delivered
54271,20250125,1719,2030,3062,1,671.62,33.09,94.22,36,4.7,Delivered
54272,20250813,1210,2006,3071,2,657.18,57.54,0.0,59,3.9,Delivered
54273,20240802,1370,2070,3052,4,2877.17,42.73,0.0,41,4.9,Delivered
54274,20250609,1628,2084,3127,2,414.75,66.81,205.99,38,5.0,Delivered
54275,20240802,1577,2010,3022,5,1553.5,22.51,24.26,38,4.1,Delivered
54276,20250206,1163,2012,3076,4,1406.0,25.99,24.11,19,4.6,Delivered
54277,20240507,1664,2076,3071,3,523.15,24.96,100.52,22,3.9,Delivered
54278,20250421,1106,2011,3102,2,885.86,28.36,0.0,56,4.8,Delivered
54279,20250207,1444,2098,3030,3,623.17,53.79,0.0,35,4.4,Delivered
54280,20240129,1524,2002,3082,4,1132.51,73.01,132.23,19,4.1,Delivered
54281,20241203,1046,2071,3130,1,445.31,22.98,0.0,60,3.9,Delivered
54282,20251214,1757,2006,3080,5,1995.89,65.6,52.1,28,4.9,Delivered
54283,20241226,1310,2015,3052,2,793.99,15.15,0.0,62,3.4,Delivered
54284,20250722,1161,2090,3084,3,2571.47,26.37,0.0,47,4.9,Delivered
54285,20250126,1435,2007,3061,3,656.84,57.43,0.0,49,3.4,Delivered
54286,20240805,1666,2020,3095,4,1297.57,74.03,0.0,24,3.6,Delivered
54287,20250727,1225,2080,3041,2,317.8,53.6,0.0,48,3.7,Delivered
54288,20251030,1645,2040,3141,5,2457.54,24.33,162.05,21,,Cancelled
54289,20240720,1210,2106,3142,3,2691.84,66.58,51.27,32,,Cancelled
54290,20240117,1571,2051,3066,1,797.64,70.15,0.0,61,4.0,Delivered
54291,20241117,1524,2085,3068,5,1589.02,46.76,87.94,47,3.9,Delivered
54292,20250601,1329,2043,3015,2,1080.86,59.27,0.0,22,3.3,Delivered
54293,20250723,1042,2117,3006,2,780.93,19.79,43.45,59,3.2,Delivered
54294,20241120,1289,2046,3055,4,1584.52,17.88,105.78,34,4.2,Delivered
54295,20250215,1698,2113,3086,5,3871.07,72.0,206.88,28,4.6,Delivered
54296,20241113,1174,2026,3022,2,572.04,51.25,216.9,33,3.6,Delivered
54297,20251111,1509,2018,3060,4,777.7,52.41,196.67,31,4.7,Delivered
54298,20240322,1104,2065,3047,2,1020.06,51.52,246.32,46,,Cancelled
54299,20250418,1671,2050,3077,2,1019.59,79.18,0.0,45,4.5,Delivered
54300,20250412,1018,2048,3145,2,510.84,55.12,169.39,56,3.1,Delivered
54301,20250228,1550,2002,3032,1,618.45,50.32,0.0,35,4.1,Delivered
54302,20251231,1655,2102,3011,2,1110.47,79.0,65.39,46,4.6,Delivered
54303,20251119,1781,2001,3101,5,1212.38,18.98,0.0,34,3.8,Delivered
54304,20240722,1001,2032,3027,3,2345.21,70.66,0.0,18,4.8,Delivered
54305,20250805,1548,2106,3143,3,1174.3,70.51,236.96,34,3.2,Delivered
54306,20250121,1543,2023,3089,1,734.29,26.65,26.31,59,4.0,Delivered
54307,20240407,1210,2043,3031,3,580.41,49.77,234.01,49,5.0,Delivered
54308,20241210,1612,2047,3046,2,1742.29,29.25,138.55,22,,Cancelled
54309,20240726,1731,2006,3057,4,2910.43,67.45,43.07,33,3.1,Delivered
54310,20250528,1009,2029,3079,1,435.99,18.96,115.7,60,3.4,Delivered
54311,20250927,1114,2056,3024,2,435.92,61.71,151.81,62,3.2,Delivered
54312,20250808,1493,2080,3150,5,1996.46,30.92,0.0,31,4.7,Delivered
54313,20240614,1103,2075,3086,3,1991.65,20.02,72.98,47,4.9,Delivered
54314,20240122,1767,2119,3116,4,2316.71,21.34,0.0,52,4.8,Delivered
54315,20240602,1679,2025,3090,1,365.1,17.93,231.49,27,3.8,Delivered
54316,20250314,1089,2029,3120,3,1459.72,43.05,0.0,35,3.5,Delivered
54317,20241021,1156,2070,3143,3,2427.93,42.6,0.0,39,4.2,Delivered
54318,20240806,1700,2075,3006,5,840.29,67.46,0.0,46,3.2,Delivered
54319,20251030,1052,2094,3019,1,760.83,63.62,246.92,20,4.0,Delivered
54320,20250509,1480,2080,3130,5,835.1,60.61,73.86,18,4.1,Delivered
54321,20240817,1055,2117,3100,5,3016.84,41.94,204.51,65,3.6,Delivered
54322,20240120,1069,2119,3043,3,2590.79,60.31,122.74,52,4.6,Delivered
54323,20250706,1529,2040,3116,4,1390.62,35.45,0.0,21,4.3,Delivered
54324,20240527,1152,2025,3030,1,880.31,58.29,231.88,44,5.0,Delivered
54325,20240417,1323,2035,3060,1,572.98,40.58,0.0,49,4.2,Delivered
54326,20250206,1229,2015,3104,5,3298.33,19.65,28.15,34,3.2,Delivered
54327,20250818,1005,2089,3108,1,411.84,55.96,0.0,19,4.7,Delivered
54328,20250427,1462,2044,3139,3,2595.22,15.36,102.65,21,4.8,Delivered
54329,20250101,1712,2075,3015,1,166.87,38.32,0.0,57,4.1,Delivered
54330,20250217,1304,2087,3028,2,743.54,37.82,242.59,41,3.6,Delivered
54331,20241104,1519,2077,3094,5,2928.61,42.62,0.0,38,3.1,Delivered
54332,20240513,1082,2058,3134,2,1095.52,63.0,180.24,23,,Cancelled
54333,20251219,1698,2015,3068,1,277.98,39.96,225.26,29,3.7,Delivered
54334,20241009,1451,2098,3118,5,3281.39,16.46,0.0,33,4.9,Delivered
54335,20240313,1435,2101,3134,4,3204.05,47.32,0.0,22,4.4,Delivered
54336,20250425,1218,2063,3051,4,3448.22,61.91,131.36,42,4.6,Delivered
54337,20241217,1550,2085,3093,1,619.38,65.5,178.88,28,3.2,Delivered
54338,20250713,1788,2016,3014,4,1806.0,77.62,0.0,24,3.5,Delivered
54339,20241121,1612,2063,3116,3,1075.64,64.47,0.0,59,4.8,Delivered
54340,20250318,1279,2045,3072,2,676.94,50.25,90.91,29,4.5,Delivered
54341,20240409,1679,2106,3095,1,792.13,56.13,202.89,35,,Cancelled
54342,20240228,1025,2006,3029,3,2176.7,61.17,234.71,55,4.4,Delivered
54343,20250522,1323,2045,3057,5,1096.19,34.46,217.62,51,4.2,Delivered
54344,20240914,1584,2088,3039,3,495.03,39.99,21.14,52,3.8,Delivered
54345,20250216,1656,2099,3075,5,1330.0,69.8,192.22,50,3.0,Delivered
54346,20250327,1102,2109,3117,4,2855.83,58.78,130.04,48,3.5,Delivered
54347,20240305,1173,2042,3084,5,2512.58,35.91,67.33,35,3.7,Delivered
54348,20250817,1479,2026,3139,5,1123.56,23.24,0.0,52,3.6,Delivered
54349,20240602,1626,2002,3146,4,3020.19,41.02,119.48,21,3.2,Delivered
54350,20240922,1167,2006,3118,1,601.04,69.51,0.0,26,4.3,Delivered
54351,20240319,1512,2030,3018,5,1539.73,47.25,123.11,18,3.7,Delivered
54352,20241110,1175,2014,3038,4,1555.68,69.97,46.86,45,3.4,Delivered
54353,20251023,1463,2119,3136,5,3195.44,18.02,0.0,37,4.6,Delivered
54354,20250713,1104,2007,3013,4,3497.92,32.66,230.84,40,4.7,Delivered
54355,20240904,1567,2053,3085,4,3433.92,79.74,32.74,65,3.2,Delivered
54356,20250901,1621,2073,3132,3,2616.1,56.59,0.0,57,4.8,Delivered
54357,20250217,1071,2089,3012,3,1481.15,79.57,0.0,31,4.9,Delivered
54358,20240125,1571,2102,3044,3,2551.03,62.62,0.0,63,3.9,Delivered
54359,20241010,1272,2059,3014,4,1231.57,78.15,210.46,18,5.0,Delivered
54360,20250324,1371,2085,3058,1,899.77,65.72,226.65,61,3.9,Delivered
54361,20241027,1415,2089,3120,4,992.22,24.29,163.76,42,4.3,Delivered
54362,20240308,1246,2072,3081,5,2617.42,79.41,237.75,28,4.3,Delivered
54363,20240107,1243,2044,3071,4,3050.72,42.54,0.0,57,4.6,Delivered
54364,20240516,1530,2017,3079,2,1466.8,32.17,120.09,29,4.5,Delivered
54365,20240612,1743,2043,3042,3,892.23,46.33,0.0,43,3.9,Delivered
54366,20240323,1249,2078,3089,2,1017.3,49.16,220.25,26,3.2,Delivered
54367,20251011,1599,2029,3050,3,1719.57,27.55,0.0,61,3.7,Delivered
54368,20250223,1240,2044,3057,4,3008.45,17.34,0.0,42,3.7,Delivered
54369,20240313,1731,2106,3135,5,2536.62,24.23,34.26,21,3.1,Delivered
54370,20240824,1133,2101,3051,5,987.42,35.01,69.62,65,3.3,Delivered
54371,20240215,1618,2077,3011,4,1498.96,52.32,60.91,63,4.6,Delivered
54372,20250909,1766,2010,3099,5,1805.27,39.66,0.0,54,4.8,Delivered
54373,20240918,1395,2075,3096,5,1191.84,70.06,0.0,44,3.1,Delivered
54374,20240624,1106,2071,3143,1,893.19,79.58,144.75,24,4.8,Delivered
54375,20240614,1678,2006,3046,5,2058.29,16.79,244.78,30,4.1,Delivered
54376,20251018,1242,2053,3022,1,894.58,43.09,0.0,45,3.5,Delivered
54377,20250104,1515,2005,3061,2,1160.94,51.25,233.25,31,3.7,Delivered
54378,20240223,1416,2048,3046,3,2444.88,30.75,0.0,64,3.6,Delivered
54379,20251120,1170,2023,3041,5,3112.19,15.63,94.64,64,3.9,Delivered
54380,20250222,1231,2010,3139,2,1325.68,28.28,38.24,22,3.7,Delivered
54381,20250521,1622,2029,3041,3,1243.13,54.41,0.0,35,4.3,Delivered
54382,20241206,1455,2061,3123,3,1970.04,45.28,0.0,43,,Cancelled
54383,20240506,1240,2043,3063,4,2886.89,62.7,132.11,60,4.7,Delivered
54384,20250212,1551,2060,3027,5,1047.22,43.35,59.44,28,4.0,Delivered
54385,20250101,1457,2044,3081,4,2965.36,18.38,108.22,19,4.4,Delivered
54386,20240927,1107,2089,3036,2,1195.21,39.76,219.23,29,3.6,Delivered
54387,20251005,1597,2106,3028,3,1543.67,24.15,37.09,36,3.2,Delivered
54388,20250827,1272,2041,3099,1,495.14,53.68,0.0,35,4.4,Delivered
54389,20250113,1237,2017,3122,4,768.69,43.46,0.0,24,3.8,Delivered
54390,20240313,1417,2044,3119,3,1165.16,28.59,0.0,22,3.1,Delivered
54391,20240904,1575,2043,3150,1,689.46,43.79,0.0,32,,Cancelled
54392,20240212,1707,2014,3080,1,759.46,62.05,129.74,63,4.3,Delivered
54393,20250111,1490,2073,3017,4,1425.7,44.32,63.83,44,,Cancelled
54394,20240210,1551,2079,3092,4,3596.78,60.87,21.57,62,,Cancelled
54395,20240618,1459,2008,3024,4,1239.33,46.27,69.01,58,3.2,Delivered
54396,20240730,1422,2051,3044,1,223.28,26.17,0.0,28,4.6,Delivered
54397,20250507,1355,2048,3122,5,3062.18,76.7,56.35,61,3.0,Delivered
54398,20251110,1124,2114,3045,1,461.95,32.55,0.0,62,4.9,Delivered
54399,20240208,1233,2066,3139,1,278.3,78.43,169.58,35,4.1,Delivered
54400,20250103,1692,2055,3031,1,775.9,68.95,0.0,63,5.0,Delivered
54401,20240530,1597,2044,3115,1,867.64,35.53,0.0,33,4.4,Delivered
54402,20240420,1323,2094,3040,5,4288.98,77.54,160.59,58,4.7,Delivered
54403,20250424,1430,2036,3041,2,1022.88,72.76,0.0,35,5.0,Delivered
54404,20250311,1473,2115,3038,4,3590.07,70.08,0.0,34,4.7,Delivered
54405,20240216,1420,2035,3057,3,1296.05,69.43,0.0,28,3.8,Delivered
54406,20250728,1322,2002,3030,3,2153.52,58.09,108.96,62,4.5,Delivered
54407,20241231,1495,2060,3061,4,1612.53,48.68,0.0,49,3.2,Delivered
54408,20240309,1054,2002,3004,1,375.08,39.87,148.36,41,,Cancelled
54409,20241025,1439,2048,3111,1,860.44,71.08,150.53,40,3.1,Delivered
54410,20241022,1603,2002,3064,2,902.24,77.24,0.0,20,4.5,Delivered
54411,20240721,1375,2083,3150,1,826.73,23.93,0.0,34,4.5,Delivered
54412,20240301,1234,2115,3059,4,2972.92,60.5,24.32,20,4.6,Delivered
54413,20241109,1185,2048,3044,2,957.38,65.11,0.0,29,3.5,Delivered
54414,20240609,1180,2082,3144,5,4302.62,31.56,0.0,44,4.3,Delivered
54415,20241126,1613,2086,3016,1,371.11,43.94,221.04,42,3.2,Delivered
54416,20250611,1055,2090,3095,1,183.07,29.3,143.02,41,3.3,Delivered
54417,20241203,1077,2085,3021,2,1193.95,41.72,169.63,24,3.6,Delivered
54418,20250828,1578,2051,3010,1,799.16,16.9,0.0,49,3.2,Delivered
54419,20241030,1043,2061,3063,4,1643.59,49.9,241.15,18,3.9,Delivered
54420,20250517,1171,2015,3082,4,2260.79,38.9,0.0,47,4.1,Delivered
54421,20251011,1762,2017,3056,4,3362.93,42.81,0.0,26,4.2,Delivered
54422,20241203,1683,2008,3059,2,1497.57,34.46,60.68,25,3.0,Delivered
54423,20250703,1642,2040,3138,5,3733.31,76.88,0.0,65,4.0,Delivered
54424,20250930,1151,2091,3118,2,594.42,78.24,239.36,62,4.0,Delivered
54425,20241001,1716,2062,3017,5,1133.47,53.55,0.0,35,4.4,Delivered
54426,20240612,1594,2087,3081,4,2372.69,50.07,214.89,23,4.5,Delivered
54427,20250318,1207,2075,3123,3,2149.52,29.05,0.0,24,4.7,Delivered
54428,20241114,1784,2037,3098,5,893.63,17.5,102.27,22,4.7,Delivered
54429,20250811,1144,2008,3104,2,1376.53,30.66,0.0,21,3.7,Delivered
54430,20250518,1382,2052,3068,3,1842.87,35.67,223.55,43,3.8,Delivered
54431,20251116,1171,2113,3071,1,476.69,41.38,115.07,40,3.8,Delivered
54432,20250121,1274,2018,3113,2,878.64,38.38,0.0,42,3.4,Delivered
54433,20250825,1125,2119,3061,2,1514.08,71.75,0.0,41,4.1,Delivered
54434,20251121,1107,2089,3139,1,440.41,51.34,81.69,47,4.6,Delivered
54435,20250508,1463,2092,3081,5,2617.57,74.46,42.29,58,4.8,Delivered
54436,20250504,1738,2016,3106,1,886.68,35.97,0.0,36,5.0,Delivered
54437,20251221,1796,2017,3008,2,1577.48,30.04,193.71,19,3.6,Delivered
54438,20240313,1406,2043,3121,1,318.86,61.45,206.74,18,4.2,Delivered
54439,20250523,1152,2016,3095,4,3262.75,70.19,108.28,33,4.2,Delivered
54440,20250124,1214,2113,3065,1,363.47,18.31,127.52,38,4.6,Delivered
54441,20250910,1270,2061,3100,1,347.1,49.43,23.39,19,3.9,Delivered
54442,20241021,1105,2014,3133,3,1278.74,76.36,0.0,21,4.3,Delivered
54443,20250103,1321,2048,3019,1,822.83,75.29,47.2,38,3.7,Delivered
54444,20251124,1225,2066,3054,4,1229.25,50.23,144.69,29,3.0,Delivered
54445,20250702,1460,2078,3144,2,1065.78,43.89,135.32,40,3.4,Delivered
54446,20251010,1360,2097,3015,3,2010.3,35.77,0.0,41,3.2,Delivered
54447,20250721,1560,2016,3099,3,803.25,43.45,0.0,50,4.5,Delivered
54448,20240705,1457,2016,3019,3,480.28,71.25,0.0,65,4.8,Delivered
54449,20250320,1196,2028,3115,3,647.53,68.41,25.64,24,4.9,Delivered
54450,20250723,1417,2043,3036,1,519.46,32.87,0.0,41,3.9,Delivered
54451,20241228,1242,2052,3063,5,4178.25,25.01,68.95,44,3.3,Delivered
54452,20240502,1666,2084,3093,4,2285.27,44.12,225.46,50,4.2,Delivered
54453,20240706,1005,2097,3025,1,575.51,70.3,0.0,56,5.0,Delivered
54454,20251110,1508,2022,3012,3,1378.75,20.26,0.0,37,4.7,Delivered
54455,20250223,1662,2002,3084,2,1015.77,20.63,0.0,59,5.0,Delivered
54456,20250917,1285,2083,3109,1,575.62,33.67,0.0,30,3.4,Delivered
54457,20240908,1027,2097,3055,4,1649.83,34.91,0.0,65,,Cancelled
54458,20250910,1133,2079,3013,5,4406.07,50.88,84.39,25,4.5,Delivered
54459,20250702,1298,2005,3050,5,1948.55,60.58,0.0,59,3.2,Delivered
54460,20241130,1770,2044,3107,4,2452.11,65.77,153.16,33,,Cancelled
54461,20240401,1559,2108,3089,1,246.55,68.6,0.0,33,4.4,Delivered
54462,20250613,1203,2099,3012,5,3117.58,40.13,75.04,27,4.2,Delivered
54463,20240303,1013,2055,3059,2,1043.49,35.17,0.0,52,4.9,Delivered
54464,20251023,1685,2028,3043,4,2145.29,57.4,127.48,42,3.3,Delivered
54465,20250526,1330,2101,3023,3,1522.42,42.73,0.0,44,3.7,Delivered
54466,20240518,1744,2033,3144,4,1180.6,49.18,33.31,27,4.8,Delivered
54467,20251128,1621,2024,3111,1,573.18,79.56,26.79,52,3.9,Delivered
54468,20240703,1232,2097,3017,1,623.18,60.01,0.0,43,3.0,Delivered
54469,20240723,1598,2064,3041,5,3225.86,73.58,221.54,30,4.1,Delivered
54470,20240801,1560,2016,3077,2,1058.23,50.39,169.54,54,3.0,Delivered
54471,20240912,1690,2066,3001,4,3160.56,19.11,135.97,28,3.1,Delivered
54472,20240514,1117,2118,3019,2,854.23,35.96,0.0,19,4.6,Delivered
54473,20250726,1571,2042,3107,4,2390.35,58.28,0.0,57,5.0,Delivered
54474,20240328,1451,2047,3138,4,625.16,49.53,48.36,34,3.0,Delivered
54475,20240725,1284,2005,3039,5,4177.94,31.73,99.52,51,,Cancelled
54476,20240508,1251,2035,3106,5,2900.68,32.66,237.15,52,3.5,Delivered
54477,20240103,1440,2026,3110,3,1663.17,62.85,231.13,26,3.4,Delivered
54478,20240430,1228,2062,3131,2,405.37,42.45,249.04,45,3.8,Delivered
54479,20250119,1023,2004,3071,1,390.13,45.97,167.19,61,4.3,Delivered
54480,20250905,1154,2081,3146,5,2620.12,28.76,147.83,51,5.0,Delivered
54481,20240207,1252,2043,3031,3,2038.59,23.24,0.0,65,4.1,Delivered
54482,20241206,1093,2055,3118,4,669.37,66.12,0.0,38,4.9,Delivered
54483,20251006,1163,2012,3060,1,326.2,20.06,0.0,28,,Cancelled
54484,20251214,1588,2019,3048,1,780.55,23.94,0.0,48,3.6,Delivered
54485,20240121,1445,2120,3074,3,1004.07,50.4,212.07,46,4.6,Delivered
54486,20240829,1704,2064,3010,3,1910.88,23.77,0.0,51,3.0,Delivered
54487,20250330,1256,2052,3055,4,2162.56,73.3,0.0,25,3.9,Delivered
54488,20250912,1028,2116,3118,4,3511.57,60.37,51.95,50,4.7,Delivered
54489,20241029,1370,2098,3075,3,1870.04,70.51,0.0,27,4.1,Delivered
54490,20250818,1577,2111,3100,4,1805.7,54.46,0.0,47,5.0,Delivered
54491,20250817,1612,2087,3060,4,2016.54,16.53,0.0,38,,Cancelled
54492,20240309,1393,2090,3097,3,684.48,75.07,0.0,32,4.3,Delivered
54493,20240508,1259,2085,3136,5,1569.87,28.19,0.0,52,4.2,Delivered
54494,20240714,1198,2037,3093,4,1013.48,42.51,102.37,50,3.4,Delivered
54495,20240519,1741,2089,3137,4,3280.32,38.43,0.0,41,4.3,Delivered
54496,20250319,1617,2001,3083,1,569.67,75.19,91.8,63,4.5,Delivered
54497,20241009,1529,2114,3049,2,915.63,15.26,130.64,43,4.5,Delivered
54498,20241107,1438,2105,3085,2,1532.88,40.37,0.0,20,3.9,Delivered
54499,20250618,1524,2089,3126,3,1810.95,20.43,28.34,21,3.9,Delivered
54500,20251026,1610,2069,3149,3,2327.69,37.09,0.0,37,3.5,Delivered
54501,20241003,1304,2039,3028,1,222.06,70.52,223.57,26,4.7,Delivered
54502,20240301,1266,2089,3143,3,2389.94,68.45,0.0,59,4.6,Delivered
54503,20241114,1644,2112,3062,2,809.81,75.71,175.2,47,4.6,Delivered
54504,20240221,1511,2059,3132,1,524.31,41.76,0.0,43,4.5,Delivered
54505,20240601,1553,2068,3099,4,2308.65,18.84,44.38,52,3.8,Delivered
54506,20241106,1284,2045,3047,1,798.4,58.48,0.0,34,3.3,Delivered
54507,20250627,1137,2005,3117,1,862.85,78.62,0.0,44,3.5,Delivered
54508,20250720,1364,2090,3028,3,2322.11,41.9,168.66,26,4.3,Delivered
54509,20250123,1335,2109,3046,3,586.96,47.44,0.0,49,3.5,Delivered
54510,20250701,1016,2039,3081,1,896.98,60.57,23.42,40,4.7,Delivered
54511,20250913,1739,2001,3058,5,2765.57,56.56,0.0,53,3.6,Delivered
54512,20240625,1305,2068,3130,2,389.0,72.3,186.44,28,,Cancelled
54513,20241227,1729,2097,3103,5,3516.58,29.85,0.0,24,4.9,Delivered
54514,20241109,1377,2035,3145,2,330.71,79.76,171.54,56,,Cancelled
54515,20240406,1415,2008,3070,4,2714.72,29.77,87.83,63,,Cancelled
54516,20240731,1615,2059,3064,5,3383.34,42.86,99.36,49,4.5,Delivered
54517,20240516,1158,2010,3018,1,371.2,44.54,217.06,34,4.5,Delivered
54518,20240106,1728,2096,3049,3,2505.4,66.3,130.59,50,4.5,Delivered
54519,20240418,1568,2044,3085,1,572.19,73.36,22.34,60,3.0,Delivered
54520,20250630,1531,2052,3103,5,2896.15,26.29,0.0,50,4.1,Delivered
54521,20240208,1368,2016,3084,1,434.45,47.68,0.0,45,3.7,Delivered
54522,20251023,1640,2106,3058,5,2511.88,71.33,198.21,29,4.2,Delivered
54523,20250228,1143,2006,3047,1,406.79,51.91,103.66,41,4.7,Delivered
54524,20250921,1191,2063,3103,3,964.34,39.63,0.0,25,5.0,Delivered
54525,20240917,1231,2065,3084,2,730.23,61.59,0.0,47,4.0,Delivered
54526,20250301,1491,2001,3131,1,460.8,62.69,0.0,55,4.3,Delivered
54527,20240327,1624,2034,3060,2,784.02,57.63,123.45,35,4.2,Delivered
54528,20250409,1322,2117,3126,4,1227.81,25.14,178.92,28,3.2,Delivered
54529,20240316,1474,2032,3074,1,286.87,78.19,0.0,50,3.5,Delivered
54530,20250415,1453,2117,3076,4,3524.03,45.19,0.0,47,3.1,Delivered
54531,20250217,1096,2060,3031,1,482.96,61.9,162.99,58,3.3,Delivered
54532,20251226,1534,2004,3148,2,578.25,61.4,113.07,30,3.7,Delivered
54533,20250401,1235,2050,3098,2,304.97,18.42,196.87,65,4.0,Delivered
54534,20241011,1305,2052,3038,5,4495.3,43.66,190.77,51,4.3,Delivered
54535,20240826,1565,2075,3077,2,1350.55,55.41,169.91,30,4.6,Delivered
54536,20251107,1509,2058,3139,5,1877.03,59.13,0.0,55,3.4,Delivered
54537,20250821,1431,2090,3018,5,4179.3,51.97,124.05,51,4.6,Delivered
54538,20251014,1562,2111,3150,5,816.96,21.8,116.46,56,3.6,Delivered
54539,20251102,1301,2084,3127,4,3385.56,69.03,122.66,49,,Cancelled
54540,20250711,1349,2045,3076,3,1896.26,28.31,0.0,59,4.9,Delivered
54541,20250106,1420,2051,3091,2,406.85,68.12,172.98,39,4.8,Delivered
54542,20250509,1480,2080,3096,5,3869.42,39.66,192.37,58,3.2,Delivered
54543,20250915,1352,2067,3075,1,751.33,49.34,0.0,37,4.5,Delivered
54544,20240214,1594,2032,3133,3,2447.56,64.1,208.99,47,3.0,Delivered
54545,20250204,1400,2062,3035,1,627.37,73.34,0.0,21,4.6,Delivered
54546,20240903,1112,2080,3087,2,443.33,29.02,0.0,49,3.8,Delivered
54547,20250907,1631,2013,3081,5,1530.73,52.41,187.94,61,4.7,Delivered
54548,20250819,1138,2011,3136,4,1460.95,27.17,0.0,43,4.4,Delivered
54549,20250325,1794,2024,3059,4,1551.78,37.61,40.44,60,4.6,Delivered
54550,20250429,1116,2058,3131,5,2595.0,36.14,0.0,56,3.2,Delivered
54551,20251007,1483,2098,3036,3,1014.97,66.95,160.0,55,3.8,Delivered
54552,20250911,1342,2110,3098,3,1160.04,64.38,176.06,59,4.3,Delivered
54553,20240118,1216,2094,3073,2,1129.3,75.59,21.46,27,3.9,Delivered
54554,20250828,1366,2067,3130,1,782.85,58.27,123.61,44,3.0,Delivered
54555,20251023,1469,2022,3027,4,776.38,25.14,175.0,23,3.2,Delivered
54556,20241015,1677,2049,3150,1,853.27,44.44,40.62,19,4.2,Delivered
54557,20250217,1580,2016,3023,3,1075.1,76.83,0.0,22,4.6,Delivered
54558,20251221,1490,2068,3115,4,2658.89,61.79,203.13,21,3.5,Delivered
54559,20250929,1759,2106,3061,1,726.53,57.51,0.0,39,4.4,Delivered
54560,20240822,1597,2044,3071,4,1710.43,69.45,214.16,43,3.9,Delivered
54561,20250219,1740,2090,3050,2,1387.68,78.32,155.23,23,3.7,Delivered
54562,20250513,1463,2119,3145,4,2158.96,67.11,161.29,27,3.1,Delivered
54563,20250925,1236,2015,3039,3,2455.2,22.62,118.03,62,3.0,Delivered
54564,20251011,1718,2033,3030,4,3113.57,36.74,212.67,47,4.7,Delivered
54565,20240424,1388,2091,3103,1,391.48,25.72,198.49,56,4.0,Delivered
54566,20251104,1419,2090,3074,5,1013.63,52.62,0.0,21,4.6,Delivered
54567,20251213,1055,2008,3060,4,934.3,70.81,219.56,21,3.2,Delivered
54568,20240821,1024,2043,3032,5,954.68,18.75,119.7,54,3.2,Delivered
54569,20250623,1339,2041,3070,4,2570.76,45.5,152.05,56,3.4,Delivered
54570,20240111,1672,2022,3088,5,2907.21,51.9,0.0,57,3.1,Delivered
54571,20240724,1571,2094,3077,4,1413.44,24.67,0.0,56,4.0,Delivered
54572,20251109,1767,2052,3014,1,534.84,35.21,192.72,48,4.1,Delivered
54573,20240903,1651,2066,3080,5,4148.71,44.59,55.22,57,4.1,Delivered
54574,20250712,1636,2013,3121,4,2213.67,79.12,0.0,50,4.4,Delivered
54575,20240506,1592,2095,3053,1,804.53,43.62,237.36,38,4.6,Delivered
54576,20240526,1668,2011,3102,5,4454.96,27.64,23.67,31,4.7,Delivered
54577,20240427,1647,2086,3098,1,199.23,62.57,0.0,22,4.1,Delivered
54578,20250116,1241,2070,3035,5,1434.42,35.06,87.57,56,4.7,Delivered
54579,20250215,1114,2038,3021,1,630.53,36.19,0.0,54,4.3,Delivered
54580,20251025,1241,2063,3080,2,1290.99,56.51,105.95,48,,Cancelled
54581,20250806,1312,2072,3143,1,747.23,54.73,47.18,41,4.5,Delivered
54582,20241228,1299,2118,3006,2,871.81,32.92,0.0,46,3.6,Delivered
54583,20250523,1512,2007,3062,3,1083.2,59.35,80.2,52,3.2,Delivered
54584,20240516,1567,2052,3140,2,1224.34,51.7,228.79,23,,Cancelled
54585,20240623,1031,2072,3034,1,616.69,69.72,0.0,56,4.2,Delivered
54586,20241015,1169,2060,3052,4,3471.64,74.94,0.0,22,4.7,Delivered
54587,20250425,1459,2002,3078,3,2385.3,71.62,118.65,42,4.0,Delivered
54588,20240119,1515,2055,3135,4,2654.51,78.07,0.0,44,3.9,Delivered
54589,20240713,1772,2049,3048,5,4384.02,78.61,98.73,53,5.0,Delivered
54590,20241125,1254,2008,3079,1,341.21,59.47,168.93,62,4.0,Delivered
54591,20240623,1400,2023,3004,3,2696.55,20.43,0.0,22,4.0,Delivered
54592,20250324,1004,2058,3119,4,877.09,43.29,99.94,27,4.2,Delivered
54593,20241219,1470,2115,3096,4,1858.03,32.58,0.0,40,4.9,Delivered
54594,20250513,1500,2043,3097,2,1793.11,20.38,37.32,26,4.6,Delivered
54595,20240520,1776,2016,3005,2,618.38,78.92,234.42,46,4.0,Delivered
54596,20240402,1197,2101,3040,4,764.6,59.13,0.0,45,3.5,Delivered
54597,20240826,1634,2031,3140,3,2118.14,31.64,80.7,29,4.0,Delivered
54598,20240723,1665,2062,3077,1,237.89,46.02,92.07,56,3.2,Delivered
54599,20250713,1687,2111,3086,3,2407.71,64.58,43.61,41,,Cancelled
54600,20250308,1310,2011,3027,2,535.64,15.91,235.07,31,3.5,Delivered
54601,20240901,1390,2062,3122,4,1558.85,59.29,0.0,63,3.6,Delivered
54602,20241112,1361,2066,3069,3,2022.01,37.71,0.0,65,4.2,Delivered
54603,20241021,1583,2097,3117,4,1577.69,46.9,120.55,32,3.0,Delivered
54604,20251001,1758,2089,3032,3,2377.54,49.01,0.0,37,3.3,Delivered
54605,20241008,1621,2012,3001,3,543.75,48.76,217.32,29,3.7,Delivered
54606,20240117,1182,2092,3108,4,2845.49,63.7,152.6,19,4.8,Delivered
54607,20240311,1297,2053,3030,2,1245.05,45.1,103.08,31,4.0,Delivered
54608,20240925,1302,2056,3096,3,1242.14,42.17,50.59,30,4.3,Delivered
54609,20241120,1482,2084,3141,4,3580.85,20.48,0.0,30,4.3,Delivered
54610,20241031,1089,2077,3126,4,2841.8,34.55,0.0,24,4.7,Delivered
54611,20250326,1573,2082,3121,4,2030.4,60.37,0.0,50,3.8,Delivered
54612,20240107,1428,2106,3011,4,869.25,53.21,247.07,48,3.1,Delivered
54613,20241109,1793,2043,3034,3,1008.39,50.8,62.39,22,4.4,Delivered
54614,20240412,1340,2117,3062,2,1776.68,68.8,0.0,46,3.7,Delivered
54615,20240711,1739,2084,3093,2,1439.2,32.54,131.95,36,3.3,Delivered
54616,20250727,1628,2083,3133,3,2535.21,15.78,0.0,60,3.6,Delivered
54617,20250612,1419,2089,3037,4,3093.36,23.55,175.62,54,3.8,Delivered
54618,20240619,1444,2003,3144,2,1076.71,72.36,122.94,42,4.5,Delivered
54619,20250620,1030,2055,3042,5,2972.33,32.09,170.0,22,3.8,Delivered
54620,20240907,1061,2067,3048,5,1498.8,19.59,185.7,27,,Cancelled
54621,20250121,1340,2090,3068,5,4499.74,27.06,0.0,50,4.0,Delivered
54622,20240725,1302,2111,3028,1,712.65,56.21,76.46,41,3.7,Delivered
54623,20250624,1485,2106,3003,4,3338.75,52.78,0.0,57,3.3,Delivered
54624,20250920,1549,2105,3147,3,828.25,58.88,141.6,18,4.9,Delivered
54625,20250219,1092,2100,3017,5,3598.86,17.02,0.0,22,4.8,Delivered
54626,20250114,1466,2016,3121,4,898.39,77.32,0.0,63,3.5,Delivered
54627,20240523,1599,2077,3073,4,2134.02,51.29,0.0,50,4.6,Delivered
54628,20240125,1285,2015,3042,3,921.2,22.34,0.0,30,4.7,Delivered
54629,20251029,1797,2011,3124,4,3580.74,51.34,0.0,32,3.1,Delivered
54630,20240313,1657,2106,3120,5,1034.71,34.79,0.0,50,4.4,Delivered
54631,20250923,1109,2096,3092,1,728.35,46.73,246.18,42,4.6,Delivered
54632,20240402,1368,2025,3060,2,475.87,17.14,47.95,51,3.9,Delivered
54633,20250519,1739,2113,3144,4,1098.39,72.9,41.04,24,4.9,Delivered
54634,20250820,1610,2109,3051,3,1843.01,29.12,0.0,26,3.2,Delivered
54635,20241201,1792,2071,3073,1,516.99,16.1,46.07,29,4.7,Delivered
54636,20250228,1147,2089,3061,4,3168.05,71.74,140.95,52,4.6,Delivered
54637,20250513,1618,2017,3067,1,460.88,39.77,0.0,26,3.3,Delivered
54638,20241229,1312,2053,3134,4,868.29,52.36,0.0,32,3.1,Delivered
54639,20250921,1129,2037,3115,1,494.76,36.05,0.0,32,4.3,Delivered
54640,20240717,1252,2044,3075,2,592.45,58.06,0.0,20,4.7,Delivered
54641,20251218,1523,2025,3148,5,4078.71,15.32,40.92,35,3.8,Delivered
54642,20250216,1319,2113,3088,2,1523.94,24.28,28.25,49,4.3,Delivered
54643,20241204,1030,2049,3112,3,1270.04,50.84,180.1,45,4.8,Delivered
54644,20251020,1741,2002,3084,3,964.55,22.28,0.0,43,3.8,Delivered
54645,20250304,1502,2097,3105,3,2641.8,52.45,28.2,42,4.0,Delivered
54646,20240518,1701,2045,3037,1,808.86,62.4,0.0,39,3.4,Delivered
54647,20251123,1246,2073,3102,2,343.98,71.22,0.0,55,4.7,Delivered
54648,20250625,1232,2089,3070,2,740.12,56.45,0.0,30,4.3,Delivered
54649,20240226,1800,2075,3131,4,1844.62,29.45,74.94,42,5.0,Delivered
54650,20240819,1689,2037,3102,3,1531.16,53.22,66.14,50,3.0,Delivered
54651,20251019,1798,2112,3147,5,1869.17,46.73,110.13,20,3.6,Delivered
54652,20250310,1552,2064,3091,5,1654.38,15.35,0.0,19,3.5,Delivered
54653,20250118,1072,2070,3027,3,2401.31,62.21,102.97,36,4.5,Delivered
54654,20250713,1335,2082,3078,2,387.98,74.47,135.46,19,3.3,Delivered
54655,20240712,1199,2115,3084,1,431.48,50.59,100.05,56,4.5,Delivered
54656,20251009,1650,2085,3088,5,1170.34,44.67,0.0,39,5.0,Delivered
54657,20250617,1330,2010,3102,5,4218.71,45.76,109.67,40,3.6,Delivered
54658,20250601,1352,2015,3051,1,814.05,58.79,168.93,50,3.6,Delivered
54659,20251216,1101,2031,3071,2,1400.05,49.97,0.0,65,4.1,Delivered
54660,20240703,1155,2066,3097,4,2953.75,15.23,0.0,53,,Cancelled
54661,20241018,1183,2052,3134,1,817.32,58.79,0.0,32,3.8,Delivered
54662,20241130,1006,2084,3077,3,648.87,77.65,0.0,65,4.4,Delivered
54663,20240425,1258,2035,3051,5,4258.52,19.19,0.0,36,3.7,Delivered
54664,20240218,1445,2100,3121,1,867.89,55.83,0.0,19,,Cancelled
54665,20251115,1640,2043,3002,5,2062.84,42.61,128.21,34,3.9,Delivered
54666,20240322,1051,2043,3020,2,1190.25,17.47,66.72,57,4.0,Delivered
54667,20241128,1791,2112,3134,2,691.61,32.17,33.04,45,3.9,Delivered
54668,20250710,1220,2035,3136,2,1554.06,22.3,0.0,21,3.0,Delivered
54669,20241130,1569,2036,3115,2,844.51,28.14,97.19,60,3.5,Delivered
54670,20250615,1499,2051,3149,1,487.58,16.83,0.0,54,4.9,Delivered
54671,20240808,1241,2019,3071,4,1709.93,31.08,0.0,46,3.7,Delivered
54672,20250926,1069,2072,3063,5,1755.61,27.22,0.0,31,4.7,Delivered
54673,20241118,1733,2093,3134,4,2455.31,74.62,0.0,52,4.2,Delivered
54674,20240103,1590,2104,3002,3,1426.65,65.79,45.09,42,3.6,Delivered
54675,20251124,1217,2116,3114,4,3110.15,45.13,0.0,40,3.7,Delivered
54676,20240724,1380,2008,3086,1,566.31,59.23,0.0,59,4.8,Delivered
54677,20240209,1679,2006,3021,3,1007.58,52.72,246.37,27,4.8,Delivered
54678,20240228,1257,2046,3058,5,2921.07,15.54,0.0,51,3.7,Delivered
54679,20250727,1257,2103,3007,1,338.16,35.95,141.6,39,3.5,Delivered
54680,20251005,1051,2044,3003,5,3604.62,49.89,97.59,25,4.1,Delivered
54681,20250521,1178,2025,3062,5,882.46,28.34,100.24,56,4.8,Delivered
54682,20250725,1666,2015,3108,3,888.21,72.82,243.27,64,3.4,Delivered
54683,20240501,1055,2089,3044,1,320.25,21.8,0.0,45,3.9,Delivered
54684,20250423,1593,2059,3030,4,2377.41,52.81,180.09,59,3.0,Delivered
54685,20250910,1322,2097,3101,1,783.45,17.28,222.66,40,,Cancelled
54686,20240405,1483,2054,3103,3,2636.0,60.93,0.0,19,4.2,Delivered
54687,20250217,1318,2016,3107,1,817.22,43.21,76.86,31,3.6,Delivered
54688,20240822,1096,2050,3141,1,728.78,67.06,0.0,44,4.2,Delivered
54689,20240302,1107,2002,3015,5,4180.11,26.7,163.73,44,4.4,Delivered
54690,20240912,1784,2079,3036,2,551.1,64.14,0.0,30,4.3,Delivered
54691,20250714,1043,2011,3114,1,578.23,41.36,0.0,38,5.0,Delivered
54692,20241213,1593,2103,3030,3,591.51,73.03,0.0,43,4.7,Delivered
54693,20251101,1441,2097,3030,2,1723.99,67.69,0.0,53,4.3,Delivered
54694,20240503,1455,2067,3099,4,700.18,20.64,101.47,24,3.0,Delivered
54695,20250426,1094,2085,3039,3,868.69,43.69,74.68,64,3.9,Delivered
54696,20241112,1549,2027,3089,5,919.72,79.69,0.0,30,3.4,Delivered
54697,20250518,1503,2096,3014,4,2747.24,24.29,205.1,25,4.5,Delivered
54698,20251219,1192,2044,3130,3,1487.85,43.94,0.0,34,4.0,Delivered
54699,20240217,1224,2080,3131,2,1399.48,77.67,0.0,40,3.8,Delivered
54700,20250212,1681,2050,3096,3,1467.14,57.37,0.0,43,3.7,Delivered
54701,20240515,1203,2099,3065,2,906.79,16.22,73.22,52,4.0,Delivered
54702,20240719,1068,2089,3010,5,1757.0,34.38,0.0,60,4.0,Delivered
54703,20240906,1178,2044,3061,1,453.45,49.42,0.0,21,4.6,Delivered
54704,20241109,1559,2014,3103,3,2468.39,63.82,136.9,60,3.6,Delivered
54705,20250102,1273,2036,3116,4,3019.29,26.08,62.45,22,3.5,Delivered
54706,20250304,1464,2069,3003,4,701.95,29.14,236.05,45,3.2,Delivered
54707,20250424,1308,2004,3042,5,1481.8,44.34,0.0,26,4.2,Delivered
54708,20241109,1642,2064,3046,2,1080.15,15.44,0.0,32,4.8,Delivered
54709,20250514,1560,2044,3109,5,3701.68,57.54,72.87,43,3.8,Delivered
54710,20251221,1298,2055,3105,5,1443.46,78.3,129.77,53,3.4,Delivered
54711,20241220,1646,2058,3076,2,1688.76,60.41,0.0,58,4.4,Delivered
54712,20250429,1030,2049,3084,5,1137.24,28.49,0.0,55,4.4,Delivered
54713,20240729,1126,2088,3027,5,1684.01,40.84,0.0,22,4.3,Delivered
54714,20251204,1443,2032,3104,2,1055.49,64.35,36.71,47,3.3,Delivered
54715,20240213,1222,2069,3002,4,1529.31,41.89,248.64,62,4.1,Delivered
54716,20250624,1394,2022,3146,1,152.85,20.72,0.0,48,3.3,Delivered
54717,20250724,1530,2025,3084,5,3259.5,54.11,122.17,52,4.3,Delivered
54718,20250805,1352,2067,3113,2,1712.65,73.03,248.97,29,4.3,Delivered
54719,20240401,1690,2102,3124,5,1111.52,53.58,0.0,33,3.8,Delivered
54720,20240921,1015,2076,3042,5,3484.2,26.33,75.88,46,3.6,Delivered
54721,20240807,1557,2095,3107,5,2303.71,43.07,0.0,61,4.6,Delivered
54722,20250317,1419,2097,3128,2,646.8,47.39,31.96,19,4.2,Delivered
54723,20250204,1459,2097,3097,4,2073.64,78.94,0.0,27,5.0,Delivered
54724,20250203,1198,2033,3007,3,1113.42,71.16,44.19,20,,Cancelled
54725,20251227,1556,2063,3007,2,1435.92,34.99,49.48,39,3.4,Delivered
54726,20250729,1194,2075,3001,4,2233.62,19.56,0.0,32,3.3,Delivered
54727,20250504,1062,2031,3089,4,1977.58,78.32,113.66,30,4.3,Delivered
54728,20250429,1018,2094,3135,3,1891.4,51.99,0.0,55,3.7,Delivered
54729,20250414,1371,2097,3067,4,1475.33,31.32,180.55,32,,Cancelled
54730,20250727,1605,2029,3098,4,1814.0,45.92,182.92,41,3.2,Delivered
54731,20251112,1008,2095,3055,5,1771.35,46.31,70.93,49,3.7,Delivered
54732,20250320,1134,2001,3056,2,1331.99,30.19,0.0,22,4.4,Delivered
54733,20240925,1360,2085,3114,5,4169.96,50.19,0.0,54,3.4,Delivered
54734,20240923,1088,2078,3108,5,4075.08,32.46,0.0,38,3.7,Delivered
54735,20240223,1500,2044,3144,4,2089.6,46.16,0.0,51,3.7,Delivered
54736,20250611,1656,2120,3108,5,2832.72,64.34,229.99,64,3.5,Delivered
54737,20250603,1006,2095,3129,4,1224.97,29.48,0.0,50,,Cancelled
54738,20250907,1307,2066,3089,1,378.02,25.19,0.0,57,4.1,Delivered
54739,20240228,1639,2088,3121,1,534.38,22.81,0.0,51,4.7,Delivered
54740,20240209,1405,2015,3069,5,3845.71,71.33,126.38,64,3.4,Delivered
54741,20240824,1753,2008,3012,2,1317.63,17.1,74.03,61,3.7,Delivered
54742,20250120,1510,2002,3044,3,858.62,76.13,0.0,41,3.7,Delivered
54743,20250828,1564,2074,3118,4,1503.84,51.09,106.95,18,4.3,Delivered
54744,20251216,1751,2044,3037,1,738.16,36.93,110.69,38,4.0,Delivered
54745,20251011,1052,2035,3081,3,710.55,16.86,0.0,45,4.7,Delivered
54746,20241026,1013,2048,3101,4,3235.81,57.9,204.94,30,,Cancelled
54747,20250129,1640,2006,3005,4,1735.4,34.06,24.79,62,4.2,Delivered
54748,20240725,1006,2067,3117,5,1092.76,64.34,0.0,42,5.0,Delivered
54749,20241201,1481,2045,3042,3,1480.88,40.56,0.0,19,3.4,Delivered
54750,20250815,1081,2027,3060,2,926.88,49.12,0.0,28,3.6,Delivered
54751,20251230,1221,2040,3093,5,4322.25,18.26,0.0,63,4.9,Delivered
54752,20250528,1561,2019,3034,1,535.42,17.35,194.29,24,3.0,Delivered
54753,20240626,1293,2054,3001,4,3543.39,31.91,235.67,24,4.5,Delivered
54754,20250130,1506,2046,3103,1,830.87,54.81,222.36,28,4.5,Delivered
54755,20250105,1398,2095,3146,5,1531.08,33.93,25.06,31,,Cancelled
54756,20251019,1290,2001,3053,1,664.88,79.59,0.0,63,4.7,Delivered
54757,20241113,1278,2114,3150,5,3040.61,27.06,0.0,43,4.7,Delivered
54758,20250103,1178,2044,3086,5,2569.18,56.64,0.0,44,4.7,Delivered
54759,20250118,1760,2097,3042,2,963.09,22.1,36.95,21,3.5,Delivered
54760,20240302,1194,2052,3117,4,1966.3,54.4,239.51,55,4.3,Delivered
54761,20250519,1465,2024,3020,2,1379.27,39.9,50.5,31,4.2,Delivered
54762,20240826,1364,2008,3007,4,1540.82,22.69,199.28,26,4.2,Delivered
54763,20240713,1480,2004,3009,3,1043.94,60.82,0.0,62,3.6,Delivered
54764,20251108,1539,2016,3085,5,4221.62,53.22,0.0,43,4.9,Delivered
54765,20240809,1708,2100,3112,2,1312.64,50.48,0.0,45,4.2,Delivered
54766,20240301,1342,2098,3130,5,2215.68,46.13,220.47,45,4.8,Delivered
54767,20240508,1657,2017,3104,3,724.95,17.48,0.0,64,3.6,Delivered
54768,20251115,1088,2059,3126,1,665.25,33.12,0.0,47,3.3,Delivered
54769,20240604,1471,2099,3098,3,1063.56,41.78,187.06,21,3.5,Delivered
54770,20250112,1416,2035,3088,2,1124.41,35.64,0.0,23,3.5,Delivered
54771,20250913,1682,2096,3089,1,848.68,44.17,0.0,28,,Cancelled
54772,20250808,1701,2035,3089,1,321.29,54.61,115.2,25,3.0,Delivered
54773,20250312,1348,2094,3026,3,1653.62,61.77,0.0,40,3.4,Delivered
54774,20240725,1176,2077,3133,5,1558.1,79.03,204.61,43,,Cancelled
54775,20250122,1554,2085,3119,4,3112.57,46.08,233.98,37,4.6,Delivered
54776,20250424,1169,2076,3147,2,437.99,19.36,245.96,43,3.8,Delivered
54777,20241205,1688,2034,3120,4,2804.46,41.24,0.0,32,4.5,Delivered
54778,20241205,1189,2025,3146,4,1222.89,76.0,0.0,27,3.8,Delivered
54779,20240722,1586,2113,3018,3,1990.89,16.77,0.0,34,3.7,Delivered
54780,20240609,1140,2024,3072,3,1725.8,29.62,124.08,37,4.9,Delivered
54781,20250623,1225,2049,3038,2,1525.69,33.67,242.14,26,3.9,Delivered
54782,20250126,1718,2010,3009,2,372.6,19.96,0.0,29,4.2,Delivered
54783,20251107,1253,2082,3133,3,2515.25,16.53,0.0,61,4.6,Delivered
54784,20250728,1098,2017,3071,3,1003.71,56.14,0.0,43,4.2,Delivered
54785,20250617,1551,2060,3145,5,897.86,71.98,233.3,30,4.8,Delivered
54786,20240310,1447,2067,3107,2,1509.22,76.94,0.0,38,3.7,Delivered
54787,20250208,1476,2089,3136,3,2014.18,42.12,0.0,23,3.3,Delivered
54788,20250830,1608,2100,3032,4,3042.52,63.28,187.49,30,3.5,Delivered
54789,20251105,1126,2111,3120,3,1430.75,25.05,0.0,23,3.5,Delivered
54790,20250813,1786,2082,3041,3,1457.43,71.47,0.0,63,3.4,Delivered
54791,20250531,1082,2113,3144,5,3904.62,18.45,230.2,44,3.0,Delivered
54792,20240429,1720,2042,3033,1,550.98,72.08,34.49,49,4.3,Delivered
54793,20251120,1024,2044,3084,4,1705.81,79.95,0.0,41,4.8,Delivered
54794,20251118,1225,2051,3119,3,1416.35,67.01,34.62,32,4.1,Delivered
54795,20240804,1072,2054,3129,4,1964.88,58.87,0.0,22,4.9,Delivered
54796,20240225,1341,2107,3110,5,3066.2,54.1,182.23,37,4.7,Delivered
54797,20241231,1458,2114,3073,2,809.48,26.71,0.0,58,4.6,Delivered
54798,20251129,1212,2114,3007,2,1544.1,67.4,142.58,59,4.4,Delivered
54799,20250518,1331,2090,3019,5,1067.47,79.94,194.48,36,,Cancelled
54800,20250330,1494,2091,3070,4,2985.27,64.71,0.0,20,3.5,Delivered
54801,20240413,1445,2120,3138,1,527.24,60.42,0.0,52,3.3,Delivered
54802,20240317,1512,2088,3080,3,566.53,64.97,99.53,44,3.2,Delivered
54803,20240817,1621,2073,3035,1,451.14,43.0,25.31,24,4.6,Delivered
54804,20240914,1328,2089,3003,3,2185.42,25.11,124.5,33,3.5,Delivered
54805,20240920,1437,2109,3052,3,1654.08,64.65,0.0,34,4.7,Delivered
54806,20241126,1349,2045,3047,2,1120.57,16.1,0.0,55,,Cancelled
54807,20240630,1515,2004,3143,2,461.2,77.13,101.63,53,3.0,Delivered
54808,20250703,1596,2097,3034,3,1990.22,30.59,153.82,35,4.5,Delivered
54809,20251118,1562,2007,3073,2,1718.39,40.24,0.0,19,4.4,Delivered
54810,20240127,1259,2008,3132,3,2040.43,39.87,236.05,27,3.6,Delivered
54811,20241002,1784,2007,3009,4,1714.4,43.77,203.23,62,5.0,Delivered
54812,20251013,1313,2058,3052,2,1191.45,28.49,158.54,19,3.7,Delivered
54813,20241025,1210,2077,3087,5,2642.19,43.59,0.0,29,4.1,Delivered
54814,20240331,1060,2019,3003,1,659.14,62.19,150.15,50,3.9,Delivered
54815,20250424,1015,2037,3023,2,318.18,51.56,216.41,41,4.2,Delivered
54816,20250726,1235,2027,3017,5,1846.54,62.53,193.85,46,3.7,Delivered
54817,20250402,1185,2049,3078,4,1072.1,56.62,93.46,18,4.8,Delivered
54818,20250326,1442,2101,3044,4,898.22,44.07,142.89,51,3.7,Delivered
54819,20241230,1012,2039,3080,5,2820.62,46.57,0.0,60,3.1,Delivered
54820,20251105,1674,2051,3029,4,2979.45,45.08,0.0,36,3.0,Delivered
54821,20241216,1272,2057,3005,4,3077.65,79.71,0.0,30,3.1,Delivered
54822,20251016,1756,2095,3117,3,1865.52,32.48,78.74,61,4.3,Delivered
54823,20250203,1690,2005,3005,5,2564.2,63.68,229.05,18,3.4,Delivered
54824,20240909,1747,2079,3049,2,1435.97,59.27,0.0,59,3.8,Delivered
54825,20250403,1345,2099,3014,3,2537.58,56.51,0.0,43,3.8,Delivered
54826,20251129,1108,2095,3082,4,798.84,29.29,26.71,29,3.8,Delivered
54827,20250513,1638,2042,3034,2,1782.97,21.92,182.67,61,4.5,Delivered
54828,20250522,1071,2117,3060,2,317.15,20.2,21.19,51,3.2,Delivered
54829,20241030,1463,2012,3139,2,1783.76,77.06,0.0,36,4.5,Delivered
54830,20250515,1091,2116,3132,4,2734.03,50.74,81.59,19,3.3,Delivered
54831,20250820,1681,2111,3081,2,444.63,70.33,0.0,37,4.5,Delivered
54832,20240614,1241,2093,3084,3,1516.94,40.57,0.0,45,4.3,Delivered
54833,20250218,1793,2077,3033,4,3323.66,25.69,141.52,34,3.2,Delivered
54834,20250406,1275,2061,3015,1,494.35,57.95,0.0,48,4.9,Delivered
54835,20240423,1041,2029,3060,5,3449.98,44.65,187.08,65,3.8,Delivered
54836,20250308,1365,2113,3096,4,2513.15,50.06,175.94,41,3.7,Delivered
54837,20241221,1790,2071,3141,5,829.83,40.9,71.81,47,3.6,Delivered
54838,20251125,1794,2026,3133,5,3563.84,75.56,231.91,23,3.0,Delivered
54839,20240725,1381,2004,3097,5,3603.57,55.68,184.71,65,4.0,Delivered
54840,20240822,1731,2029,3071,3,1664.85,29.12,0.0,20,3.6,Delivered
54841,20250317,1432,2099,3095,2,590.39,54.77,0.0,52,4.6,Delivered
54842,20241220,1134,2011,3127,1,151.61,45.46,55.4,39,3.7,Delivered
54843,20250529,1205,2067,3117,5,2378.12,76.65,86.84,31,3.7,Delivered
54844,20240726,1267,2010,3056,1,503.33,56.25,208.28,21,4.6,Delivered
54845,20251209,1179,2115,3057,5,1364.45,78.82,129.18,32,4.7,Delivered
54846,20240504,1005,2097,3024,5,3625.02,74.67,32.17,53,4.7,Delivered
54847,20240517,1499,2042,3048,1,551.45,72.24,179.02,23,4.5,Delivered
54848,20241204,1216,2094,3003,5,827.62,18.91,90.05,38,4.6,Delivered
54849,20250620,1137,2005,3100,4,980.61,60.65,0.0,51,4.1,Delivered
54850,20240308,1595,2058,3132,1,873.42,79.95,215.74,45,,Cancelled
54851,20250726,1393,2002,3001,3,739.56,46.46,96.78,59,3.1,Delivered
54852,20250624,1628,2015,3140,4,2894.49,49.19,235.28,45,5.0,Delivered
54853,20250117,1658,2097,3010,3,676.91,71.87,0.0,37,4.1,Delivered
54854,20240119,1202,2008,3129,2,1253.69,26.21,0.0,47,3.8,Delivered
54855,20251113,1222,2112,3099,5,3879.74,46.36,167.22,32,4.1,Delivered
54856,20250325,1213,2119,3133,1,441.02,62.13,0.0,60,4.3,Delivered
54857,20240314,1374,2025,3112,1,224.89,54.98,0.0,63,3.1,Delivered
54858,20250726,1135,2080,3112,4,2988.07,79.71,0.0,24,4.9,Delivered
54859,20251026,1525,2004,3044,2,511.25,74.21,0.0,27,4.2,Delivered
54860,20241002,1397,2072,3073,1,676.51,54.56,103.12,63,4.4,Delivered
54861,20240217,1261,2044,3033,2,645.16,20.96,198.89,26,5.0,Delivered
54862,20240729,1388,2019,3016,5,3313.07,43.24,228.99,53,4.0,Delivered
54863,20251012,1662,2089,3102,3,2069.19,58.01,0.0,30,4.9,Delivered
54864,20250913,1186,2041,3025,5,967.44,29.01,236.58,30,4.1,Delivered
54865,20251125,1072,2098,3061,4,1349.04,79.76,0.0,51,4.2,Delivered
54866,20250623,1018,2005,3058,2,726.56,31.94,53.34,63,3.8,Delivered
54867,20251209,1332,2002,3057,1,750.55,16.34,0.0,44,3.6,Delivered
54868,20240709,1097,2049,3063,5,3151.05,62.41,52.21,51,4.2,Delivered
54869,20241110,1012,2062,3141,2,1175.55,25.97,0.0,63,4.1,Delivered
54870,20250716,1163,2073,3104,3,1045.83,43.48,0.0,31,4.7,Delivered
54871,20251022,1241,2070,3081,2,806.43,76.81,42.12,53,3.8,Delivered
54872,20250715,1255,2015,3150,4,1268.82,55.49,21.61,65,4.8,Delivered
54873,20240422,1614,2109,3091,4,1875.98,23.39,184.46,43,3.8,Delivered
54874,20240618,1042,2089,3048,3,2565.18,19.32,46.41,41,3.2,Delivered
54875,20250412,1786,2103,3006,3,1997.27,36.3,53.02,59,4.4,Delivered
54876,20251108,1039,2081,3112,3,465.99,43.58,25.29,61,4.1,Delivered
54877,20240114,1409,2075,3094,1,513.52,48.65,116.49,25,4.3,Delivered
54878,20251215,1084,2072,3037,1,284.1,65.25,120.21,30,3.6,Delivered
54879,20241014,1016,2023,3093,2,1255.81,31.65,0.0,26,4.9,Delivered
54880,20240707,1165,2029,3144,5,2762.82,27.28,0.0,41,3.6,Delivered
54881,20240603,1786,2082,3130,4,1871.75,21.93,0.0,34,4.3,Delivered
54882,20250720,1138,2083,3046,5,3209.2,58.78,0.0,47,4.1,Delivered
54883,20251124,1722,2085,3038,1,622.02,57.4,210.51,38,3.6,Delivered
54884,20251222,1293,2093,3045,1,655.65,23.81,50.97,46,,Cancelled
54885,20250415,1373,2016,3130,1,835.9,36.98,108.59,56,4.2,Delivered
54886,20240315,1044,2009,3083,4,1445.35,31.41,132.11,51,3.4,Delivered
54887,20241003,1636,2093,3094,5,2981.63,17.91,56.79,43,3.2,Delivered
54888,20251006,1519,2029,3112,5,3614.42,17.14,94.93,62,3.9,Delivered
54889,20241208,1089,2043,3018,3,1174.39,51.08,208.93,26,4.9,Delivered
54890,20250228,1673,2106,3142,2,1125.2,79.39,0.0,20,,Cancelled
54891,20250724,1422,2048,3004,5,780.56,71.47,0.0,51,4.0,Delivered
54892,20250525,1702,2099,3010,1,674.25,27.68,0.0,52,4.9,Delivered
54893,20240630,1355,2051,3023,5,3510.61,57.62,164.81,58,4.8,Delivered
54894,20250402,1217,2007,3082,2,315.12,50.26,36.22,45,3.3,Delivered
54895,20240304,1719,2111,3148,2,607.6,76.41,182.75,43,3.7,Delivered
54896,20240916,1153,2067,3031,1,411.3,52.6,0.0,53,3.0,Delivered
54897,20240711,1757,2006,3080,2,981.51,69.07,50.84,62,4.7,Delivered
54898,20251016,1496,2094,3149,2,1293.31,64.98,0.0,33,3.3,Delivered
54899,20250907,1542,2041,3070,4,1200.7,68.3,154.0,49,3.5,Delivered
54900,20250209,1029,2035,3075,3,1240.08,65.13,40.34,65,3.5,Delivered
54901,20251226,1557,2020,3111,3,2360.66,77.81,135.95,50,3.5,Delivered
54902,20251221,1722,2117,3084,2,1271.46,43.25,0.0,60,3.7,Delivered
54903,20240402,1308,2042,3103,5,2580.94,24.72,67.83,44,4.4,Delivered
54904,20250305,1241,2039,3141,5,3259.66,58.97,33.13,57,3.9,Delivered
54905,20251015,1336,2068,3029,5,1979.05,27.16,171.49,56,4.0,Delivered
54906,20250309,1494,2023,3102,1,356.13,20.26,215.69,22,4.2,Delivered
54907,20250207,1177,2090,3012,1,504.9,65.91,0.0,37,4.0,Delivered
54908,20250309,1186,2046,3010,5,1715.49,26.33,213.58,29,4.6,Delivered
54909,20240421,1135,2045,3031,4,1639.78,72.54,0.0,60,3.0,Delivered
54910,20250109,1456,2041,3104,1,568.09,67.14,0.0,23,4.0,Delivered
54911,20240228,1431,2097,3001,2,1746.63,44.01,171.25,61,4.8,Delivered
54912,20240212,1207,2052,3015,2,795.26,64.36,248.73,58,3.0,Delivered
54913,20240725,1089,2017,3122,5,1757.01,15.09,208.13,39,4.1,Delivered
54914,20241022,1462,2025,3036,2,1470.6,60.74,0.0,36,5.0,Delivered
54915,20240427,1067,2045,3025,3,2215.62,78.25,0.0,40,4.4,Delivered
54916,20250615,1479,2073,3066,4,3288.82,60.14,0.0,45,4.9,Delivered
54917,20240809,1668,2113,3060,4,2667.29,49.62,226.43,49,3.8,Delivered
54918,20240614,1650,2008,3063,1,857.94,23.58,0.0,52,4.9,Delivered
54919,20251004,1189,2044,3092,1,793.99,59.9,0.0,44,4.3,Delivered
54920,20240604,1289,2081,3045,3,1862.0,68.3,175.21,26,3.3,Delivered
54921,20240702,1428,2006,3053,2,323.12,71.92,199.63,47,5.0,Delivered
54922,20240330,1175,2003,3067,4,3577.97,75.5,198.17,48,4.9,Delivered
54923,20240403,1474,2091,3105,3,2087.25,41.89,0.0,38,,Cancelled
54924,20240113,1270,2084,3124,5,2100.34,39.99,0.0,50,3.3,Delivered
54925,20250313,1694,2120,3136,4,1529.64,29.57,243.84,21,3.7,Delivered
54926,20250621,1182,2026,3128,3,1361.72,30.51,80.95,46,3.7,Delivered
54927,20250809,1134,2001,3081,5,1745.64,33.71,164.14,18,3.2,Delivered
54928,20240529,1438,2038,3046,3,1286.72,28.78,95.66,30,3.9,Delivered
54929,20251021,1668,2001,3060,3,1909.71,53.38,216.13,59,4.1,Delivered
54930,20240108,1572,2020,3135,4,3166.52,36.17,103.71,35,4.1,Delivered
54931,20240129,1181,2115,3059,1,648.88,24.86,76.61,22,4.2,Delivered
54932,20241022,1265,2079,3080,4,2756.4,22.02,0.0,62,4.4,Delivered
54933,20251221,1484,2011,3013,4,1483.54,68.94,0.0,52,3.0,Delivered
54934,20251001,1339,2082,3010,5,2699.13,79.66,0.0,32,4.1,Delivered
54935,20241205,1528,2075,3019,3,1508.24,56.33,0.0,48,4.9,Delivered
54936,20250919,1390,2019,3103,5,2933.64,40.41,0.0,65,4.8,Delivered
54937,20250314,1095,2097,3027,4,3015.52,35.57,108.11,61,3.6,Delivered
54938,20240523,1725,2033,3137,1,742.06,62.17,0.0,62,4.1,Delivered
54939,20250602,1573,2041,3106,1,630.15,58.11,0.0,26,,Cancelled
54940,20240214,1303,2089,3149,1,427.88,19.04,180.29,58,,Cancelled
54941,20240826,1401,2049,3088,5,3571.87,38.88,0.0,46,3.6,Delivered
54942,20240603,1518,2106,3050,5,4016.13,48.53,0.0,32,4.0,Delivered
54943,20240629,1165,2106,3123,4,3200.46,59.84,45.11,40,3.6,Delivered
54944,20240802,1129,2111,3122,2,1404.87,36.31,195.93,63,3.4,Delivered
54945,20240328,1547,2066,3083,3,2009.33,33.78,32.83,38,3.2,Delivered
54946,20240912,1309,2025,3076,1,724.39,45.24,248.58,31,4.8,Delivered
54947,20250525,1616,2050,3047,3,1793.09,23.7,0.0,62,3.4,Delivered
54948,20240313,1043,2018,3093,4,1369.31,49.1,0.0,22,3.8,Delivered
54949,20240627,1656,2087,3007,4,1763.61,28.5,0.0,61,3.4,Delivered
54950,20240730,1070,2045,3036,4,3511.49,40.88,67.85,22,4.3,Delivered
54951,20240821,1214,2058,3054,5,3767.6,67.75,172.71,39,3.7,Delivered
54952,20250409,1147,2002,3067,1,351.74,76.56,167.16,24,4.3,Delivered
54953,20240810,1109,2020,3048,4,3368.97,63.39,0.0,60,3.7,Delivered
54954,20250922,1682,2096,3091,4,753.87,61.96,0.0,33,4.3,Delivered
54955,20240920,1170,2013,3134,2,1615.87,75.29,78.99,41,4.8,Delivered
54956,20240725,1639,2088,3106,1,722.88,79.57,225.82,57,3.5,Delivered
54957,20250829,1721,2039,3058,5,4172.78,56.25,0.0,30,4.0,Delivered
54958,20241231,1590,2054,3033,1,714.01,78.71,116.33,60,3.7,Delivered
54959,20241002,1062,2028,3012,3,1354.15,19.11,137.1,27,4.8,Delivered
54960,20250114,1126,2111,3088,5,2864.36,40.32,120.91,53,4.7,Delivered
54961,20241104,1773,2033,3111,3,1548.74,69.66,240.57,51,4.2,Delivered
54962,20250922,1493,2004,3060,2,909.08,33.78,109.31,37,4.8,Delivered
54963,20240924,1302,2030,3013,3,509.01,36.65,0.0,61,3.7,Delivered
54964,20240304,1364,2089,3146,3,1610.6,63.59,196.03,59,4.1,Delivered
54965,20241215,1215,2017,3113,4,3202.55,61.26,134.27,26,3.3,Delivered
54966,20250508,1097,2035,3118,2,363.2,30.54,0.0,22,4.7,Delivered
54967,20250606,1548,2006,3103,4,3157.73,63.03,127.95,33,3.5,Delivered
54968,20240407,1290,2083,3133,5,1044.5,69.93,174.48,63,3.1,Delivered
54969,20240311,1360,2117,3091,2,1121.38,29.06,45.03,53,4.7,Delivered
54970,20241229,1124,2069,3141,1,352.18,33.69,0.0,39,3.3,Delivered
54971,20250723,1538,2043,3080,5,1335.75,30.04,0.0,26,3.1,Delivered
54972,20241002,1503,2061,3150,1,222.38,54.23,49.76,52,3.3,Delivered
54973,20240219,1717,2089,3029,2,799.37,51.87,167.36,63,3.7,Delivered
54974,20241223,1722,2097,3130,2,1206.25,76.16,0.0,44,3.6,Delivered
54975,20251228,1770,2017,3072,5,1780.49,33.58,189.11,52,4.8,Delivered
54976,20250717,1011,2025,3137,5,4005.75,29.01,125.43,22,3.0,Delivered
54977,20250429,1600,2012,3016,2,300.4,40.49,126.94,33,3.3,Delivered
54978,20240324,1756,2067,3086,2,1664.85,45.54,0.0,64,3.1,Delivered
54979,20250929,1711,2025,3024,2,943.98,67.76,0.0,60,3.9,Delivered
54980,20250806,1576,2097,3089,4,3194.87,26.85,64.96,37,4.0,Delivered
54981,20241022,1238,2048,3050,1,359.52,27.09,0.0,28,,Cancelled
54982,20240823,1559,2110,3083,2,595.19,47.51,0.0,38,3.3,Delivered
54983,20240225,1531,2026,3029,3,1803.12,59.31,0.0,55,3.6,Delivered
54984,20241225,1061,2020,3035,1,808.09,34.45,178.11,28,4.8,Delivered
54985,20240419,1490,2034,3076,2,1185.39,40.21,55.61,61,4.3,Delivered
54986,20240710,1253,2064,3130,5,1576.94,60.33,182.43,40,3.8,Delivered
54987,20240402,1473,2078,3102,2,1341.21,56.78,0.0,47,3.7,Delivered
54988,20250721,1603,2085,3062,2,1588.6,72.51,147.15,32,4.0,Delivered
54989,20240229,1458,2074,3020,5,3164.75,20.18,153.98,57,3.5,Delivered
54990,20251011,1741,2085,3072,1,584.48,46.34,0.0,54,4.0,Delivered
54991,20240208,1238,2051,3095,2,818.05,26.82,0.0,62,3.0,Delivered
54992,20250623,1619,2043,3139,4,613.44,51.24,116.92,56,4.0,Delivered
54993,20240218,1151,2047,3059,3,1336.09,55.96,124.97,40,4.2,Delivered
54994,20250223,1668,2058,3079,3,1682.35,39.75,190.19,41,4.3,Delivered
54995,20250928,1359,2116,3047,4,2314.13,69.89,0.0,60,3.3,Delivered
54996,20240113,1610,2040,3042,2,1316.23,58.42,104.87,34,3.2,Delivered
54997,20240205,1180,2112,3074,1,709.5,38.92,34.28,65,4.3,Delivered
54998,20240410,1563,2108,3094,1,257.13,73.26,0.0,50,4.3,Delivered
54999,20240326,1120,2081,3149,5,3852.77,51.95,238.42,37,3.5,Delivered
55000,20250530,1123,2079,3122,4,3064.48,64.77,0.0,30,,Cancelled
55001,20240810,1789,2003,3069,2,335.19,62.61,93.64,26,,Cancelled
55002,20241203,1757,2043,3071,1,371.2,60.21,70.75,31,3.7,Delivered
55003,20240614,1269,2090,3023,3,877.64,36.78,47.55,44,4.3,Delivered
55004,20250117,1149,2043,3148,1,614.32,62.23,0.0,22,3.4,Delivered
55005,20250110,1680,2061,3028,3,817.72,53.12,0.0,36,3.9,Delivered
55006,20250415,1395,2026,3096,4,1914.95,33.32,0.0,50,4.9,Delivered
55007,20251003,1331,2117,3105,2,355.52,44.91,246.01,23,4.5,Delivered
55008,20240131,1547,2004,3025,1,231.85,33.85,87.69,18,4.2,Delivered
55009,20250109,1355,2035,3031,3,2570.5,46.35,44.1,63,3.0,Delivered
55010,20240111,1593,2118,3087,3,1026.4,77.98,0.0,64,3.3,Delivered
55011,20241028,1703,2112,3001,2,1331.57,74.64,188.35,29,,Cancelled
55012,20240405,1381,2066,3138,3,1728.99,41.93,67.84,21,3.2,Delivered
55013,20240708,1648,2067,3125,1,194.25,59.53,29.22,31,4.6,Delivered
55014,20250328,1666,2011,3019,3,2218.15,48.94,0.0,47,3.1,Delivered
55015,20240710,1243,2006,3024,4,646.26,38.25,119.05,25,3.5,Delivered
55016,20250430,1084,2053,3069,2,818.34,51.84,0.0,25,3.3,Delivered
55017,20240922,1451,2098,3106,4,2022.39,65.6,0.0,52,3.2,Delivered
55018,20250227,1325,2085,3147,3,724.87,26.32,38.23,64,3.2,Delivered
55019,20240507,1238,2004,3145,2,1427.11,17.32,0.0,24,3.8,Delivered
55020,20240825,1013,2080,3001,3,473.44,47.43,78.59,38,3.2,Delivered
55021,20241220,1514,2005,3109,1,522.58,24.47,0.0,46,4.5,Delivered
55022,20240421,1225,2042,3144,5,3179.82,63.59,90.42,37,4.1,Delivered
55023,20250321,1772,2055,3113,4,2757.63,58.83,27.93,26,4.9,Delivered
55024,20241208,1213,2052,3124,2,911.26,75.49,0.0,65,4.2,Delivered
55025,20240524,1117,2040,3087,1,774.86,65.25,0.0,35,3.1,Delivered
55026,20240305,1410,2044,3044,5,3041.84,61.73,0.0,57,4.4,Delivered
55027,20240903,1113,2019,3004,5,1258.94,27.01,181.19,51,4.8,Delivered
55028,20250504,1630,2052,3090,1,401.57,55.47,155.97,40,3.4,Delivered
55029,20250314,1767,2075,3051,3,2296.86,56.91,0.0,48,4.9,Delivered
55030,20240415,1627,2048,3081,4,2476.05,73.13,216.47,53,3.2,Delivered
55031,20240629,1615,2041,3080,3,607.66,62.42,196.17,62,3.3,Delivered
55032,20240702,1407,2032,3009,3,875.31,47.35,189.26,51,3.8,Delivered
55033,20240813,1033,2024,3050,4,2122.8,59.93,0.0,26,3.1,Delivered
55034,20240329,1280,2008,3147,5,3721.43,60.15,0.0,32,4.5,Delivered
55035,20251118,1551,2037,3032,3,1472.41,58.67,61.04,45,4.7,Delivered
55036,20250613,1395,2034,3108,4,2528.8,78.35,0.0,27,4.9,Delivered
55037,20250105,1033,2024,3107,1,659.41,41.08,107.71,61,4.7,Delivered
55038,20250202,1111,2061,3016,5,2337.26,77.68,0.0,53,4.3,Delivered
55039,20240415,1739,2071,3098,5,851.12,58.65,150.64,48,4.0,Delivered
55040,20240927,1116,2020,3025,4,661.92,67.28,0.0,31,4.2,Delivered
55041,20250517,1349,2051,3111,3,549.1,79.83,0.0,45,4.4,Delivered
55042,20251109,1352,2011,3012,3,494.55,37.08,168.49,21,3.1,Delivered
55043,20250608,1488,2007,3136,2,364.58,18.12,0.0,63,4.0,Delivered
55044,20240201,1170,2070,3041,1,413.61,43.02,0.0,36,3.2,Delivered
55045,20250127,1330,2088,3075,5,3558.03,31.98,198.21,44,3.1,Delivered
55046,20240209,1686,2027,3093,1,674.37,52.98,157.13,20,3.2,Delivered
55047,20251021,1053,2113,3094,1,721.74,73.51,136.09,57,3.4,Delivered
55048,20240805,1625,2020,3135,4,2165.63,69.44,0.0,23,3.6,Delivered
55049,20251231,1721,2104,3011,1,880.56,36.63,0.0,19,,Cancelled
55050,20240322,1281,2010,3083,1,359.31,71.6,0.0,65,3.7,Delivered
55051,20251220,1186,2057,3139,4,1663.25,73.05,236.12,57,4.4,Delivered
55052,20240719,1567,2024,3092,2,1534.86,76.54,110.54,21,4.0,Delivered
55053,20250322,1423,2107,3090,5,2360.05,45.68,215.57,41,4.5,Delivered
55054,20250303,1454,2085,3142,3,2570.62,57.99,0.0,49,4.2,Delivered
55055,20240207,1316,2046,3041,2,1044.7,44.78,0.0,20,4.4,Delivered
55056,20240729,1572,2018,3022,2,1038.87,15.2,0.0,58,4.7,Delivered
55057,20250319,1384,2049,3132,5,1320.85,67.83,75.05,43,4.4,Delivered
55058,20241122,1733,2087,3058,1,582.6,49.76,99.92,40,3.8,Delivered
55059,20240814,1472,2006,3058,1,571.88,35.31,0.0,56,3.4,Delivered
55060,20240217,1670,2075,3019,5,1833.49,40.91,174.42,22,4.3,Delivered
55061,20240118,1384,2045,3104,2,1334.19,72.3,246.59,26,3.0,Delivered
55062,20250314,1452,2042,3118,3,2206.18,26.01,202.07,42,4.7,Delivered
55063,20251208,1445,2107,3010,5,3186.34,61.87,0.0,55,3.2,Delivered
55064,20240705,1542,2114,3055,5,2954.07,41.05,108.1,34,4.2,Delivered
55065,20241210,1639,2050,3125,2,1574.72,32.84,0.0,30,4.9,Delivered
55066,20240811,1422,2035,3093,5,909.94,43.66,0.0,23,3.6,Delivered
55067,20250502,1520,2110,3138,3,953.68,58.93,0.0,46,3.8,Delivered
55068,20240816,1331,2089,3040,1,615.36,43.49,214.51,32,3.9,Delivered
55069,20250124,1766,2076,3085,3,1446.27,61.5,0.0,59,4.4,Delivered
55070,20250811,1784,2088,3048,1,159.77,56.75,85.67,52,3.7,Delivered
55071,20240706,1767,2073,3129,2,743.1,35.63,186.62,28,4.6,Delivered
55072,20240926,1193,2102,3022,4,1809.73,54.55,21.04,20,3.8,Delivered
55073,20250829,1655,2042,3014,4,3221.11,47.63,136.31,28,3.3,Delivered
55074,20241105,1019,2039,3098,3,2356.95,52.48,0.0,53,3.5,Delivered
55075,20240511,1516,2007,3043,1,620.97,36.89,0.0,62,4.1,Delivered
55076,20250704,1677,2005,3027,4,1180.92,31.49,0.0,42,3.0,Delivered
55077,20240312,1685,2001,3113,1,899.22,79.77,87.67,26,3.8,Delivered
55078,20251102,1607,2056,3134,3,2673.48,73.0,62.16,22,4.9,Delivered
55079,20240705,1124,2041,3097,1,509.53,79.38,127.25,57,3.6,Delivered
55080,20250430,1116,2071,3013,5,3360.09,19.92,138.77,21,4.5,Delivered
55081,20240709,1320,2033,3085,2,1668.04,67.61,74.91,22,4.1,Delivered
55082,20250225,1248,2077,3141,5,4469.19,63.98,0.0,50,4.6,Delivered
55083,20240429,1644,2074,3112,5,2703.29,73.9,89.99,37,3.7,Delivered
55084,20240807,1357,2002,3029,4,3008.32,23.64,90.96,30,4.7,Delivered
55085,20240222,1443,2039,3051,1,637.77,42.81,0.0,46,3.7,Delivered
55086,20250326,1306,2101,3036,1,732.98,46.47,63.73,58,4.6,Delivered
55087,20250215,1463,2086,3060,1,639.23,29.12,110.27,42,3.4,Delivered
55088,20251004,1146,2057,3146,3,1511.47,68.83,0.0,45,3.3,Delivered
55089,20240824,1380,2002,3019,3,1432.66,48.04,183.02,62,4.4,Delivered
55090,20251220,1087,2098,3029,2,924.86,49.29,0.0,62,3.7,Delivered
55091,20250209,1315,2040,3048,4,2022.22,31.93,0.0,43,4.0,Delivered
55092,20250830,1274,2011,3027,3,2173.25,73.38,0.0,21,4.5,Delivered
55093,20250225,1262,2044,3006,2,791.11,73.82,175.62,61,4.2,Delivered
55094,20251212,1543,2047,3094,4,3086.95,67.47,0.0,53,4.0,Delivered
55095,20240903,1438,2056,3018,3,1036.59,79.83,0.0,25,3.2,Delivered
55096,20240312,1343,2059,3023,2,977.56,23.3,0.0,59,3.8,Delivered
55097,20240703,1676,2032,3148,3,2244.68,37.22,0.0,54,4.3,Delivered
55098,20240106,1133,2116,3106,4,1685.84,31.37,0.0,61,3.0,Delivered
55099,20240724,1232,2002,3079,3,1764.33,78.07,242.79,33,3.7,Delivered
55100,20250627,1035,2101,3110,3,1190.78,76.04,0.0,29,4.7,Delivered
55101,20250902,1321,2045,3072,3,1435.58,47.17,96.29,43,4.8,Delivered
55102,20250121,1690,2094,3104,2,1215.5,77.84,245.04,22,,Cancelled
55103,20251129,1414,2023,3035,4,1755.27,69.26,178.98,21,3.5,Delivered
55104,20240316,1706,2088,3136,5,1991.86,48.77,186.22,22,3.7,Delivered
55105,20240625,1102,2046,3037,5,1625.04,32.32,169.83,19,4.2,Delivered
55106,20241214,1085,2079,3029,4,3295.77,32.57,0.0,29,3.1,Delivered
55107,20240911,1297,2053,3016,5,4113.75,49.82,196.96,18,3.8,Delivered
55108,20251202,1652,2011,3147,5,2194.63,61.23,186.52,53,3.1,Delivered
55109,20241103,1670,2053,3141,4,1801.71,75.98,224.33,29,3.6,Delivered
55110,20241210,1581,2044,3053,4,910.8,27.58,100.72,52,4.8,Delivered
55111,20240506,1657,2006,3013,1,779.17,46.77,0.0,42,4.7,Delivered
55112,20241013,1166,2036,3085,2,1413.08,33.96,0.0,62,3.4,Delivered
55113,20251225,1557,2095,3082,1,576.87,42.0,0.0,63,3.3,Delivered
55114,20250818,1580,2006,3148,4,2451.99,56.8,145.47,45,4.8,Delivered
55115,20250501,1077,2089,3035,2,1703.57,35.28,0.0,54,,Cancelled
55116,20250117,1136,2104,3040,2,488.94,72.84,133.63,53,3.1,Delivered
55117,20250209,1367,2030,3134,4,907.5,32.4,0.0,60,3.9,Delivered
55118,20250122,1248,2043,3070,2,800.97,27.5,143.46,38,,Cancelled
55119,20250608,1746,2018,3073,5,2635.33,55.31,0.0,36,3.4,Delivered
55120,20250710,1016,2032,3038,4,1317.53,33.59,0.0,24,,Cancelled
55121,20250930,1737,2116,3012,3,2420.57,26.75,0.0,22,4.7,Delivered
55122,20250917,1219,2091,3001,3,639.55,15.13,41.18,19,3.9,Delivered
55123,20241002,1399,2096,3021,4,3525.43,22.6,159.32,24,3.8,Delivered
55124,20250514,1641,2086,3140,3,1153.61,72.83,0.0,28,5.0,Delivered
55125,20251217,1551,2033,3060,2,1741.5,62.95,76.31,64,,Cancelled
55126,20241202,1671,2007,3097,1,174.8,60.38,56.91,46,4.7,Delivered
55127,20250425,1768,2117,3104,1,369.18,70.19,155.42,46,3.5,Delivered
55128,20240929,1029,2055,3119,4,605.59,23.19,118.58,53,3.1,Delivered
55129,20240227,1397,2024,3108,3,2253.63,40.24,0.0,30,4.7,Delivered
55130,20241123,1147,2008,3036,5,2663.6,29.98,177.89,50,3.8,Delivered
55131,20251231,1796,2025,3131,3,2661.68,52.67,0.0,25,3.8,Delivered
55132,20240418,1506,2059,3101,2,1427.39,64.49,200.32,54,3.1,Delivered
55133,20241005,1107,2002,3035,1,356.07,24.54,219.54,57,4.5,Delivered
55134,20251116,1349,2055,3076,1,610.65,77.21,0.0,59,4.3,Delivered
55135,20241123,1227,2089,3076,1,473.15,26.02,172.65,54,3.4,Delivered
55136,20241110,1761,2119,3050,4,1003.17,16.2,0.0,50,4.2,Delivered
55137,20250418,1722,2097,3072,5,1469.89,72.22,194.04,20,4.8,Delivered
55138,20240420,1745,2024,3077,3,1848.78,42.68,236.25,45,4.5,Delivered
55139,20251129,1735,2059,3054,4,2138.57,62.28,0.0,19,4.9,Delivered
55140,20240816,1327,2089,3085,3,2407.89,60.55,0.0,30,4.7,Delivered
55141,20250511,1107,2002,3028,3,925.25,38.25,0.0,34,3.2,Delivered
55142,20240604,1704,2082,3021,1,239.79,36.6,0.0,58,4.3,Delivered
55143,20250417,1472,2016,3057,2,1166.89,62.8,194.47,24,4.7,Delivered
55144,20251201,1631,2021,3064,5,3747.47,30.27,30.85,36,4.3,Delivered
55145,20240928,1048,2030,3004,3,2597.09,69.66,0.0,41,,Cancelled
55146,20240102,1387,2030,3065,3,1669.57,73.57,0.0,19,5.0,Delivered
55147,20251222,1396,2086,3124,4,3073.5,37.12,23.13,60,4.5,Delivered
55148,20250525,1443,2047,3031,1,618.05,38.65,87.16,30,4.8,Delivered
55149,20241012,1071,2090,3002,4,1222.72,41.91,33.53,25,3.7,Delivered
55150,20240113,1562,2038,3146,1,419.11,77.74,61.19,65,3.6,Delivered
55151,20250830,1179,2069,3055,5,2800.46,59.75,217.45,52,4.6,Delivered
55152,20250512,1204,2065,3030,5,2607.96,72.43,0.0,39,5.0,Delivered
55153,20240825,1059,2002,3068,1,662.37,61.64,0.0,20,4.8,Delivered
55154,20240403,1167,2006,3139,4,2870.16,21.48,174.61,58,3.7,Delivered
55155,20241203,1379,2011,3023,5,1118.04,65.45,20.34,22,4.6,Delivered
55156,20240619,1703,2118,3022,4,2092.84,59.08,178.06,41,5.0,Delivered
55157,20250828,1666,2083,3009,3,1972.02,71.9,0.0,20,5.0,Delivered
55158,20251022,1235,2033,3090,5,1726.61,66.54,0.0,61,4.2,Delivered
55159,20250915,1199,2009,3089,2,789.84,56.24,229.68,48,3.4,Delivered
55160,20250720,1607,2033,3038,5,919.07,45.65,0.0,23,3.7,Delivered
55161,20250411,1237,2077,3020,5,3712.92,34.88,114.19,40,3.1,Delivered
55162,20250919,1290,2096,3042,3,1621.13,27.28,0.0,19,3.7,Delivered
55163,20240522,1578,2045,3079,1,843.15,19.67,0.0,24,4.7,Delivered
55164,20240719,1582,2034,3067,4,824.9,77.94,0.0,50,3.6,Delivered
55165,20240628,1747,2065,3016,1,692.8,59.33,197.32,60,4.9,Delivered
55166,20251214,1611,2055,3035,1,806.02,25.75,154.01,38,4.4,Delivered
55167,20241229,1339,2081,3110,4,1038.32,32.65,0.0,24,4.3,Delivered
55168,20250423,1010,2072,3148,5,2782.77,18.81,34.09,30,3.2,Delivered
55169,20250718,1257,2059,3066,2,1183.22,22.12,44.81,24,3.6,Delivered
55170,20250415,1673,2017,3100,2,536.33,41.4,0.0,39,3.3,Delivered
55171,20250118,1589,2085,3045,4,3040.11,66.21,0.0,63,4.0,Delivered
55172,20251122,1662,2085,3068,1,151.38,29.25,34.78,62,3.8,Delivered
55173,20250220,1254,2002,3005,5,3845.97,79.15,0.0,59,3.5,Delivered
55174,20241103,1725,2050,3030,2,1122.53,27.49,168.84,50,3.6,Delivered
55175,20251010,1007,2001,3124,3,1083.49,47.84,0.0,65,4.3,Delivered
55176,20251124,1199,2074,3150,1,385.34,70.88,65.93,54,3.0,Delivered
55177,20250101,1052,2035,3006,5,2127.05,62.41,161.39,35,4.3,Delivered
55178,20240101,1109,2096,3066,4,2230.2,43.96,0.0,29,4.4,Delivered
55179,20240213,1010,2072,3026,4,1155.07,76.97,85.94,41,4.8,Delivered
55180,20240407,1214,2018,3098,3,2117.6,63.6,228.19,65,3.7,Delivered
55181,20251220,1327,2008,3017,3,654.92,78.35,0.0,41,3.8,Delivered
55182,20240921,1523,2029,3050,2,1240.38,27.89,0.0,53,3.5,Delivered
55183,20240519,1392,2076,3062,5,2548.3,49.76,0.0,60,4.8,Delivered
55184,20250425,1473,2082,3123,5,1035.26,39.96,233.71,24,3.5,Delivered
55185,20240824,1541,2097,3101,3,777.62,46.89,0.0,25,,Cancelled
55186,20240312,1429,2115,3059,2,460.03,39.68,103.47,64,3.1,Delivered
55187,20251028,1655,2048,3096,1,812.78,16.02,0.0,25,3.1,Delivered
55188,20240708,1300,2010,3084,4,1507.1,31.14,0.0,59,4.4,Delivered
55189,20240924,1377,2055,3117,1,873.39,55.12,105.4,65,4.0,Delivered
55190,20241116,1320,2076,3099,4,670.61,63.13,0.0,54,4.2,Delivered
55191,20240416,1294,2111,3027,4,2437.73,44.24,189.29,29,4.3,Delivered
55192,20240819,1017,2081,3064,4,2543.9,37.6,0.0,46,4.6,Delivered
55193,20240211,1039,2040,3115,5,3084.61,60.93,123.89,30,3.8,Delivered
55194,20251202,1450,2028,3045,1,859.18,55.04,121.87,36,3.1,Delivered
55195,20240518,1216,2051,3080,3,1878.75,24.36,0.0,48,4.9,Delivered
55196,20250906,1415,2002,3009,3,770.38,52.04,0.0,32,4.4,Delivered
55197,20251113,1440,2068,3125,2,615.34,30.1,146.94,25,5.0,Delivered
55198,20240929,1301,2061,3108,1,473.54,72.18,113.41,48,3.6,Delivered
55199,20250425,1406,2017,3027,4,2346.64,54.24,0.0,51,4.2,Delivered
55200,20250219,1552,2103,3026,1,743.86,73.67,47.07,26,3.1,Delivered
55201,20250520,1070,2035,3006,2,1042.08,74.95,0.0,43,3.8,Delivered
55202,20251225,1796,2017,3013,2,615.35,34.65,220.12,50,5.0,Delivered
55203,20250227,1063,2102,3129,4,2822.3,67.81,0.0,47,4.0,Delivered
55204,20250210,1765,2090,3031,1,539.37,44.87,25.3,22,4.9,Delivered
55205,20250721,1529,2074,3109,4,2185.85,18.93,0.0,64,3.5,Delivered
55206,20250124,1677,2080,3025,5,3008.93,30.02,0.0,56,3.8,Delivered
55207,20241207,1223,2109,3057,4,3470.65,40.82,85.92,65,3.2,Delivered
55208,20250905,1600,2012,3100,5,1035.08,46.84,0.0,46,3.6,Delivered
55209,20250507,1428,2106,3131,4,1990.95,48.66,0.0,36,3.3,Delivered
55210,20240710,1239,2094,3090,2,1337.42,21.65,75.74,51,4.8,Delivered
55211,20250513,1623,2072,3129,1,388.24,22.86,133.97,31,3.6,Delivered
55212,20251212,1139,2029,3135,3,1222.92,67.47,120.78,64,4.6,Delivered
55213,20240820,1524,2089,3106,1,507.14,35.07,0.0,58,4.9,Delivered
55214,20240814,1634,2020,3100,1,893.26,65.45,0.0,34,3.9,Delivered
55215,20250105,1685,2015,3037,3,1772.44,55.71,0.0,40,4.4,Delivered
55216,20240518,1375,2071,3054,3,567.6,74.48,104.19,28,4.7,Delivered
55217,20240528,1769,2029,3149,4,2007.44,35.85,0.0,59,4.8,Delivered
55218,20240424,1796,2043,3112,3,936.06,23.79,90.79,27,3.3,Delivered
55219,20250325,1129,2060,3098,3,613.9,41.38,116.23,47,3.7,Delivered
55220,20240303,1750,2069,3070,1,865.47,33.11,0.0,47,4.2,Delivered
55221,20240413,1604,2027,3081,4,3451.79,18.57,0.0,33,,Cancelled
55222,20251029,1044,2041,3141,1,701.07,79.35,98.77,30,3.1,Delivered
55223,20240929,1171,2018,3123,1,466.86,51.94,0.0,58,4.4,Delivered
55224,20240106,1112,2042,3130,3,2509.36,37.83,0.0,31,4.2,Delivered
55225,20240526,1068,2085,3060,3,612.43,17.16,0.0,61,4.1,Delivered
55226,20240702,1729,2089,3124,4,2075.02,76.6,0.0,44,4.9,Delivered
55227,20240128,1608,2098,3129,1,777.38,45.31,47.56,25,3.9,Delivered
55228,20250703,1545,2045,3118,2,1635.86,42.98,0.0,32,3.5,Delivered
55229,20240428,1652,2028,3038,2,705.72,68.74,0.0,36,4.6,Delivered
55230,20241019,1761,2012,3109,1,848.83,51.49,0.0,34,4.9,Delivered
55231,20250105,1552,2082,3111,3,2503.2,46.63,150.27,36,4.5,Delivered
55232,20240831,1128,2096,3147,1,211.53,59.91,197.96,48,4.1,Delivered
55233,20250802,1285,2020,3145,2,1658.34,22.68,195.49,22,3.1,Delivered
55234,20251226,1277,2116,3060,3,837.28,28.51,0.0,32,4.9,Delivered
55235,20240805,1610,2081,3119,2,615.56,33.62,0.0,51,3.8,Delivered
55236,20240625,1404,2012,3114,2,1243.77,54.61,80.71,53,3.1,Delivered
55237,20241025,1495,2038,3080,1,844.7,40.74,0.0,65,4.3,Delivered
55238,20251106,1569,2086,3129,2,1000.62,52.1,76.96,21,4.8,Delivered
55239,20240227,1315,2069,3071,3,1958.26,68.9,0.0,20,4.3,Delivered
55240,20240925,1345,2013,3044,1,187.84,58.03,241.99,59,3.7,Delivered
55241,20241103,1176,2106,3116,3,635.72,32.24,192.09,49,3.1,Delivered
55242,20250723,1075,2035,3023,5,3225.88,36.46,125.43,31,4.6,Delivered
55243,20241014,1181,2103,3092,2,656.5,63.95,0.0,43,4.5,Delivered
55244,20240414,1269,2008,3070,4,628.83,38.22,143.58,23,4.2,Delivered
55245,20240815,1364,2089,3133,4,1560.68,71.0,0.0,61,4.2,Delivered
55246,20240903,1759,2077,3021,1,207.7,26.68,0.0,56,4.4,Delivered
55247,20251130,1156,2014,3023,2,1494.77,33.93,0.0,26,3.3,Delivered
55248,20250508,1200,2081,3050,5,1282.62,19.59,100.07,46,4.7,Delivered
55249,20240323,1698,2083,3020,4,859.92,25.52,113.2,60,4.8,Delivered
55250,20240704,1628,2083,3093,3,2341.47,71.07,226.57,33,3.0,Delivered
55251,20240908,1456,2114,3123,5,2848.6,18.1,74.03,30,4.6,Delivered
55252,20241220,1777,2018,3025,4,2133.73,37.86,110.24,58,4.7,Delivered
55253,20251126,1290,2061,3137,4,2167.35,50.24,107.98,19,3.7,Delivered
55254,20240728,1768,2085,3141,3,986.81,24.3,0.0,41,3.4,Delivered
55255,20250831,1393,2089,3007,4,2577.04,15.37,23.62,27,3.5,Delivered
55256,20250322,1783,2037,3091,2,978.91,22.24,0.0,48,4.6,Delivered
55257,20250404,1052,2004,3100,4,3083.5,24.35,0.0,44,,Cancelled
55258,20250416,1723,2049,3107,5,3082.88,25.26,0.0,44,3.3,Delivered
55259,20251220,1045,2107,3003,2,1393.4,62.51,195.0,50,4.5,Delivered
55260,20250104,1142,2040,3029,1,659.28,20.56,59.99,57,4.2,Delivered
55261,20250506,1037,2086,3045,1,622.97,58.21,173.43,19,4.0,Delivered
55262,20240516,1632,2094,3053,1,599.85,16.26,0.0,31,4.4,Delivered
55263,20250101,1301,2113,3018,4,1039.78,68.89,0.0,29,4.2,Delivered
55264,20240702,1269,2089,3023,2,884.56,60.74,0.0,63,3.4,Delivered
55265,20250810,1062,2028,3069,2,452.86,24.49,0.0,21,3.8,Delivered
55266,20241013,1242,2053,3014,5,1453.49,73.99,220.96,34,3.2,Delivered
55267,20250416,1764,2040,3028,4,1614.75,19.45,181.53,18,3.3,Delivered
55268,20250109,1071,2085,3100,3,2324.8,29.61,200.15,55,4.6,Delivered
55269,20251015,1061,2031,3137,1,862.01,36.04,238.59,27,3.8,Delivered
55270,20250620,1631,2098,3049,3,2490.21,21.08,130.15,23,4.8,Delivered
55271,20250525,1191,2104,3078,1,490.11,52.89,64.46,23,4.9,Delivered
55272,20250801,1558,2090,3121,3,2534.46,75.92,217.88,45,4.3,Delivered
55273,20240906,1525,2042,3045,5,2025.82,39.58,0.0,65,4.3,Delivered
55274,20250524,1017,2112,3062,3,1249.19,19.89,162.29,56,4.6,Delivered
55275,20250921,1434,2065,3068,5,2410.57,27.83,0.0,35,,Cancelled
55276,20240313,1380,2089,3109,5,3409.65,21.77,0.0,36,4.3,Delivered
55277,20241008,1284,2102,3094,3,893.48,34.29,176.37,24,3.3,Delivered
55278,20241225,1225,2004,3118,2,479.46,61.03,127.62,35,3.3,Delivered
55279,20240110,1603,2089,3033,2,1319.59,67.66,50.17,55,3.4,Delivered
55280,20240729,1281,2076,3019,5,1097.42,52.46,188.49,32,3.4,Delivered
55281,20240531,1175,2107,3106,4,1579.99,75.33,0.0,52,4.1,Delivered
55282,20240105,1760,2085,3142,1,529.59,21.57,0.0,37,4.5,Delivered
55283,20240713,1463,2012,3042,3,647.05,62.57,70.05,61,5.0,Delivered
55284,20241009,1470,2009,3095,1,672.58,77.64,241.5,22,3.8,Delivered
55285,20250408,1373,2025,3076,2,1439.55,60.6,80.07,34,3.4,Delivered
55286,20240422,1720,2080,3142,5,4293.8,46.51,0.0,44,4.9,Delivered
55287,20240927,1402,2113,3055,2,348.91,76.53,0.0,55,3.5,Delivered
55288,20240611,1222,2009,3098,5,3329.06,34.74,59.96,47,4.1,Delivered
55289,20250404,1184,2076,3049,5,4328.07,58.15,245.42,50,,Cancelled
55290,20240414,1188,2115,3134,4,2830.66,54.33,0.0,24,3.6,Delivered
55291,20251123,1070,2048,3136,4,1616.14,77.81,66.07,25,3.8,Delivered
55292,20250709,1485,2044,3131,3,2359.58,68.69,0.0,38,3.5,Delivered
55293,20241008,1010,2024,3046,1,513.07,30.4,173.68,48,4.0,Delivered
55294,20251117,1662,2085,3097,3,1538.74,70.54,116.05,33,3.3,Delivered
55295,20240610,1531,2026,3062,4,2968.3,70.66,207.52,60,4.2,Delivered
55296,20241216,1098,2106,3095,4,1021.28,24.15,0.0,21,4.1,Delivered
55297,20250309,1107,2089,3141,2,1219.29,21.87,34.99,42,4.1,Delivered
55298,20240519,1656,2093,3115,4,1540.56,59.87,178.59,49,,Cancelled
55299,20250415,1375,2018,3041,1,816.49,24.35,223.21,41,4.8,Delivered
55300,20240511,1091,2038,3013,4,3523.5,40.42,0.0,24,3.6,Delivered
55301,20240327,1608,2070,3104,2,1112.25,18.18,188.63,56,3.3,Delivered
55302,20251118,1743,2006,3088,4,2030.3,68.2,0.0,58,3.6,Delivered
55303,20240701,1605,2043,3092,3,741.44,55.07,234.76,43,4.4,Delivered
55304,20250102,1693,2061,3041,1,313.55,47.96,0.0,51,3.2,Delivered
55305,20240508,1771,2070,3095,2,522.85,48.26,0.0,37,3.7,Delivered
55306,20240902,1269,2002,3018,3,1839.58,72.33,44.86,47,4.0,Delivered
55307,20250823,1683,2008,3055,5,4241.9,24.62,181.83,39,4.4,Delivered
55308,20250731,1564,2046,3114,3,959.81,41.34,0.0,50,3.2,Delivered
55309,20251031,1760,2089,3019,1,873.8,77.74,120.56,39,3.7,Delivered
55310,20250112,1396,2075,3139,2,1208.24,42.62,232.81,54,3.7,Delivered
55311,20240528,1357,2089,3099,2,1210.37,67.14,0.0,56,3.9,Delivered
55312,20250308,1748,2096,3144,2,1080.76,22.89,94.81,55,4.7,Delivered
55313,20250919,1199,2112,3067,5,1872.01,51.79,0.0,25,4.8,Delivered
55314,20251226,1799,2077,3044,3,1017.97,17.16,186.11,43,3.8,Delivered
55315,20250413,1434,2027,3014,3,2497.0,47.15,146.56,20,4.9,Delivered
55316,20250321,1366,2018,3145,3,807.49,59.9,174.04,19,3.5,Delivered
55317,20250425,1239,2045,3049,4,1893.02,30.05,234.8,46,4.3,Delivered
55318,20241020,1663,2112,3081,4,2311.02,58.36,0.0,18,3.8,Delivered
55319,20240522,1396,2073,3115,3,2174.75,70.3,0.0,19,4.7,Delivered
55320,20240906,1075,2005,3127,2,720.74,62.22,0.0,35,4.5,Delivered
55321,20241028,1623,2034,3114,4,749.62,18.42,0.0,27,3.2,Delivered
55322,20240125,1285,2113,3062,2,1227.28,38.13,21.01,22,3.2,Delivered
55323,20240310,1309,2029,3091,4,1370.14,26.47,175.12,54,3.7,Delivered
55324,20250916,1618,2043,3128,3,1174.5,60.12,75.35,19,4.9,Delivered
55325,20240421,1239,2042,3094,4,1634.8,39.49,0.0,52,3.3,Delivered
55326,20241229,1455,2061,3076,4,1295.67,65.49,68.47,58,4.8,Delivered
55327,20241029,1515,2004,3105,4,1627.95,61.34,0.0,53,3.1,Delivered
55328,20250415,1288,2069,3087,2,741.88,66.65,0.0,43,4.6,Delivered
55329,20240331,1286,2117,3074,3,2260.22,63.38,0.0,33,3.6,Delivered
55330,20250613,1439,2080,3121,1,873.89,55.64,177.06,30,4.4,Delivered
55331,20251022,1143,2017,3109,2,1702.93,64.28,0.0,47,4.4,Delivered
55332,20251226,1707,2019,3090,2,1547.95,25.37,42.97,42,4.8,Delivered
55333,20251024,1415,2097,3040,2,1153.47,75.36,0.0,47,,Cancelled
55334,20240710,1713,2051,3107,5,1175.59,16.77,39.54,21,4.7,Delivered
55335,20250705,1170,2099,3100,5,2839.16,59.2,224.08,18,3.3,Delivered
55336,20240829,1420,2094,3061,3,1461.9,38.25,0.0,37,3.1,Delivered
55337,20240517,1003,2118,3007,1,604.29,74.14,0.0,46,4.0,Delivered
55338,20241210,1799,2006,3095,2,1187.75,34.9,0.0,19,3.5,Delivered
55339,20240628,1576,2097,3077,3,2627.65,45.87,0.0,40,3.5,Delivered
55340,20251212,1477,2017,3093,1,605.4,27.43,0.0,61,4.0,Delivered
55341,20250517,1783,2030,3141,5,4106.18,30.31,161.61,58,4.8,Delivered
55342,20240721,1679,2017,3094,1,168.42,29.31,215.54,51,3.8,Delivered
55343,20250726,1570,2042,3130,3,2295.08,58.54,0.0,29,4.2,Delivered
55344,20240710,1537,2062,3001,4,2163.4,77.58,0.0,41,4.4,Delivered
55345,20240105,1369,2114,3138,2,340.83,78.83,20.37,62,,Cancelled
55346,20240824,1593,2041,3114,3,1976.74,70.2,0.0,49,3.0,Delivered
55347,20251123,1019,2087,3034,3,578.12,59.94,44.12,47,3.4,Delivered
55348,20241106,1288,2082,3126,2,555.09,36.33,186.19,57,3.7,Delivered
55349,20250702,1721,2023,3141,3,2133.48,49.43,164.24,54,4.9,Delivered
55350,20240225,1487,2048,3075,2,563.92,18.4,0.0,58,4.0,Delivered
55351,20250318,1647,2086,3065,1,191.09,53.83,54.54,29,4.6,Delivered
55352,20240824,1350,2015,3119,4,1580.2,25.12,102.16,31,4.3,Delivered
55353,20240715,1302,2027,3100,4,2887.9,57.59,118.06,31,3.0,Delivered
55354,20250807,1701,2049,3065,2,537.54,43.4,0.0,52,3.3,Delivered
55355,20250724,1663,2041,3022,2,1033.65,28.51,0.0,37,4.8,Delivered
55356,20250528,1622,2044,3033,3,1713.86,77.53,166.97,40,3.1,Delivered
55357,20250324,1127,2086,3100,2,1196.89,17.14,186.84,64,4.7,Delivered
55358,20241225,1044,2064,3128,1,713.03,64.47,134.65,45,4.5,Delivered
55359,20251130,1603,2008,3017,5,4151.66,77.49,0.0,36,3.7,Delivered
55360,20240130,1321,2066,3110,4,3329.24,52.93,0.0,60,4.0,Delivered
55361,20240417,1798,2009,3075,1,391.17,76.17,148.97,21,4.2,Delivered
55362,20250824,1711,2106,3105,5,2300.84,21.46,0.0,55,3.6,Delivered
55363,20251217,1287,2097,3097,2,1610.26,44.66,0.0,37,3.8,Delivered
55364,20250320,1563,2013,3021,4,3472.28,70.13,0.0,52,4.6,Delivered
55365,20250313,1696,2057,3064,4,1821.7,40.33,21.55,50,4.6,Delivered
55366,20250828,1497,2033,3119,2,1056.8,42.14,0.0,47,4.7,Delivered
55367,20250401,1590,2054,3104,2,341.4,26.36,0.0,29,4.6,Delivered
55368,20250906,1702,2039,3103,5,796.9,33.31,153.6,62,5.0,Delivered
55369,20251128,1333,2017,3130,2,1647.04,61.73,0.0,36,3.5,Delivered
55370,20251126,1753,2097,3133,4,2490.14,58.74,0.0,39,4.5,Delivered
55371,20250509,1318,2106,3103,5,2993.6,29.53,187.93,58,,Cancelled
55372,20251104,1190,2030,3052,2,797.24,54.59,0.0,56,4.7,Delivered
55373,20240903,1561,2019,3126,1,474.94,74.95,99.91,59,4.4,Delivered
55374,20250626,1763,2105,3054,2,500.21,35.91,184.56,26,,Cancelled
55375,20250717,1375,2020,3137,5,3348.76,58.38,0.0,54,4.5,Delivered
55376,20250810,1674,2005,3036,1,209.67,28.65,0.0,19,4.2,Delivered
55377,20250314,1479,2026,3148,1,846.99,33.32,32.37,38,3.8,Delivered
55378,20241004,1593,2041,3003,1,613.84,32.5,124.03,19,3.7,Delivered
55379,20250705,1689,2060,3024,4,1701.07,58.71,0.0,36,4.5,Delivered
55380,20250904,1300,2007,3115,2,433.52,58.93,0.0,36,4.8,Delivered
55381,20240420,1438,2030,3038,2,1118.02,32.64,0.0,20,4.1,Delivered
55382,20250119,1687,2056,3088,2,786.65,22.76,0.0,25,4.1,Delivered
55383,20240709,1749,2114,3114,4,1709.01,15.14,122.98,46,4.2,Delivered
55384,20250504,1278,2041,3017,4,2572.11,41.12,26.81,60,3.6,Delivered
55385,20251124,1086,2021,3061,2,1440.66,50.23,0.0,53,4.7,Delivered
55386,20250301,1693,2001,3095,3,2651.1,38.69,200.51,28,4.5,Delivered
55387,20250208,1145,2071,3054,4,2349.08,42.03,214.7,60,3.7,Delivered
55388,20241130,1068,2085,3078,5,3273.08,43.27,224.96,19,4.3,Delivered
55389,20240727,1077,2085,3088,4,1874.15,29.65,0.0,22,3.1,Delivered
55390,20240122,1155,2051,3047,5,3610.51,61.05,79.53,42,3.7,Delivered
55391,20251108,1754,2031,3021,4,1216.48,27.65,0.0,40,4.3,Delivered
55392,20250902,1313,2061,3095,2,606.78,60.17,102.46,35,3.2,Delivered
55393,20240726,1219,2054,3110,5,3508.02,71.6,224.84,25,3.2,Delivered
55394,20240108,1795,2050,3076,1,239.99,54.66,73.01,60,3.4,Delivered
55395,20251202,1547,2005,3144,1,349.46,73.84,0.0,18,4.8,Delivered
55396,20251117,1292,2010,3056,1,258.41,42.06,135.74,33,4.0,Delivered
55397,20250612,1657,2025,3094,5,3172.05,27.48,213.59,29,3.1,Delivered
55398,20250824,1618,2025,3136,5,4268.38,33.33,0.0,36,4.4,Delivered
55399,20251014,1146,2118,3146,3,702.48,65.59,132.89,24,3.5,Delivered
55400,20251018,1125,2022,3076,3,1520.57,33.91,0.0,27,3.7,Delivered
55401,20240614,1480,2066,3138,5,2967.01,56.08,23.42,50,3.3,Delivered
55402,20250510,1715,2088,3026,1,523.92,65.78,182.5,32,4.6,Delivered
55403,20250812,1030,2051,3119,2,1041.64,17.27,0.0,21,4.5,Delivered
55404,20250304,1132,2052,3139,4,2321.92,20.91,96.38,32,4.8,Delivered
55405,20240611,1152,2043,3130,5,1182.07,25.55,0.0,23,3.7,Delivered
55406,20241231,1533,2057,3068,2,1219.8,42.2,233.31,41,,Cancelled
55407,20250609,1126,2065,3100,4,1127.06,15.56,41.26,21,3.1,Delivered
55408,20240826,1446,2036,3093,2,1717.51,44.71,0.0,60,3.6,Delivered
55409,20240312,1508,2068,3140,3,1952.59,52.38,0.0,25,3.5,Delivered
55410,20250320,1752,2003,3116,3,548.61,32.61,0.0,56,4.8,Delivered
55411,20251016,1115,2030,3142,5,1973.34,20.37,155.68,51,4.9,Delivered
55412,20250523,1119,2087,3009,5,1712.16,52.96,82.46,65,3.3,Delivered
55413,20240925,1585,2008,3106,3,1498.94,18.58,53.75,49,4.7,Delivered
55414,20250218,1145,2061,3068,2,1318.33,30.01,0.0,34,4.9,Delivered
55415,20240901,1700,2086,3110,4,1576.69,34.84,0.0,62,4.0,Delivered
55416,20251105,1131,2076,3054,5,1005.83,35.61,0.0,63,4.5,Delivered
55417,20240229,1513,2113,3001,5,3248.78,71.2,0.0,53,4.8,Delivered
55418,20240106,1685,2095,3135,3,986.02,34.09,38.91,22,4.2,Delivered
55419,20251209,1266,2117,3040,2,1465.29,47.45,181.67,34,4.2,Delivered
55420,20250723,1256,2073,3045,4,2054.68,65.52,0.0,46,5.0,Delivered
55421,20250210,1141,2056,3050,3,2330.66,79.71,0.0,18,4.7,Delivered
55422,20240804,1061,2015,3013,2,712.58,23.93,0.0,32,,Cancelled
55423,20240126,1140,2086,3085,4,3341.26,19.47,0.0,48,4.6,Delivered
55424,20240105,1596,2089,3031,1,857.22,25.48,0.0,56,4.2,Delivered
55425,20250615,1008,2058,3033,5,4134.98,77.14,0.0,28,3.0,Delivered
55426,20250124,1655,2042,3139,3,2511.15,38.77,63.51,61,4.8,Delivered
55427,20251210,1037,2024,3034,2,1754.01,20.69,0.0,56,5.0,Delivered
55428,20250724,1455,2083,3053,3,2427.79,37.53,187.27,50,4.4,Delivered
55429,20250323,1140,2092,3096,5,4399.65,74.28,173.64,56,3.4,Delivered
55430,20240525,1706,2056,3048,1,522.69,33.55,224.43,59,3.5,Delivered
55431,20250122,1296,2053,3088,2,1287.03,78.83,155.29,39,3.6,Delivered
55432,20240905,1299,2115,3102,2,725.69,64.96,175.75,46,3.0,Delivered
55433,20250609,1695,2011,3111,1,771.49,29.02,220.49,36,4.6,Delivered
55434,20250406,1481,2048,3060,1,799.43,63.13,0.0,47,3.8,Delivered
55435,20240113,1179,2046,3077,2,500.67,48.53,0.0,60,4.9,Delivered
55436,20250118,1495,2056,3035,3,1022.61,62.89,135.63,49,3.3,Delivered
55437,20250709,1016,2099,3146,2,848.71,53.22,162.47,56,,Cancelled
55438,20250202,1294,2116,3032,1,259.87,47.7,215.83,60,4.5,Delivered
55439,20240119,1263,2110,3046,3,1104.48,17.43,0.0,42,4.3,Delivered
55440,20250728,1189,2016,3071,1,416.75,20.54,207.71,54,4.0,Delivered
55441,20250505,1600,2092,3005,3,690.17,18.66,113.31,24,3.1,Delivered
55442,20250222,1182,2068,3086,3,1071.1,45.34,243.9,42,4.3,Delivered
55443,20241202,1022,2054,3090,2,633.41,45.64,0.0,23,3.1,Delivered
55444,20250222,1166,2068,3119,2,878.9,45.65,114.53,37,4.6,Delivered
55445,20250903,1433,2003,3078,4,3581.18,66.87,0.0,58,3.2,Delivered
55446,20251105,1607,2010,3035,5,1760.56,71.28,229.25,32,4.9,Delivered
55447,20240501,1444,2032,3062,1,280.53,27.48,205.13,30,,Cancelled
55448,20250307,1343,2109,3108,4,3516.38,24.06,0.0,60,3.1,Delivered
55449,20240213,1637,2099,3079,2,1732.55,39.74,0.0,32,3.7,Delivered
55450,20241112,1573,2009,3026,4,2946.99,75.62,174.88,61,4.7,Delivered
55451,20250115,1675,2068,3132,2,1163.64,67.1,94.98,39,,Cancelled
55452,20240524,1463,2072,3022,3,1562.2,54.12,0.0,37,4.8,Delivered
55453,20241122,1750,2059,3090,1,304.73,63.61,0.0,36,4.9,Delivered
55454,20241228,1691,2085,3058,4,1077.62,44.37,0.0,42,3.3,Delivered
55455,20240219,1263,2039,3051,4,3334.53,34.77,0.0,46,3.6,Delivered
55456,20240305,1243,2044,3090,3,2688.84,24.28,0.0,64,4.4,Delivered
55457,20241220,1759,2106,3038,3,1794.09,24.58,118.16,36,4.1,Delivered
55458,20240612,1013,2049,3139,4,1415.44,76.27,130.93,59,3.1,Delivered
55459,20240520,1225,2049,3067,2,735.08,46.58,192.67,32,3.9,Delivered
55460,20240507,1669,2090,3016,1,410.98,72.47,0.0,56,4.9,Delivered
55461,20250201,1300,2116,3134,1,729.18,35.67,167.01,29,3.2,Delivered
55462,20250407,1530,2017,3051,1,657.44,45.25,80.06,21,3.8,Delivered
55463,20240705,1771,2087,3089,5,850.31,49.27,0.0,65,3.7,Delivered
55464,20251220,1484,2028,3049,5,3168.35,35.84,0.0,58,3.7,Delivered
55465,20240708,1284,2048,3028,5,2433.57,46.4,149.99,26,3.6,Delivered
55466,20250122,1032,2100,3041,2,1248.07,64.96,0.0,37,4.1,Delivered
55467,20250304,1292,2038,3036,4,1579.85,47.16,138.48,61,3.1,Delivered
55468,20241010,1619,2043,3126,4,2167.49,67.13,0.0,29,3.5,Delivered
55469,20240824,1599,2016,3138,5,1151.22,41.26,141.89,46,4.6,Delivered
55470,20240712,1200,2112,3093,5,1730.77,73.19,44.91,32,4.7,Delivered
55471,20241013,1447,2083,3022,3,1378.64,51.57,36.34,55,3.7,Delivered
55472,20240515,1532,2012,3143,2,958.66,62.05,44.27,64,4.9,Delivered
55473,20240619,1391,2116,3010,3,2404.04,19.79,0.0,53,3.7,Delivered
55474,20240607,1591,2021,3059,1,424.68,61.69,0.0,42,4.4,Delivered
55475,20240719,1088,2081,3104,1,198.83,66.38,0.0,24,4.0,Delivered
55476,20250501,1789,2039,3079,5,3867.25,18.73,0.0,45,4.1,Delivered
55477,20250710,1463,2034,3045,1,440.7,61.1,0.0,64,4.2,Delivered
55478,20250805,1654,2062,3116,1,203.13,27.32,0.0,20,4.9,Delivered
55479,20250518,1341,2063,3084,4,683.87,41.79,125.78,47,4.1,Delivered
55480,20250105,1259,2117,3111,4,2999.06,56.4,0.0,44,4.6,Delivered
55481,20240412,1343,2041,3096,4,1635.11,75.22,0.0,23,4.9,Delivered
55482,20240504,1255,2028,3136,5,4170.39,18.35,207.43,56,3.1,Delivered
55483,20241108,1248,2017,3116,5,1557.8,65.86,105.19,42,3.1,Delivered
55484,20250402,1486,2008,3092,1,433.45,66.12,20.74,47,4.0,Delivered
55485,20240817,1412,2065,3140,1,225.18,23.61,231.42,25,3.8,Delivered
55486,20251019,1448,2117,3002,2,1610.96,21.23,0.0,65,4.8,Delivered
55487,20240715,1699,2034,3124,1,721.03,62.71,225.43,54,3.5,Delivered
55488,20250226,1260,2055,3109,5,1169.63,43.36,200.07,51,4.7,Delivered
55489,20250725,1111,2011,3087,1,779.1,20.16,45.27,45,3.4,Delivered
55490,20250901,1013,2049,3032,2,1415.53,31.72,103.44,26,4.8,Delivered
55491,20240619,1023,2004,3047,3,1590.46,24.48,0.0,22,4.0,Delivered
55492,20250116,1165,2016,3029,2,1519.11,67.94,0.0,42,3.1,Delivered
55493,20240621,1677,2049,3038,2,1359.16,61.54,0.0,51,4.6,Delivered
55494,20251024,1477,2029,3040,3,2326.12,36.54,80.58,47,,Cancelled
55495,20250328,1651,2051,3106,5,3889.22,26.09,95.6,27,,Cancelled
55496,20241215,1685,2001,3123,2,928.4,29.76,0.0,60,3.6,Delivered
55497,20250925,1035,2060,3072,5,2409.87,77.51,236.9,27,3.0,Delivered
55498,20250508,1416,2042,3109,1,667.65,15.93,161.59,24,3.8,Delivered
55499,20250911,1637,2032,3039,4,3095.11,34.97,200.74,28,4.5,Delivered
55500,20240104,1432,2021,3081,5,790.79,17.85,229.76,37,3.5,Delivered
55501,20240402,1535,2097,3005,5,4179.38,64.25,116.01,45,3.8,Delivered
55502,20240106,1706,2088,3018,2,1720.98,76.46,183.08,37,4.2,Delivered
55503,20241014,1027,2090,3139,1,342.76,41.98,0.0,56,3.5,Delivered
55504,20250909,1658,2085,3128,3,1885.39,74.1,215.2,40,4.4,Delivered
55505,20240525,1117,2046,3033,1,333.84,22.23,207.5,30,3.9,Delivered
55506,20250227,1718,2076,3042,5,1544.62,70.18,213.73,31,4.6,Delivered
55507,20250830,1160,2046,3020,2,1508.74,35.83,0.0,64,3.6,Delivered
55508,20250401,1213,2024,3068,4,3183.73,33.83,196.75,45,3.7,Delivered
55509,20240720,1702,2091,3080,3,1907.19,61.81,63.49,27,4.7,Delivered
55510,20240730,1228,2023,3095,2,877.12,77.72,95.06,36,4.8,Delivered
55511,20240106,1424,2070,3004,5,4462.75,23.87,59.61,33,4.9,Delivered
55512,20250915,1165,2029,3044,2,627.54,25.52,109.15,26,4.0,Delivered
55513,20250110,1042,2090,3147,4,3047.9,34.71,197.18,58,3.0,Delivered
55514,20250322,1755,2025,3044,2,1561.91,28.12,0.0,58,3.8,Delivered
55515,20240415,1055,2090,3113,5,1042.46,78.1,104.05,24,4.8,Delivered
55516,20251012,1430,2075,3021,1,844.02,22.02,101.91,42,3.4,Delivered
55517,20250204,1334,2029,3150,3,997.54,22.36,82.87,52,4.4,Delivered
55518,20240405,1030,2049,3005,4,1613.63,28.13,0.0,56,4.3,Delivered
55519,20250122,1575,2016,3052,1,426.84,63.96,121.01,26,4.6,Delivered
55520,20250327,1321,2049,3003,1,178.85,21.01,235.87,19,4.7,Delivered
55521,20250219,1411,2082,3015,3,947.16,29.64,28.16,18,3.7,Delivered
55522,20251226,1072,2023,3004,5,1834.13,27.27,0.0,18,4.1,Delivered
55523,20250518,1290,2083,3134,4,3190.52,67.64,234.88,44,4.4,Delivered
55524,20250329,1355,2049,3080,1,215.79,44.82,76.69,32,4.0,Delivered
55525,20241017,1066,2039,3143,4,3577.51,78.49,0.0,29,4.8,Delivered
55526,20250617,1703,2114,3059,2,1187.88,79.66,0.0,34,4.8,Delivered
55527,20240711,1778,2032,3112,3,2566.12,73.84,0.0,50,3.1,Delivered
55528,20240529,1714,2006,3012,4,1501.39,62.21,186.57,38,4.7,Delivered
55529,20250529,1079,2109,3032,3,1647.68,51.25,0.0,55,4.8,Delivered
55530,20250127,1672,2024,3114,2,1494.69,68.53,238.19,59,4.6,Delivered
55531,20241111,1126,2033,3061,4,3337.48,26.6,147.85,36,4.4,Delivered
55532,20240316,1102,2118,3092,1,696.06,16.39,0.0,25,4.2,Delivered
55533,20250821,1695,2001,3107,4,955.36,43.96,195.05,38,3.7,Delivered
55534,20240926,1707,2098,3025,5,3520.91,43.61,169.25,57,3.8,Delivered
55535,20240812,1234,2114,3141,2,1764.7,66.02,0.0,33,4.6,Delivered
55536,20250613,1620,2030,3044,1,174.4,57.53,174.48,65,3.4,Delivered
55537,20240422,1339,2112,3124,3,2386.47,41.02,62.16,31,4.6,Delivered
55538,20240907,1592,2083,3020,2,458.27,38.54,0.0,64,4.6,Delivered
55539,20240820,1780,2068,3060,1,315.66,19.06,41.84,40,3.5,Delivered
55540,20251214,1500,2043,3110,2,847.26,34.11,0.0,54,3.2,Delivered
55541,20240323,1546,2086,3140,1,404.84,50.96,0.0,53,3.9,Delivered
55542,20240504,1231,2030,3028,1,323.24,29.02,238.71,62,4.4,Delivered
55543,20240623,1475,2038,3077,1,834.74,33.11,230.22,29,3.3,Delivered
55544,20240309,1427,2050,3091,4,1238.77,58.77,0.0,30,3.9,Delivered
55545,20240216,1115,2010,3117,2,300.3,50.71,0.0,60,4.4,Delivered
55546,20240912,1090,2060,3031,4,2275.07,46.29,55.23,24,3.8,Delivered
55547,20251227,1358,2030,3083,4,2970.55,70.99,30.84,65,,Cancelled
55548,20240130,1128,2095,3014,1,770.16,59.46,106.37,59,4.5,Delivered
55549,20241007,1498,2111,3050,3,2623.07,51.75,189.79,35,3.8,Delivered
55550,20240824,1191,2021,3068,5,1637.15,20.66,42.85,42,4.4,Delivered
55551,20240904,1779,2092,3106,3,1152.4,69.8,0.0,24,3.8,Delivered
55552,20250102,1467,2077,3131,1,686.82,26.04,0.0,61,3.2,Delivered
55553,20250509,1128,2058,3137,3,2400.68,42.79,53.26,40,3.4,Delivered
55554,20240125,1019,2063,3112,1,777.39,55.31,0.0,46,4.3,Delivered
55555,20250808,1058,2070,3102,5,1834.24,75.04,0.0,30,3.9,Delivered
55556,20251218,1048,2116,3081,3,2210.77,77.85,207.42,65,4.8,Delivered
55557,20250504,1059,2002,3103,1,636.19,69.65,0.0,40,4.0,Delivered
55558,20250508,1412,2116,3116,1,451.03,38.85,0.0,33,3.4,Delivered
55559,20241109,1399,2084,3011,3,1477.71,67.89,101.23,43,3.9,Delivered
55560,20250828,1676,2091,3062,1,290.13,44.67,0.0,42,3.1,Delivered
55561,20250109,1606,2066,3143,4,2326.74,75.87,0.0,63,3.2,Delivered
55562,20250930,1447,2001,3087,1,465.65,70.87,0.0,65,3.8,Delivered
55563,20240125,1427,2116,3060,3,1567.02,31.88,219.1,29,3.0,Delivered
55564,20241129,1240,2016,3040,3,889.86,69.85,0.0,38,4.5,Delivered
55565,20241220,1287,2002,3011,1,155.34,59.62,222.83,18,4.0,Delivered
55566,20240425,1337,2007,3062,4,2496.54,53.51,142.17,63,4.3,Delivered
55567,20240217,1203,2032,3136,2,1015.13,52.42,150.27,32,4.7,Delivered
55568,20240408,1563,2019,3147,5,2753.57,41.87,0.0,18,4.0,Delivered
55569,20250403,1280,2002,3049,1,499.02,15.52,0.0,50,4.0,Delivered
55570,20250606,1466,2006,3036,4,2651.02,41.75,0.0,37,3.2,Delivered
55571,20250819,1266,2117,3078,2,1329.19,21.98,0.0,43,3.7,Delivered
55572,20250208,1647,2075,3086,1,515.62,20.42,0.0,57,3.9,Delivered
55573,20240801,1253,2114,3060,3,1731.05,61.36,0.0,65,4.9,Delivered
55574,20251115,1461,2092,3008,2,1475.13,76.91,99.27,45,3.1,Delivered
55575,20250517,1107,2085,3058,5,4043.05,42.55,93.71,39,3.4,Delivered
55576,20251221,1337,2088,3034,1,491.82,31.37,127.82,62,3.3,Delivered
55577,20250323,1084,2034,3022,1,801.34,22.9,0.0,39,3.4,Delivered
55578,20250729,1219,2013,3149,4,637.13,42.03,128.88,58,,Cancelled
55579,20240914,1783,2033,3102,4,1577.29,42.81,89.35,38,3.5,Delivered
55580,20240430,1657,2077,3147,2,472.35,46.75,214.89,57,,Cancelled
55581,20240223,1773,2088,3010,2,458.6,36.19,0.0,52,4.9,Delivered
55582,20241126,1287,2090,3127,3,2298.18,29.17,0.0,22,3.4,Delivered
55583,20240828,1406,2029,3138,4,1720.25,36.01,145.46,44,4.8,Delivered
55584,20250613,1031,2073,3099,2,1118.27,72.5,0.0,23,3.2,Delivered
55585,20250427,1205,2095,3035,3,2124.6,60.25,167.48,58,4.7,Delivered
55586,20240705,1111,2018,3117,1,169.13,73.32,104.79,57,5.0,Delivered
55587,20251017,1196,2095,3006,5,4291.14,42.42,0.0,28,,Cancelled
55588,20240918,1798,2057,3108,1,807.52,71.36,208.14,56,5.0,Delivered
55589,20241229,1423,2014,3103,4,3164.88,70.05,0.0,20,4.8,Delivered
55590,20250505,1044,2112,3029,5,1694.73,63.71,154.64,25,5.0,Delivered
55591,20250306,1447,2028,3027,1,826.58,32.9,70.1,57,3.7,Delivered
55592,20240826,1227,2089,3133,5,1436.91,72.38,0.0,30,4.8,Delivered
55593,20241030,1425,2058,3112,1,308.37,40.65,0.0,45,3.2,Delivered
55594,20241024,1310,2113,3105,5,4245.36,47.39,129.22,59,4.1,Delivered
55595,20240316,1018,2102,3043,5,4455.16,60.8,100.42,49,4.8,Delivered
55596,20251130,1089,2043,3089,4,2701.71,71.8,0.0,23,4.9,Delivered
55597,20241128,1748,2018,3034,3,1387.66,75.52,168.88,55,4.9,Delivered
55598,20251003,1083,2003,3132,2,1257.93,16.35,0.0,59,,Cancelled
55599,20250418,1428,2016,3031,2,1722.38,77.54,195.24,43,3.9,Delivered
55600,20241009,1336,2022,3060,5,2892.38,29.88,0.0,42,3.7,Delivered
55601,20250813,1258,2042,3125,2,1794.06,32.0,221.99,24,3.3,Delivered
55602,20240312,1663,2064,3116,4,3593.08,67.43,0.0,31,4.7,Delivered
55603,20240919,1492,2020,3046,3,1800.43,61.28,0.0,58,3.8,Delivered
55604,20251203,1080,2073,3044,1,895.37,76.22,144.19,61,4.5,Delivered
55605,20250728,1305,2092,3088,5,2541.95,48.9,0.0,45,3.8,Delivered
55606,20240112,1570,2080,3135,2,1342.13,39.49,0.0,25,,Cancelled
55607,20240520,1169,2088,3122,2,802.91,19.44,0.0,35,5.0,Delivered
55608,20250708,1236,2096,3076,1,408.34,48.29,65.4,30,3.6,Delivered
55609,20240117,1477,2044,3077,5,4004.2,78.69,0.0,22,5.0,Delivered
55610,20240303,1585,2117,3094,1,173.91,17.77,196.17,21,,Cancelled
55611,20240909,1778,2023,3058,1,800.74,44.33,84.32,31,3.5,Delivered
55612,20250409,1399,2061,3013,2,1497.33,28.3,0.0,58,3.1,Delivered
55613,20250110,1417,2106,3131,4,971.75,71.62,137.89,43,3.1,Delivered
55614,20250603,1222,2074,3116,4,2950.99,57.86,127.88,64,3.6,Delivered
55615,20240330,1511,2112,3071,2,1742.73,17.28,0.0,24,4.0,Delivered
55616,20251220,1020,2012,3090,3,1669.46,73.07,50.68,48,5.0,Delivered
55617,20250921,1019,2021,3112,4,2651.57,24.35,0.0,61,4.7,Delivered
55618,20240623,1619,2106,3092,3,1770.26,42.28,207.79,59,,Cancelled
55619,20240316,1726,2035,3080,3,657.15,20.97,0.0,40,5.0,Delivered
55620,20250904,1440,2036,3031,3,2533.54,65.63,142.2,45,4.5,Delivered
55621,20251024,1565,2012,3034,2,962.55,45.06,105.57,61,3.9,Delivered
55622,20250203,1287,2089,3139,2,398.75,70.53,155.87,59,4.6,Delivered
55623,20240311,1518,2044,3049,4,1739.05,71.07,0.0,49,3.0,Delivered
55624,20240628,1712,2075,3033,2,1270.03,25.45,0.0,35,3.4,Delivered
55625,20240503,1303,2089,3119,5,4464.08,60.46,0.0,18,4.1,Delivered
55626,20250115,1283,2097,3022,5,3139.23,77.86,29.2,45,3.7,Delivered
55627,20241019,1559,2047,3002,5,1903.19,70.6,157.26,44,4.5,Delivered
55628,20240713,1655,2080,3027,3,1802.37,54.14,137.58,30,3.0,Delivered
55629,20240815,1397,2052,3145,5,1279.57,41.17,106.96,48,4.4,Delivered
55630,20250306,1587,2060,3121,4,1701.15,46.92,243.12,41,3.6,Delivered
55631,20250311,1462,2029,3126,4,2715.52,28.93,226.31,55,4.5,Delivered
55632,20250405,1776,2006,3135,4,1463.61,29.46,24.16,27,5.0,Delivered
55633,20250909,1418,2052,3135,3,492.88,40.56,0.0,33,3.7,Delivered
55634,20240121,1297,2036,3055,1,579.0,77.9,0.0,59,3.5,Delivered
55635,20240304,1775,2116,3078,3,2182.71,42.42,54.66,27,3.5,Delivered
55636,20240613,1424,2107,3014,4,1885.41,67.36,66.33,50,4.9,Delivered
55637,20240127,1661,2001,3057,1,186.72,69.95,78.67,51,3.9,Delivered
55638,20241106,1347,2092,3091,1,621.72,54.2,0.0,42,4.2,Delivered
55639,20241011,1408,2090,3102,2,1433.78,47.86,0.0,64,3.9,Delivered
55640,20251021,1106,2071,3128,4,2261.75,40.91,68.36,55,3.3,Delivered
55641,20241007,1250,2120,3006,5,1210.35,61.79,122.9,52,5.0,Delivered
55642,20240612,1494,2104,3135,3,856.21,46.93,0.0,58,4.4,Delivered
55643,20240811,1797,2011,3007,5,1633.6,62.63,144.99,41,4.2,Delivered
55644,20240525,1314,2056,3045,5,844.0,74.46,0.0,43,3.4,Delivered
55645,20240130,1333,2006,3073,2,1693.75,65.7,60.6,64,4.1,Delivered
55646,20240214,1680,2113,3116,4,1061.9,56.03,0.0,29,4.8,Delivered
55647,20250415,1798,2064,3145,4,1812.48,67.42,125.09,52,4.9,Delivered
55648,20240203,1359,2037,3133,2,1351.84,19.39,130.89,56,4.3,Delivered
55649,20251014,1721,2039,3122,4,1394.31,52.32,118.95,54,3.1,Delivered
55650,20250302,1385,2012,3031,2,1338.23,25.26,84.54,34,3.2,Delivered
55651,20240808,1675,2086,3072,2,662.42,45.7,84.32,30,3.2,Delivered
55652,20250617,1240,2077,3127,5,1776.54,68.55,159.3,43,3.3,Delivered
55653,20251122,1487,2045,3015,3,498.24,45.72,0.0,34,4.7,Delivered
55654,20250101,1248,2016,3056,5,2815.25,40.79,0.0,62,3.1,Delivered
55655,20250703,1444,2013,3074,4,1019.61,69.83,233.61,50,4.4,Delivered
55656,20250804,1064,2034,3091,5,3655.42,55.42,0.0,55,3.9,Delivered
55657,20240425,1324,2117,3141,5,1353.92,66.83,0.0,38,4.9,Delivered
55658,20240826,1337,2007,3124,1,803.43,64.11,0.0,65,4.4,Delivered
55659,20241130,1463,2092,3037,4,1724.12,66.67,0.0,33,,Cancelled
55660,20250316,1798,2040,3117,3,1841.9,46.68,110.1,64,4.2,Delivered
55661,20240527,1265,2116,3132,4,1969.57,42.9,0.0,42,3.2,Delivered
55662,20240109,1120,2009,3044,3,2552.22,24.6,0.0,18,4.6,Delivered
55663,20241014,1109,2095,3037,1,792.05,71.75,0.0,57,4.8,Delivered
55664,20250122,1579,2083,3036,4,2681.38,17.52,75.94,38,3.7,Delivered
55665,20240219,1561,2100,3107,5,2165.02,75.49,0.0,51,3.1,Delivered
55666,20250531,1008,2083,3041,1,523.47,41.17,0.0,57,4.9,Delivered
55667,20250929,1357,2090,3113,3,1641.92,29.24,233.29,55,3.3,Delivered
55668,20250809,1768,2097,3086,2,1599.95,43.35,0.0,29,3.3,Delivered
55669,20251107,1078,2044,3110,3,2121.9,33.18,143.3,23,4.6,Delivered
55670,20241004,1196,2011,3065,5,2904.72,41.13,170.87,56,4.9,Delivered
55671,20241026,1064,2075,3118,2,1127.45,53.17,92.87,20,3.7,Delivered
55672,20250811,1425,2067,3117,4,2393.21,43.04,0.0,31,3.2,Delivered
55673,20251010,1306,2111,3048,1,755.87,17.67,139.35,50,3.1,Delivered
55674,20250909,1585,2002,3135,2,1772.25,54.07,177.97,51,3.6,Delivered
55675,20250829,1362,2002,3110,2,1117.84,52.9,224.51,55,3.8,Delivered
55676,20240514,1543,2063,3127,5,2911.07,56.71,0.0,53,3.7,Delivered
55677,20250802,1194,2075,3027,1,526.84,18.39,0.0,30,4.1,Delivered
55678,20240526,1046,2031,3061,2,1278.92,50.51,32.28,65,,Cancelled
55679,20250504,1058,2070,3100,5,2328.89,19.42,80.59,35,3.0,Delivered
55680,20250422,1049,2041,3094,2,1115.42,79.35,0.0,47,4.5,Delivered
55681,20240607,1607,2111,3072,4,2524.4,39.23,236.69,50,4.1,Delivered
55682,20250118,1451,2054,3004,1,402.19,70.76,0.0,64,3.7,Delivered
55683,20240611,1224,2102,3029,1,588.31,40.44,0.0,24,4.7,Delivered
55684,20250316,1302,2065,3077,2,1560.08,62.17,228.81,39,3.8,Delivered
55685,20240707,1571,2102,3066,3,2384.45,79.05,0.0,41,3.7,Delivered
55686,20250218,1418,2073,3086,1,775.82,60.26,216.09,45,4.1,Delivered
55687,20241204,1389,2061,3020,5,1547.85,77.88,205.02,55,4.2,Delivered
55688,20250829,1149,2006,3012,4,1399.66,69.82,126.18,20,3.7,Delivered
55689,20240629,1476,2008,3067,2,423.97,62.58,201.87,42,3.0,Delivered
55690,20241014,1645,2109,3147,1,170.18,32.68,124.78,22,4.5,Delivered
55691,20240705,1745,2012,3054,3,871.41,20.24,0.0,22,4.2,Delivered
55692,20240517,1580,2017,3088,2,955.28,30.25,115.8,46,4.3,Delivered
55693,20240509,1169,2079,3015,5,1159.0,31.21,70.42,57,4.1,Delivered
55694,20240712,1703,2112,3031,1,897.53,46.9,0.0,18,3.8,Delivered
55695,20241111,1412,2060,3057,2,1406.71,56.15,0.0,41,3.8,Delivered
55696,20240523,1199,2009,3007,5,2222.57,57.8,0.0,39,3.1,Delivered
55697,20240116,1389,2067,3125,1,686.65,37.73,228.71,62,4.1,Delivered
55698,20241028,1765,2117,3080,3,1505.52,74.34,105.67,38,4.4,Delivered
55699,20250226,1124,2069,3028,3,1471.63,77.49,44.5,47,4.8,Delivered
55700,20240901,1494,2019,3056,3,1843.25,33.33,0.0,51,,Cancelled
55701,20240416,1175,2032,3116,1,410.66,66.16,194.27,25,,Cancelled
55702,20240328,1315,2081,3123,3,1412.29,53.6,41.31,34,3.2,Delivered
55703,20240508,1578,2055,3134,1,800.76,69.82,0.0,43,4.1,Delivered
55704,20241206,1631,2003,3131,3,1103.61,30.27,200.27,58,3.4,Delivered
55705,20240104,1421,2096,3087,4,1876.68,37.89,102.93,56,4.3,Delivered
55706,20241122,1289,2074,3053,3,1083.54,73.11,0.0,53,3.9,Delivered
55707,20250213,1205,2083,3051,2,871.8,35.13,243.67,59,4.3,Delivered
55708,20241101,1040,2008,3039,1,384.04,30.19,223.89,31,4.1,Delivered
55709,20250829,1183,2026,3121,1,644.41,57.79,0.0,23,3.2,Delivered
55710,20251221,1705,2012,3085,2,818.26,43.88,0.0,18,4.0,Delivered
55711,20240812,1461,2024,3137,4,1162.98,52.55,90.54,30,4.5,Delivered
55712,20241213,1037,2052,3129,2,1454.73,46.37,224.44,42,4.4,Delivered
55713,20241116,1706,2065,3100,4,2272.7,50.51,0.0,60,,Cancelled
55714,20250712,1671,2056,3008,3,1938.44,63.83,47.63,62,4.0,Delivered
55715,20240629,1487,2004,3096,1,545.79,71.24,0.0,30,3.3,Delivered
55716,20250909,1442,2065,3047,4,913.06,43.55,0.0,55,4.7,Delivered
55717,20251211,1025,2017,3114,4,974.12,32.07,226.59,39,4.0,Delivered
55718,20250120,1436,2026,3099,5,1935.96,73.36,0.0,60,3.2,Delivered
55719,20250909,1352,2011,3109,2,1070.81,31.32,0.0,22,,Cancelled
55720,20240417,1220,2051,3063,1,653.13,58.39,31.03,34,3.2,Delivered
55721,20250614,1082,2061,3129,3,1182.21,77.42,249.85,29,4.6,Delivered
55722,20250213,1008,2083,3149,4,2439.07,22.1,83.5,61,,Cancelled
55723,20241022,1098,2077,3101,1,413.03,42.65,0.0,51,4.4,Delivered
55724,20240619,1730,2119,3003,1,301.21,19.47,36.49,57,3.2,Delivered
55725,20241126,1356,2043,3122,3,1534.33,73.73,43.49,24,3.7,Delivered
55726,20250507,1065,2011,3046,3,1760.45,49.59,0.0,30,4.7,Delivered
55727,20240713,1125,2053,3007,4,2247.13,53.66,239.81,45,4.7,Delivered
55728,20240112,1450,2058,3097,5,936.05,48.71,79.17,22,4.1,Delivered
55729,20240713,1799,2016,3007,5,1274.7,27.7,0.0,19,4.2,Delivered
55730,20250504,1729,2097,3091,4,3384.16,40.04,201.16,34,3.5,Delivered
55731,20240630,1017,2046,3122,1,433.25,62.04,0.0,61,3.1,Delivered
55732,20251017,1355,2055,3143,1,778.98,16.85,0.0,49,3.8,Delivered
55733,20241111,1317,2069,3021,2,1511.66,65.84,0.0,32,4.2,Delivered
55734,20251124,1589,2117,3075,3,583.31,57.18,0.0,20,3.1,Delivered
55735,20240130,1561,2107,3027,4,1301.47,25.68,68.49,60,3.5,Delivered
55736,20250818,1287,2089,3032,2,378.63,70.98,202.58,54,3.4,Delivered
55737,20251108,1500,2016,3125,3,2347.81,37.54,42.21,57,3.6,Delivered
55738,20240405,1063,2035,3137,4,777.71,16.66,0.0,53,3.9,Delivered
55739,20250115,1295,2015,3115,4,1365.78,31.79,0.0,62,4.8,Delivered
55740,20250319,1394,2026,3140,4,1472.88,70.55,201.96,62,3.7,Delivered
55741,20241024,1072,2014,3083,3,2063.67,25.17,243.9,41,4.8,Delivered
55742,20241226,1379,2071,3136,2,942.03,63.91,0.0,54,3.3,Delivered
55743,20250108,1730,2086,3122,5,1724.07,74.36,102.8,30,4.2,Delivered
55744,20250707,1119,2054,3018,5,1877.3,25.87,221.48,38,4.0,Delivered
55745,20241029,1666,2071,3138,4,1566.24,44.8,157.19,43,3.2,Delivered
55746,20250224,1387,2038,3061,5,3922.5,55.17,206.37,39,,Cancelled
55747,20240902,1644,2069,3136,2,1104.11,37.56,0.0,47,3.2,Delivered
55748,20251220,1269,2089,3035,1,208.71,29.59,0.0,62,,Cancelled
55749,20240824,1486,2097,3051,4,1669.31,66.04,68.35,29,3.6,Delivered
55750,20250617,1555,2030,3111,5,1554.31,65.41,0.0,39,3.9,Delivered
55751,20240703,1322,2117,3039,5,2649.3,42.62,0.0,51,,Cancelled
55752,20250412,1538,2029,3051,5,3349.25,33.61,0.0,20,3.4,Delivered
55753,20241228,1388,2013,3119,3,2000.81,77.69,0.0,40,3.4,Delivered
55754,20241009,1170,2108,3056,3,2226.95,76.12,116.59,45,,Cancelled
55755,20250706,1733,2021,3146,5,3151.2,24.86,206.11,65,3.2,Delivered
55756,20241201,1260,2004,3050,3,1520.61,16.12,93.8,20,3.2,Delivered
55757,20240610,1340,2097,3148,2,1528.88,61.52,57.34,31,4.9,Delivered
55758,20240608,1532,2092,3027,1,284.15,48.28,0.0,26,4.1,Delivered
55759,20250418,1538,2016,3105,3,672.12,41.6,244.52,32,3.8,Delivered
55760,20250823,1652,2067,3088,2,470.69,45.86,0.0,39,3.5,Delivered
55761,20241117,1536,2034,3046,1,776.05,43.64,110.34,53,3.1,Delivered
55762,20240112,1729,2117,3078,1,659.25,21.53,166.94,29,3.6,Delivered
55763,20250227,1491,2096,3088,2,1659.55,36.95,0.0,35,4.4,Delivered
55764,20240313,1272,2059,3111,2,588.38,60.87,108.99,23,4.8,Delivered
55765,20250810,1015,2088,3076,3,1449.97,28.02,0.0,53,3.6,Delivered
55766,20240719,1418,2053,3019,3,759.7,62.42,242.42,45,3.3,Delivered
55767,20250605,1494,2021,3120,4,619.79,42.92,0.0,19,,Cancelled
55768,20250519,1731,2106,3032,5,1622.71,49.71,163.18,50,3.2,Delivered
55769,20251118,1745,2092,3007,3,478.01,75.97,0.0,43,4.2,Delivered
55770,20240208,1651,2080,3087,2,1301.82,79.88,238.66,25,4.3,Delivered
55771,20240229,1799,2077,3056,3,1714.41,32.74,208.15,25,4.9,Delivered
55772,20250731,1672,2034,3031,1,598.97,33.79,0.0,41,4.0,Delivered
55773,20241116,1769,2025,3036,3,1619.35,74.93,0.0,46,3.4,Delivered
55774,20250310,1335,2041,3051,2,1619.32,67.97,27.88,56,4.9,Delivered
55775,20250927,1262,2043,3088,5,2372.85,67.87,224.14,65,3.1,Delivered
55776,20251106,1424,2098,3005,4,1084.7,60.11,35.42,40,4.5,Delivered
55777,20250211,1514,2066,3012,3,2026.74,66.16,78.2,43,4.4,Delivered
55778,20250120,1261,2106,3148,3,2135.37,43.53,0.0,22,4.9,Delivered
55779,20251101,1200,2009,3056,1,898.72,52.26,197.68,20,4.3,Delivered
55780,20250722,1582,2053,3054,5,3612.47,54.51,146.04,39,3.6,Delivered
55781,20240318,1395,2024,3095,3,2478.65,32.97,0.0,39,3.2,Delivered
55782,20240712,1028,2101,3107,3,2041.2,17.95,242.01,26,4.5,Delivered
55783,20241011,1632,2045,3124,5,4107.68,32.71,0.0,59,4.7,Delivered
55784,20250610,1602,2093,3031,5,2942.81,34.63,92.9,24,3.7,Delivered
55785,20250607,1284,2049,3137,1,568.77,30.74,0.0,35,3.5,Delivered
55786,20250904,1227,2085,3027,2,1755.41,65.93,178.25,34,3.4,Delivered
55787,20240604,1332,2090,3089,4,1509.62,59.81,51.2,62,4.7,Delivered
55788,20241205,1619,2016,3033,3,1216.29,15.85,157.93,36,3.1,Delivered
55789,20240504,1603,2008,3142,1,490.16,38.88,0.0,33,4.4,Delivered
55790,20241006,1525,2051,3069,4,2183.77,44.39,97.61,45,3.4,Delivered
55791,20250913,1034,2049,3087,5,1117.11,24.91,0.0,42,4.9,Delivered
55792,20251019,1019,2098,3144,2,1469.02,46.73,143.49,28,4.5,Delivered
55793,20251228,1180,2118,3116,4,2360.76,31.04,0.0,24,4.4,Delivered
55794,20251104,1738,2006,3139,5,1040.28,30.32,127.91,46,4.3,Delivered
55795,20240507,1590,2093,3035,3,2464.45,15.11,75.03,42,4.8,Delivered
55796,20241109,1762,2044,3108,2,1001.57,44.95,0.0,41,3.2,Delivered
55797,20241127,1310,2028,3023,2,353.22,29.77,0.0,18,4.7,Delivered
55798,20240529,1152,2017,3010,3,2589.9,32.65,152.34,34,3.1,Delivered
55799,20250329,1392,2105,3112,2,404.92,41.95,0.0,32,5.0,Delivered
55800,20240205,1204,2033,3052,3,805.24,20.65,0.0,37,3.0,Delivered
55801,20251115,1678,2106,3006,5,860.08,76.34,67.46,62,3.5,Delivered
55802,20250223,1264,2006,3076,3,2297.16,68.29,0.0,42,3.2,Delivered
55803,20240122,1470,2109,3034,4,1518.37,36.37,222.78,65,3.6,Delivered
55804,20240724,1147,2097,3082,2,1072.56,72.29,0.0,61,3.6,Delivered
55805,20250930,1740,2097,3038,3,2081.65,64.55,209.49,54,3.5,Delivered
55806,20241221,1649,2059,3118,4,1665.86,30.59,0.0,59,3.4,Delivered
55807,20250315,1578,2042,3129,5,2610.74,15.42,0.0,45,3.3,Delivered
55808,20251229,1414,2093,3001,1,392.6,78.7,0.0,50,4.8,Delivered
55809,20240405,1167,2006,3112,4,3269.92,24.21,0.0,58,3.4,Delivered
55810,20240612,1368,2043,3082,3,1735.03,58.92,78.12,26,4.2,Delivered
55811,20240527,1406,2043,3099,4,1203.02,25.86,233.57,27,3.4,Delivered
55812,20250613,1671,2050,3036,4,3441.62,33.52,0.0,42,4.0,Delivered
55813,20241020,1381,2049,3004,4,2433.61,40.34,119.7,58,3.4,Delivered
55814,20240713,1497,2033,3025,5,2676.83,66.22,0.0,62,3.4,Delivered
55815,20251024,1351,2055,3012,4,2445.15,61.72,149.02,26,4.7,Delivered
55816,20250424,1283,2090,3063,1,278.26,46.46,238.5,56,3.1,Delivered
55817,20240502,1414,2099,3014,5,1811.69,22.78,41.63,65,3.8,Delivered
55818,20250203,1056,2035,3086,1,881.0,50.41,189.97,55,,Cancelled
55819,20251129,1794,2052,3092,2,897.49,26.96,208.4,28,,Cancelled
55820,20250327,1678,2029,3036,4,2298.93,65.61,0.0,18,3.8,Delivered
55821,20251022,1658,2002,3078,1,654.31,72.22,0.0,28,4.9,Delivered
55822,20240413,1112,2049,3119,4,2183.48,36.77,30.57,20,3.0,Delivered
55823,20250406,1116,2095,3022,1,760.47,62.84,0.0,48,4.6,Delivered
55824,20251218,1540,2065,3076,1,208.76,16.59,31.33,59,3.5,Delivered
55825,20251210,1530,2025,3124,5,3094.97,69.11,240.72,62,3.2,Delivered
55826,20250130,1292,2038,3023,2,1188.81,45.21,55.43,27,4.6,Delivered
55827,20241202,1162,2090,3114,2,857.54,52.46,0.0,57,3.1,Delivered
55828,20250821,1021,2083,3070,1,867.98,52.87,164.09,65,4.6,Delivered
55829,20240521,1464,2041,3053,5,3838.9,50.83,0.0,47,3.9,Delivered
55830,20241112,1596,2008,3041,5,3831.09,50.84,0.0,36,4.2,Delivered
55831,20251211,1203,2087,3088,4,3029.42,36.39,194.33,37,3.5,Delivered
55832,20250711,1615,2081,3017,5,2163.01,73.4,0.0,27,3.8,Delivered
55833,20250610,1537,2047,3086,1,382.07,56.34,175.54,54,3.2,Delivered
55834,20250709,1749,2114,3035,5,3386.36,53.36,0.0,23,3.0,Delivered
55835,20250204,1311,2111,3129,1,538.29,53.03,74.65,36,4.2,Delivered
55836,20251111,1053,2061,3113,5,1185.71,56.14,247.68,55,4.8,Delivered
55837,20241105,1701,2102,3047,1,619.24,63.95,249.01,35,3.7,Delivered
55838,20250509,1160,2069,3072,3,1086.46,21.29,0.0,55,4.1,Delivered
55839,20250709,1098,2044,3074,1,256.56,57.24,139.62,25,3.8,Delivered
55840,20250901,1101,2113,3025,4,2375.71,67.58,245.16,35,4.0,Delivered
55841,20240418,1289,2103,3135,5,3625.1,72.92,0.0,59,3.3,Delivered
55842,20250106,1609,2013,3112,5,1139.12,62.85,132.7,48,3.6,Delivered
55843,20250907,1430,2034,3121,1,332.17,41.94,0.0,64,3.5,Delivered
55844,20240724,1366,2001,3076,3,739.41,28.67,234.16,40,3.9,Delivered
55845,20240212,1052,2094,3062,3,1559.4,41.74,36.85,35,3.8,Delivered
55846,20240901,1675,2092,3021,5,1780.12,26.09,130.14,57,4.8,Delivered
55847,20241013,1597,2016,3021,1,815.52,76.09,211.37,51,4.8,Delivered
55848,20241220,1399,2071,3128,3,1991.57,49.17,212.98,25,3.1,Delivered
55849,20250420,1159,2010,3007,3,1313.96,39.1,50.28,39,4.2,Delivered
55850,20240323,1472,2044,3032,4,2128.12,66.0,0.0,21,4.7,Delivered
55851,20240419,1154,2109,3002,2,804.9,47.19,0.0,42,3.3,Delivered
55852,20240708,1215,2017,3049,1,447.78,73.25,154.09,53,4.7,Delivered
55853,20240907,1032,2091,3062,5,3643.02,50.44,201.78,57,4.9,Delivered
55854,20251224,1243,2006,3022,2,760.76,17.97,0.0,23,4.6,Delivered
55855,20241017,1756,2095,3081,3,1517.22,51.06,248.02,29,,Cancelled
55856,20251006,1656,2104,3008,2,1712.39,60.32,69.58,50,4.3,Delivered
55857,20240719,1679,2006,3012,1,773.26,32.81,0.0,36,4.1,Delivered
55858,20241121,1793,2043,3048,5,3100.44,51.57,88.23,32,4.9,Delivered
55859,20250525,1466,2017,3055,1,720.55,42.29,233.85,64,3.5,Delivered
55860,20250212,1643,2027,3069,3,1259.33,38.66,0.0,60,4.3,Delivered
55861,20250829,1419,2085,3027,2,339.49,19.58,198.49,18,4.9,Delivered
55862,20250522,1677,2045,3144,4,2655.83,70.56,112.45,37,4.1,Delivered
55863,20251231,1793,2006,3062,2,1493.87,48.94,243.99,26,4.5,Delivered
55864,20250823,1657,2106,3117,1,533.92,54.28,142.95,32,3.5,Delivered
55865,20240312,1004,2011,3060,3,575.44,75.05,0.0,49,3.3,Delivered
55866,20240903,1502,2117,3089,2,1470.78,77.73,0.0,27,4.9,Delivered
55867,20251002,1229,2018,3119,1,456.12,52.97,238.58,36,,Cancelled
55868,20251224,1069,2053,3024,4,2806.82,73.13,0.0,19,3.1,Delivered
55869,20250830,1221,2118,3023,4,1870.43,30.78,209.48,46,4.4,Delivered
55870,20250809,1575,2043,3114,3,2220.04,48.38,152.47,34,4.8,Delivered
55871,20250719,1262,2043,3030,1,755.01,71.19,0.0,41,3.2,Delivered
55872,20241209,1257,2069,3028,2,1547.55,39.97,93.05,62,4.4,Delivered
55873,20240223,1417,2029,3038,3,1338.84,44.8,0.0,25,,Cancelled
55874,20251230,1308,2080,3130,1,255.26,48.95,0.0,60,3.7,Delivered
55875,20250611,1053,2095,3094,5,3630.11,42.48,0.0,58,3.4,Delivered
55876,20250902,1452,2102,3007,4,1147.26,37.44,0.0,44,3.1,Delivered
55877,20250615,1486,2085,3137,2,581.3,55.83,220.5,59,3.1,Delivered
55878,20250711,1372,2081,3037,5,2316.72,58.5,135.92,58,4.9,Delivered
55879,20240711,1654,2100,3008,1,764.34,25.47,66.96,56,4.7,Delivered
55880,20240227,1251,2049,3059,5,2151.17,59.91,50.08,18,3.5,Delivered
55881,20250312,1635,2049,3120,5,2790.5,15.89,0.0,18,4.0,Delivered
55882,20240420,1439,2035,3067,4,1634.09,73.07,91.13,54,3.0,Delivered
55883,20240508,1530,2006,3092,3,545.36,15.03,0.0,40,4.0,Delivered
55884,20251206,1164,2113,3079,5,924.16,59.34,0.0,47,4.1,Delivered
55885,20241121,1315,2118,3083,3,1329.55,65.55,110.83,54,4.0,Delivered
55886,20240108,1669,2097,3109,2,1452.54,64.02,0.0,30,3.8,Delivered
55887,20240129,1178,2044,3135,4,838.57,43.93,0.0,48,3.9,Delivered
55888,20240421,1091,2111,3139,4,1554.84,59.27,157.48,63,4.3,Delivered
55889,20251103,1517,2011,3111,2,1333.4,32.68,0.0,52,3.9,Delivered
55890,20240510,1184,2076,3106,5,2790.72,21.26,40.22,26,4.7,Delivered
55891,20240706,1244,2073,3138,4,2856.73,66.52,0.0,48,3.7,Delivered
55892,20251105,1028,2038,3142,3,1417.4,49.73,81.07,52,4.6,Delivered
55893,20251209,1333,2029,3061,5,2748.23,48.58,0.0,55,4.7,Delivered
55894,20250419,1563,2054,3136,1,319.3,28.06,152.02,47,4.8,Delivered
55895,20241229,1690,2004,3011,1,374.1,32.97,0.0,57,4.6,Delivered
55896,20240722,1107,2008,3143,3,926.54,50.48,246.52,22,3.6,Delivered
55897,20240730,1615,2112,3112,3,1328.43,59.68,91.75,30,4.7,Delivered
55898,20250912,1006,2071,3017,2,623.49,29.77,172.54,21,4.1,Delivered
55899,20241002,1655,2051,3066,2,758.71,57.59,0.0,36,3.5,Delivered
55900,20240313,1420,2035,3075,2,1552.65,17.73,244.6,56,4.9,Delivered
55901,20251109,1768,2002,3127,4,2286.38,61.67,43.4,30,4.8,Delivered
55902,20240830,1131,2010,3018,5,4244.85,71.57,0.0,54,4.9,Delivered
55903,20240411,1719,2116,3094,5,3919.45,40.79,209.49,44,3.0,Delivered
55904,20251115,1017,2118,3114,5,2145.84,61.46,0.0,40,4.9,Delivered
55905,20240619,1363,2116,3099,3,1535.48,78.65,0.0,64,3.1,Delivered
55906,20251014,1525,2080,3018,5,846.9,53.37,124.34,62,3.0,Delivered
55907,20240706,1133,2088,3025,1,723.87,42.72,0.0,42,3.1,Delivered
55908,20250316,1044,2064,3140,3,2085.91,43.2,226.07,29,3.2,Delivered
55909,20240326,1104,2027,3118,3,1666.52,28.79,61.14,62,3.4,Delivered
55910,20250420,1321,2035,3043,1,238.15,40.51,72.17,65,4.9,Delivered
55911,20240221,1199,2074,3036,4,1154.21,72.92,0.0,35,4.2,Delivered
55912,20240420,1791,2078,3050,2,641.14,74.58,127.07,44,4.2,Delivered
55913,20240212,1567,2086,3012,3,2554.92,28.29,109.23,29,4.9,Delivered
55914,20240729,1083,2120,3086,3,1587.04,51.5,55.93,50,,Cancelled
55915,20240718,1744,2056,3051,1,815.63,56.18,121.5,36,3.7,Delivered
55916,20250918,1256,2012,3130,3,1972.68,68.4,0.0,41,4.4,Delivered
55917,20240126,1708,2019,3064,2,715.56,40.08,0.0,61,4.3,Delivered
55918,20241025,1001,2062,3087,5,4322.54,26.93,0.0,51,4.8,Delivered
55919,20240317,1514,2035,3093,3,692.7,40.56,146.68,34,,Cancelled
55920,20240516,1680,2031,3132,1,355.3,46.54,148.75,37,3.8,Delivered
55921,20240120,1505,2029,3126,2,1176.29,77.98,0.0,19,4.0,Delivered
55922,20250315,1219,2021,3143,4,3157.69,26.64,249.51,49,4.9,Delivered
55923,20240729,1727,2001,3026,1,806.16,48.93,173.49,42,4.4,Delivered
55924,20250704,1518,2043,3058,3,2093.46,59.59,0.0,19,4.7,Delivered
55925,20250310,1337,2088,3102,4,2204.96,68.49,0.0,43,4.5,Delivered
55926,20240725,1426,2016,3020,3,658.45,65.17,185.88,40,3.3,Delivered
55927,20250314,1675,2075,3121,3,2457.38,48.88,0.0,58,4.3,Delivered
55928,20251027,1365,2018,3132,4,2470.58,42.96,142.28,50,4.6,Delivered
55929,20240211,1405,2083,3066,3,1432.58,66.26,0.0,49,4.5,Delivered
55930,20250214,1391,2065,3009,3,1725.01,21.96,161.24,62,4.4,Delivered
55931,20250606,1229,2067,3017,2,575.97,32.09,90.9,42,,Cancelled
55932,20250901,1731,2006,3113,3,1203.41,54.07,178.3,63,3.9,Delivered
55933,20250302,1652,2061,3120,2,1679.38,24.07,46.39,29,4.8,Delivered
55934,20241001,1523,2043,3026,1,211.91,18.89,170.08,23,4.2,Delivered
55935,20250323,1319,2096,3022,1,173.91,43.78,195.9,61,4.7,Delivered
55936,20250103,1148,2020,3010,3,1454.96,56.94,0.0,27,3.5,Delivered
55937,20240807,1083,2014,3026,5,1006.09,79.99,49.3,53,4.3,Delivered
55938,20250730,1583,2090,3136,4,1770.68,55.54,206.71,33,4.0,Delivered
55939,20240819,1133,2076,3126,1,543.28,64.0,109.71,31,5.0,Delivered
55940,20241123,1627,2094,3117,4,3277.66,42.75,137.41,48,4.3,Delivered
55941,20250318,1219,2098,3036,4,760.0,40.5,53.04,57,3.7,Delivered
55942,20240221,1794,2086,3061,5,4415.44,39.67,187.04,19,3.9,Delivered
55943,20250110,1684,2046,3076,2,1760.47,69.9,0.0,36,5.0,Delivered
55944,20240919,1209,2066,3105,5,4108.9,47.48,232.06,35,3.6,Delivered
55945,20240923,1026,2112,3128,2,423.16,66.78,187.41,61,4.2,Delivered
55946,20241224,1413,2055,3078,2,987.8,68.77,154.76,55,4.4,Delivered
55947,20241112,1548,2025,3059,2,507.58,37.18,61.78,24,,Cancelled
55948,20241119,1230,2077,3124,5,2077.33,17.08,68.35,36,4.4,Delivered
55949,20251027,1088,2115,3141,3,821.63,64.82,0.0,46,3.7,Delivered
55950,20251013,1785,2085,3055,5,952.29,77.66,0.0,45,3.5,Delivered
55951,20250716,1405,2001,3150,4,2128.43,45.4,0.0,34,3.6,Delivered
55952,20250920,1665,2014,3110,3,2692.22,68.11,70.42,31,5.0,Delivered
55953,20250224,1258,2042,3045,5,4243.85,30.78,205.85,63,4.8,Delivered
55954,20240215,1269,2117,3022,2,382.69,26.31,0.0,57,4.5,Delivered
55955,20250822,1475,2111,3136,3,1805.66,24.01,160.94,31,3.3,Delivered
55956,20251220,1445,2003,3138,1,261.94,47.59,0.0,57,4.5,Delivered
55957,20240925,1275,2113,3142,2,1333.98,32.37,24.82,26,4.5,Delivered
55958,20250823,1323,2049,3061,4,662.21,44.72,114.89,57,4.5,Delivered
55959,20250115,1440,2119,3105,2,1562.47,68.18,89.03,37,4.9,Delivered
55960,20240427,1727,2058,3139,3,1921.69,29.99,0.0,25,4.5,Delivered
55961,20250719,1646,2011,3099,4,3001.24,58.8,0.0,26,3.8,Delivered
55962,20240425,1477,2044,3081,3,1163.91,30.0,0.0,35,,Cancelled
55963,20250921,1322,2117,3083,5,1825.18,67.48,138.12,54,4.7,Delivered
55964,20240916,1190,2056,3136,5,3297.36,39.57,135.79,61,4.6,Delivered
55965,20240315,1169,2050,3150,3,527.55,54.39,63.08,42,3.2,Delivered
55966,20250424,1664,2037,3130,1,279.75,25.55,0.0,51,,Cancelled
55967,20241031,1381,2055,3019,5,866.29,75.7,77.37,63,4.1,Delivered
55968,20240107,1617,2011,3092,4,725.57,52.62,169.19,57,4.5,Delivered
55969,20241231,1062,2015,3016,1,572.4,32.36,113.08,65,4.4,Delivered
55970,20250925,1150,2095,3116,3,1381.61,16.73,0.0,22,4.7,Delivered
55971,20250606,1065,2084,3054,5,2518.46,17.61,177.89,26,5.0,Delivered
55972,20241213,1706,2088,3050,3,980.53,53.12,0.0,54,3.8,Delivered
55973,20250313,1361,2048,3040,1,546.85,39.89,0.0,46,4.7,Delivered
55974,20240802,1551,2056,3068,1,364.51,67.58,0.0,40,4.2,Delivered
55975,20250304,1007,2020,3132,1,726.73,17.86,0.0,43,3.1,Delivered
55976,20250512,1588,2098,3084,4,2144.69,45.03,164.8,45,3.4,Delivered
55977,20250623,1735,2041,3052,2,481.68,37.65,24.58,27,4.8,Delivered
55978,20250101,1368,2077,3021,3,485.12,23.23,209.13,47,4.9,Delivered
55979,20241108,1528,2024,3016,3,797.59,57.97,228.75,45,3.5,Delivered
55980,20250621,1402,2096,3056,3,1420.36,39.63,88.95,43,4.9,Delivered
55981,20240223,1078,2077,3037,3,1376.4,25.78,0.0,50,3.0,Delivered
55982,20250624,1232,2090,3060,1,777.67,77.61,45.24,34,4.0,Delivered
55983,20250411,1701,2080,3126,4,2794.99,48.0,23.97,29,3.4,Delivered
55984,20240612,1715,2010,3126,3,2355.93,59.84,236.55,32,4.6,Delivered
55985,20241129,1544,2033,3131,2,1263.3,61.84,52.5,35,3.2,Delivered
55986,20250630,1412,2050,3100,3,716.87,50.04,0.0,44,,Cancelled
55987,20241213,1797,2084,3059,4,835.52,16.23,0.0,40,4.7,Delivered
55988,20240929,1025,2043,3097,1,547.25,32.43,107.68,56,4.2,Delivered
55989,20251220,1117,2064,3023,2,1735.6,33.54,136.89,26,4.2,Delivered
55990,20250217,1582,2119,3079,4,3491.37,35.8,0.0,62,3.7,Delivered
55991,20250514,1424,2013,3014,5,929.41,47.39,24.34,39,3.2,Delivered
55992,20240402,1541,2090,3087,2,464.47,62.1,0.0,26,4.0,Delivered
55993,20251115,1010,2119,3004,5,1803.27,56.48,78.91,19,3.4,Delivered
55994,20240319,1524,2008,3004,5,1078.65,73.88,136.51,37,4.1,Delivered
55995,20250913,1596,2089,3092,3,848.17,63.09,71.93,38,3.1,Delivered
55996,20240804,1006,2095,3035,4,1348.81,17.47,213.42,21,3.4,Delivered
55997,20241223,1175,2003,3147,1,409.5,46.62,201.69,29,3.5,Delivered
55998,20250909,1569,2012,3013,1,550.5,57.12,0.0,47,4.7,Delivered
55999,20250521,1530,2043,3087,5,3020.53,60.19,0.0,37,3.9,Delivered
56000,20250712,1114,2056,3066,4,632.06,71.15,0.0,24,4.5,Delivered
56001,20240629,1538,2106,3025,5,1450.77,60.9,152.76,48,3.9,Delivered
56002,20250729,1798,2118,3135,2,841.57,47.05,0.0,32,,Cancelled
56003,20240902,1283,2085,3101,4,1194.68,78.83,240.29,26,4.2,Delivered
56004,20240831,1392,2065,3126,5,1104.17,45.87,0.0,59,3.9,Delivered
56005,20250520,1216,2042,3015,3,2478.1,77.36,171.7,35,3.3,Delivered
56006,20250225,1440,2024,3039,1,462.04,64.4,210.29,60,4.5,Delivered
56007,20241115,1024,2077,3043,5,3651.74,69.15,0.0,52,4.4,Delivered
56008,20240327,1170,2104,3047,5,3664.11,77.01,104.69,34,4.2,Delivered
56009,20240804,1538,2025,3150,1,530.22,78.77,0.0,52,3.2,Delivered
56010,20250504,1645,2112,3101,5,3876.72,79.25,0.0,46,4.6,Delivered
56011,20250602,1575,2006,3055,4,2118.22,52.89,0.0,61,3.4,Delivered
56012,20241004,1584,2056,3138,5,1046.24,45.8,0.0,49,3.2,Delivered
56013,20251222,1394,2036,3057,1,319.43,74.57,0.0,32,4.0,Delivered
56014,20240617,1438,2030,3087,3,1473.76,55.73,0.0,22,4.3,Delivered
56015,20241125,1359,2033,3072,1,163.48,71.97,34.3,23,3.1,Delivered
56016,20251011,1385,2036,3140,2,1382.16,16.2,83.55,18,4.5,Delivered
56017,20250316,1462,2016,3109,2,1551.99,22.08,197.28,60,4.7,Delivered
56018,20250125,1153,2113,3136,1,585.17,24.57,127.2,36,3.9,Delivered
56019,20250510,1547,2045,3139,4,3451.72,62.54,0.0,65,3.6,Delivered
56020,20250115,1189,2043,3085,5,2900.29,56.29,42.69,65,3.4,Delivered
56021,20241101,1219,2099,3102,4,3432.03,46.68,0.0,20,4.3,Delivered
56022,20251103,1478,2100,3033,5,1141.0,59.7,138.53,56,4.3,Delivered
56023,20250527,1213,2075,3123,1,799.28,48.94,0.0,26,3.8,Delivered
56024,20240706,1002,2070,3057,4,963.87,65.62,128.12,42,3.1,Delivered
56025,20250530,1427,2079,3031,4,1809.5,40.03,177.21,54,4.7,Delivered
56026,20251005,1650,2117,3029,4,3207.88,47.65,175.03,58,4.6,Delivered
56027,20250302,1543,2087,3018,3,1475.89,50.04,0.0,45,4.2,Delivered
56028,20250516,1011,2044,3047,4,2590.82,45.16,93.54,45,4.4,Delivered
56029,20251230,1515,2005,3072,5,808.78,62.6,0.0,44,3.4,Delivered
56030,20240916,1671,2050,3130,2,1470.51,51.79,74.05,35,3.6,Delivered
56031,20250527,1022,2021,3135,1,844.95,51.56,0.0,43,3.9,Delivered
56032,20240311,1532,2075,3077,4,1337.65,38.93,208.39,43,4.5,Delivered
56033,20250422,1130,2008,3003,3,799.67,76.03,243.8,26,3.4,Delivered
56034,20240626,1425,2067,3077,3,1606.4,25.88,120.93,58,4.8,Delivered
56035,20250401,1761,2034,3101,2,1774.78,53.25,198.42,40,4.5,Delivered
56036,20240707,1455,2001,3128,4,1795.05,48.97,0.0,31,4.4,Delivered
56037,20241017,1559,2021,3123,4,2395.36,60.17,0.0,56,3.0,Delivered
56038,20250603,1034,2051,3042,2,582.64,63.16,0.0,32,3.6,Delivered
56039,20241018,1123,2088,3059,1,572.22,44.52,133.17,58,4.8,Delivered
56040,20250926,1147,2085,3131,5,3534.61,43.59,0.0,28,4.1,Delivered
56041,20241009,1711,2077,3113,3,2314.63,42.46,0.0,64,4.9,Delivered
56042,20250627,1783,2065,3116,3,684.83,65.66,234.7,43,,Cancelled
56043,20250111,1674,2049,3007,2,698.99,51.38,0.0,49,4.8,Delivered
56044,20251019,1362,2089,3114,2,514.02,40.88,43.24,46,4.4,Delivered
56045,20240604,1535,2097,3058,5,1037.34,15.47,126.97,39,4.1,Delivered
56046,20250522,1276,2071,3117,5,1345.12,20.1,224.8,51,4.1,Delivered
56047,20250216,1444,2039,3101,1,262.39,51.09,0.0,59,3.6,Delivered
56048,20250611,1195,2016,3022,2,1678.26,56.21,108.5,48,3.2,Delivered
56049,20241220,1582,2052,3104,4,3297.38,41.5,0.0,40,3.7,Delivered
56050,20250712,1548,2077,3140,2,1737.5,37.12,217.66,55,4.6,Delivered
56051,20240705,1465,2036,3083,3,2128.49,41.4,40.04,19,3.8,Delivered
56052,20240131,1716,2107,3081,2,1068.8,36.63,184.45,21,3.6,Delivered
56053,20240916,1407,2054,3030,2,788.36,57.35,0.0,22,,Cancelled
56054,20250224,1147,2008,3128,1,459.92,16.28,0.0,43,4.2,Delivered
56055,20250612,1011,2025,3118,4,2056.33,28.52,163.76,22,3.7,Delivered
56056,20250704,1568,2025,3047,3,2583.5,32.86,83.36,55,4.6,Delivered
56057,20241030,1204,2060,3022,2,819.15,32.26,0.0,40,3.2,Delivered
56058,20240208,1536,2022,3096,5,1789.83,28.56,0.0,27,3.5,Delivered
56059,20250503,1445,2032,3072,4,1691.97,74.64,0.0,23,3.6,Delivered
56060,20251005,1755,2043,3149,5,1138.91,79.56,59.78,35,,Cancelled
56061,20250625,1392,2030,3116,2,1748.96,16.68,81.01,57,4.2,Delivered
56062,20251031,1376,2002,3037,2,1270.67,21.18,103.35,42,3.5,Delivered
56063,20241004,1637,2023,3076,2,1288.22,23.26,208.19,55,,Cancelled
56064,20240721,1037,2034,3031,2,1606.78,66.05,118.55,25,,Cancelled
56065,20240306,1190,2116,3090,5,1383.12,22.03,87.41,50,4.8,Delivered
56066,20240417,1006,2061,3139,2,303.9,30.53,0.0,52,3.4,Delivered
56067,20240924,1095,2117,3110,5,1387.36,52.08,0.0,49,3.2,Delivered
56068,20240809,1632,2005,3123,5,2387.67,21.17,133.03,27,4.8,Delivered
56069,20250613,1285,2095,3121,2,655.72,51.73,237.56,33,3.7,Delivered
56070,20240330,1691,2008,3069,1,829.31,61.27,0.0,52,4.4,Delivered
56071,20251123,1407,2019,3007,3,2658.62,65.14,180.55,63,4.8,Delivered
56072,20240911,1639,2079,3062,1,580.88,58.23,43.81,23,3.9,Delivered
56073,20250330,1586,2018,3015,2,1097.79,49.85,0.0,26,3.8,Delivered
56074,20240909,1467,2029,3120,2,1519.14,23.46,0.0,49,4.0,Delivered
56075,20240913,1547,2102,3122,3,1898.68,57.88,180.18,59,3.5,Delivered
56076,20250117,1177,2008,3129,2,626.55,25.32,0.0,45,5.0,Delivered
56077,20250317,1637,2047,3149,5,3468.9,25.31,110.33,34,3.7,Delivered
56078,20250821,1270,2018,3148,2,1700.8,50.2,198.91,48,3.0,Delivered
56079,20240330,1604,2065,3120,3,1497.59,35.29,0.0,35,3.0,Delivered
56080,20250124,1450,2018,3024,4,2358.66,59.94,0.0,29,3.4,Delivered
56081,20250804,1089,2029,3086,5,1675.21,32.46,0.0,52,3.6,Delivered
56082,20240213,1507,2117,3012,3,717.08,74.74,0.0,53,4.2,Delivered
56083,20251212,1494,2062,3031,4,1554.4,61.6,206.09,25,4.3,Delivered
56084,20251025,1350,2061,3084,1,833.71,61.36,0.0,24,4.9,Delivered
56085,20250820,1328,2089,3030,2,339.42,43.83,64.89,25,4.7,Delivered
56086,20240119,1035,2101,3063,5,4222.6,52.99,57.95,26,3.7,Delivered
56087,20240410,1487,2004,3012,5,4018.13,15.38,177.52,45,4.5,Delivered
56088,20250829,1756,2011,3146,5,3957.5,45.81,0.0,50,4.2,Delivered
56089,20241222,1751,2044,3092,5,4116.11,68.77,0.0,40,3.2,Delivered
56090,20250625,1627,2048,3118,5,1776.54,59.12,53.17,49,3.4,Delivered
56091,20240202,1095,2117,3001,2,1034.84,69.98,0.0,55,3.6,Delivered
56092,20240816,1262,2044,3137,1,161.59,46.15,0.0,53,3.3,Delivered
56093,20250607,1436,2092,3058,3,2334.43,68.84,151.6,51,4.6,Delivered
56094,20250921,1742,2063,3019,3,2538.82,30.08,58.83,28,4.1,Delivered
56095,20240603,1365,2084,3123,4,2020.82,65.19,0.0,24,4.6,Delivered
56096,20250226,1160,2046,3009,1,822.17,39.78,0.0,50,5.0,Delivered
56097,20240902,1750,2109,3049,5,2134.42,18.25,152.46,38,3.7,Delivered
56098,20250208,1677,2080,3147,2,510.43,39.91,0.0,20,4.1,Delivered
56099,20250624,1447,2011,3045,5,3444.83,33.24,0.0,25,3.9,Delivered
56100,20240609,1608,2062,3098,3,2682.92,34.22,0.0,50,3.5,Delivered
56101,20251202,1769,2029,3131,2,1345.34,65.52,161.14,24,4.2,Delivered
56102,20240426,1347,2075,3135,4,2118.42,64.4,0.0,62,4.1,Delivered
56103,20240927,1137,2005,3056,4,2222.94,19.84,171.88,37,,Cancelled
56104,20251122,1468,2043,3105,2,1514.18,64.57,188.4,39,4.8,Delivered
56105,20250501,1503,2096,3089,5,3595.67,66.2,94.53,37,4.7,Delivered
56106,20240620,1751,2006,3110,4,754.84,67.8,0.0,65,4.5,Delivered
56107,20240930,1787,2024,3126,1,324.14,29.48,0.0,40,3.2,Delivered
56108,20240915,1746,2113,3053,4,1138.62,63.96,81.11,23,4.1,Delivered
56109,20240514,1262,2006,3046,5,3171.45,75.41,0.0,60,4.3,Delivered
56110,20251113,1234,2074,3101,5,2498.54,34.75,0.0,25,4.8,Delivered
56111,20251222,1603,2089,3006,5,3599.43,31.69,0.0,63,4.2,Delivered
56112,20250225,1710,2079,3040,4,1575.73,28.34,0.0,43,3.8,Delivered
56113,20250224,1137,2080,3148,5,1199.94,44.29,0.0,34,4.5,Delivered
56114,20240704,1628,2071,3058,1,674.96,22.61,0.0,24,3.8,Delivered
56115,20241229,1206,2043,3094,5,1367.35,25.33,0.0,40,4.9,Delivered
56116,20250829,1036,2059,3006,5,3836.38,54.51,92.27,60,4.3,Delivered
56117,20250112,1131,2007,3124,4,2101.76,19.23,172.7,46,3.7,Delivered
56118,20250606,1448,2008,3117,2,901.06,73.01,148.35,31,4.2,Delivered
56119,20250802,1186,2118,3096,3,1651.14,79.7,0.0,57,4.0,Delivered
56120,20251222,1413,2049,3128,5,4044.13,53.13,0.0,43,3.2,Delivered
56121,20240714,1036,2059,3095,5,3380.7,73.19,63.29,23,4.2,Delivered
56122,20240407,1134,2011,3044,2,884.04,74.51,0.0,62,3.1,Delivered
56123,20250827,1300,2030,3052,3,456.56,16.76,149.7,45,4.0,Delivered
56124,20240122,1793,2044,3140,1,431.63,43.7,45.36,42,3.0,Delivered
56125,20250325,1139,2006,3003,3,1811.95,39.86,0.0,31,3.6,Delivered
56126,20240620,1256,2024,3022,3,1246.2,53.61,102.2,23,4.7,Delivered
56127,20250117,1516,2050,3014,4,1755.65,51.71,0.0,33,3.9,Delivered
56128,20240513,1212,2109,3016,5,1147.48,48.62,53.99,50,3.0,Delivered
56129,20250301,1064,2119,3016,5,4024.44,58.66,248.45,29,4.2,Delivered
56130,20240125,1564,2057,3140,1,621.13,65.47,70.13,25,3.8,Delivered
56131,20250517,1093,2045,3042,2,1747.23,49.52,0.0,25,4.5,Delivered
56132,20240703,1017,2112,3072,5,3188.55,42.21,0.0,41,4.1,Delivered
56133,20240325,1488,2060,3016,4,3592.46,32.11,0.0,47,4.4,Delivered
56134,20250720,1489,2072,3003,1,195.82,67.29,220.06,40,4.8,Delivered
56135,20240523,1470,2109,3024,3,1568.15,71.84,0.0,52,5.0,Delivered
56136,20251109,1787,2073,3040,5,3242.18,40.41,0.0,34,4.8,Delivered
56137,20250215,1302,2050,3062,1,877.73,60.74,35.35,19,4.2,Delivered
56138,20240811,1750,2064,3018,1,401.05,70.64,0.0,45,4.5,Delivered
56139,20240807,1652,2095,3082,3,775.52,50.86,0.0,57,4.6,Delivered
56140,20240627,1189,2077,3134,2,1491.23,58.74,244.52,47,3.8,Delivered
56141,20250922,1344,2100,3033,4,2058.2,56.88,181.36,29,4.7,Delivered
56142,20250308,1749,2114,3012,1,778.32,53.59,196.26,18,4.8,Delivered
56143,20240921,1741,2090,3013,5,996.38,64.21,0.0,48,3.5,Delivered
56144,20250304,1456,2059,3131,2,790.94,62.77,175.39,21,4.1,Delivered
56145,20251023,1249,2046,3066,2,989.28,26.14,0.0,56,3.7,Delivered
56146,20250219,1371,2089,3023,4,603.67,44.08,126.06,44,4.0,Delivered
56147,20250328,1749,2069,3072,2,490.76,36.81,0.0,34,4.7,Delivered
56148,20251227,1400,2062,3018,1,211.67,50.8,247.08,31,4.5,Delivered
56149,20240715,1548,2077,3129,2,1265.46,36.08,0.0,61,3.6,Delivered
56150,20250707,1513,2113,3062,4,2013.14,21.1,91.04,63,3.4,Delivered
56151,20240222,1420,2080,3146,1,720.13,47.96,0.0,38,3.4,Delivered
56152,20250424,1272,2115,3024,5,4056.73,65.48,98.08,34,4.9,Delivered
56153,20250318,1098,2025,3130,2,656.63,37.4,0.0,63,4.2,Delivered
56154,20241125,1243,2106,3138,3,1268.65,39.58,139.81,30,3.4,Delivered
56155,20240907,1473,2057,3014,1,305.62,64.28,0.0,53,4.0,Delivered
56156,20240502,1234,2114,3066,4,609.37,20.44,137.74,62,4.8,Delivered
56157,20250121,1338,2069,3101,3,1206.49,58.76,80.46,26,,Cancelled
56158,20241204,1049,2114,3090,3,675.97,77.57,43.88,62,3.0,Delivered
56159,20241213,1702,2021,3150,1,501.87,34.77,184.07,62,4.3,Delivered
56160,20240129,1582,2012,3028,4,3286.52,64.09,189.48,42,3.4,Delivered
56161,20240204,1260,2005,3077,4,3099.86,23.86,0.0,32,3.7,Delivered
56162,20250601,1110,2004,3128,4,2675.87,43.88,48.09,42,4.7,Delivered
56163,20250130,1651,2035,3138,5,3454.19,18.08,59.73,26,5.0,Delivered
56164,20250914,1235,2060,3069,2,646.46,79.44,0.0,37,3.4,Delivered
56165,20241020,1151,2013,3124,2,1403.94,74.55,216.08,56,3.9,Delivered
56166,20250811,1032,2093,3068,2,1676.76,77.31,0.0,57,4.5,Delivered
56167,20241214,1636,2093,3060,1,778.83,52.6,243.86,64,4.6,Delivered
56168,20240526,1590,2063,3060,4,2491.66,61.41,48.91,25,3.2,Delivered
56169,20240307,1597,2043,3002,2,412.74,22.46,37.89,61,3.8,Delivered
56170,20250603,1279,2051,3046,1,765.54,35.24,62.77,39,4.8,Delivered
56171,20240501,1491,2061,3054,5,3790.37,28.02,0.0,56,3.9,Delivered
56172,20241205,1733,2063,3125,2,503.18,29.96,197.68,54,4.5,Delivered
56173,20240623,1337,2056,3070,1,274.89,32.41,0.0,52,4.9,Delivered
56174,20251121,1172,2089,3074,4,2918.86,61.21,114.12,40,4.6,Delivered
56175,20250819,1524,2002,3032,3,1151.7,77.07,151.51,53,3.5,Delivered
56176,20250326,1418,2024,3033,2,1443.85,34.2,58.22,61,3.9,Delivered
56177,20250710,1320,2105,3016,5,3387.73,76.69,243.23,43,4.0,Delivered
56178,20240515,1690,2005,3026,4,2232.39,24.42,238.16,31,3.5,Delivered
56179,20240116,1237,2043,3037,3,1877.3,66.29,0.0,60,4.1,Delivered
56180,20241128,1265,2079,3060,5,2081.63,66.42,172.92,65,4.9,Delivered
56181,20240713,1618,2106,3130,1,674.74,45.13,60.74,57,3.2,Delivered
56182,20250510,1316,2081,3147,2,869.15,28.19,0.0,55,3.5,Delivered
56183,20240109,1124,2081,3047,5,1236.18,40.78,0.0,26,4.2,Delivered
56184,20241129,1729,2117,3135,3,1043.85,74.83,190.15,39,4.6,Delivered
56185,20241128,1463,2092,3123,2,962.24,41.86,0.0,47,4.7,Delivered
56186,20241122,1031,2053,3055,2,390.41,51.51,162.65,33,4.2,Delivered
56187,20240115,1153,2058,3030,2,682.99,61.44,0.0,39,,Cancelled
56188,20250905,1036,2118,3142,2,1144.75,57.85,0.0,58,3.4,Delivered
56189,20240813,1797,2071,3117,2,1075.5,48.16,177.34,64,4.8,Delivered
56190,20250228,1256,2022,3036,3,479.6,49.59,74.33,38,3.7,Delivered
56191,20250211,1254,2089,3021,4,2128.3,32.23,99.52,26,4.0,Delivered
56192,20240422,1075,2004,3126,4,2908.67,45.52,0.0,63,4.9,Delivered
56193,20250303,1037,2073,3120,4,3226.64,47.85,0.0,25,,Cancelled
56194,20240101,1630,2012,3055,3,1055.54,79.11,103.4,23,4.7,Delivered
56195,20240922,1208,2066,3059,5,3009.52,19.53,98.88,34,3.4,Delivered
56196,20250505,1307,2051,3107,5,1731.04,15.21,0.0,26,3.3,Delivered
56197,20240726,1655,2051,3094,5,4402.92,47.68,203.95,53,3.2,Delivered
56198,20250913,1097,2066,3007,1,869.73,50.99,0.0,51,3.5,Delivered
56199,20251212,1786,2082,3002,5,3380.26,61.3,0.0,28,4.8,Delivered
56200,20250103,1349,2045,3007,1,757.06,53.49,118.15,20,4.8,Delivered
56201,20241101,1500,2025,3057,4,3212.38,50.93,66.3,42,3.9,Delivered
56202,20240112,1590,2054,3023,1,662.76,76.43,0.0,60,3.4,Delivered
56203,20241210,1030,2066,3095,3,1755.76,68.89,0.0,40,4.5,Delivered
56204,20250409,1056,2066,3147,2,436.13,18.37,103.78,28,3.5,Delivered
56205,20251130,1147,2089,3087,2,947.48,29.47,0.0,21,4.3,Delivered
56206,20251027,1253,2082,3084,4,1495.33,32.41,25.26,29,3.1,Delivered
56207,20250508,1516,2007,3112,3,2496.9,60.36,96.01,29,4.7,Delivered
56208,20250102,1705,2086,3067,3,1170.6,67.68,0.0,65,4.8,Delivered
56209,20250223,1140,2086,3095,5,3899.33,15.05,0.0,42,4.2,Delivered
56210,20240619,1553,2026,3002,3,480.92,62.27,242.41,21,3.3,Delivered
56211,20240513,1790,2028,3041,5,2635.85,77.46,199.79,55,4.5,Delivered
56212,20250302,1351,2042,3120,5,3128.5,41.41,148.58,42,4.1,Delivered
56213,20240125,1237,2017,3009,1,173.36,64.97,0.0,64,3.7,Delivered
56214,20250613,1751,2043,3096,3,2102.08,28.74,0.0,45,3.5,Delivered
56215,20240708,1475,2060,3025,1,474.13,57.42,201.1,19,3.3,Delivered
56216,20240520,1685,2001,3011,3,2037.26,78.64,0.0,58,3.1,Delivered
56217,20250708,1613,2068,3135,5,1851.76,43.77,200.89,57,,Cancelled
56218,20251019,1327,2008,3083,5,4161.43,69.91,128.95,21,4.0,Delivered
56219,20241110,1276,2011,3089,5,1126.12,63.18,100.06,34,4.6,Delivered
56220,20250319,1773,2105,3055,5,3589.19,35.04,140.22,37,3.2,Delivered
56221,20241114,1731,2106,3015,1,659.91,48.68,217.69,49,4.5,Delivered
56222,20250316,1758,2089,3078,1,392.45,68.96,236.48,26,4.9,Delivered
56223,20240401,1376,2002,3021,2,984.16,19.1,0.0,53,4.3,Delivered
56224,20240627,1720,2066,3137,3,2022.23,29.93,214.76,57,4.9,Delivered
56225,20240225,1363,2101,3112,3,1509.63,21.66,0.0,38,4.6,Delivered
56226,20240603,1117,2059,3078,2,1450.75,45.37,0.0,42,4.7,Delivered
56227,20251102,1741,2090,3006,3,680.55,33.2,97.31,44,4.5,Delivered
56228,20240420,1082,2028,3082,4,2267.43,43.81,0.0,42,3.8,Delivered
56229,20240516,1578,2004,3065,1,220.79,53.2,113.11,41,,Cancelled
56230,20240819,1521,2102,3101,2,766.07,48.94,0.0,37,3.3,Delivered
56231,20250412,1186,2118,3059,4,2514.3,26.26,82.76,23,4.7,Delivered
56232,20250425,1010,2068,3124,1,274.15,49.02,232.5,62,3.5,Delivered
56233,20240308,1356,2006,3068,1,352.4,23.4,0.0,23,4.6,Delivered
56234,20240905,1023,2035,3009,4,1374.62,59.63,148.82,54,5.0,Delivered
56235,20241118,1719,2079,3147,3,2443.77,27.1,63.43,22,3.6,Delivered
56236,20250601,1331,2002,3027,5,1327.92,15.57,216.84,19,3.1,Delivered
56237,20250307,1397,2068,3140,2,992.01,32.5,0.0,30,3.6,Delivered
56238,20250501,1521,2066,3092,3,1067.65,18.95,175.68,29,4.8,Delivered
56239,20250828,1077,2089,3077,3,2303.76,43.36,0.0,58,4.7,Delivered
56240,20250304,1667,2056,3088,4,2925.31,23.55,60.08,33,4.4,Delivered
56241,20240925,1618,2017,3038,5,3179.82,41.67,244.56,62,4.7,Delivered
56242,20251209,1095,2090,3039,3,2148.54,43.57,0.0,41,3.1,Delivered
56243,20250620,1399,2096,3054,2,1154.37,77.04,170.46,64,,Cancelled
56244,20240527,1243,2106,3052,4,2701.36,24.0,0.0,37,4.9,Delivered
56245,20240427,1162,2002,3035,2,976.1,57.84,66.04,53,,Cancelled
56246,20250101,1037,2092,3061,3,1840.38,59.1,88.1,36,3.9,Delivered
56247,20240306,1623,2022,3009,1,347.98,30.24,0.0,49,3.3,Delivered
56248,20250104,1275,2031,3121,1,777.38,65.07,119.2,26,4.0,Delivered
56249,20240623,1105,2093,3026,1,868.5,26.2,23.74,48,3.8,Delivered
56250,20250810,1296,2068,3099,4,2792.24,42.43,147.02,58,3.0,Delivered
56251,20250509,1069,2052,3089,2,523.85,48.41,0.0,24,3.0,Delivered
56252,20240423,1577,2030,3058,3,2294.09,73.83,208.43,63,3.5,Delivered
56253,20240420,1668,2113,3123,4,1030.91,19.64,0.0,43,4.0,Delivered
56254,20250314,1462,2006,3106,5,2718.9,64.23,0.0,55,3.5,Delivered
56255,20251215,1203,2032,3004,2,1786.18,27.45,57.74,29,4.5,Delivered
56256,20240526,1129,2007,3027,4,2862.96,52.94,0.0,46,4.0,Delivered
56257,20240204,1042,2090,3071,1,724.56,74.53,0.0,25,3.5,Delivered
56258,20241104,1064,2068,3072,3,2060.28,65.64,0.0,40,4.7,Delivered
56259,20250621,1482,2061,3132,3,1454.85,18.33,0.0,34,,Cancelled
56260,20240114,1268,2067,3095,5,4193.95,67.14,166.51,34,3.4,Delivered
56261,20250108,1395,2034,3108,3,1829.96,29.19,0.0,34,4.6,Delivered
56262,20250710,1315,2046,3109,1,543.49,32.47,0.0,32,3.1,Delivered
56263,20250303,1790,2001,3050,1,450.12,50.8,21.02,18,3.9,Delivered
56264,20251228,1772,2042,3102,2,1732.39,64.43,0.0,50,4.0,Delivered
56265,20240820,1740,2089,3043,4,3464.91,35.62,187.25,32,3.7,Delivered
56266,20251205,1430,2026,3141,2,1052.31,77.82,134.73,29,4.4,Delivered
56267,20250716,1678,2106,3067,5,4179.47,36.22,86.94,56,4.4,Delivered
56268,20251226,1567,2052,3065,4,1739.45,45.12,44.09,65,3.2,Delivered
56269,20251024,1331,2008,3120,1,496.06,50.16,0.0,54,3.7,Delivered
56270,20250315,1062,2095,3112,2,693.27,42.74,50.55,46,4.8,Delivered
56271,20250516,1215,2017,3126,4,1053.68,60.07,38.14,19,3.9,Delivered
56272,20241001,1253,2103,3122,3,1199.12,34.13,110.03,33,3.1,Delivered
56273,20240316,1413,2051,3008,4,1959.89,59.96,0.0,56,4.1,Delivered
56274,20250314,1054,2117,3083,1,739.12,40.91,0.0,58,4.8,Delivered
56275,20251129,1359,2030,3032,5,946.18,33.61,0.0,54,3.4,Delivered
56276,20241015,1062,2084,3030,1,883.71,34.67,0.0,52,4.9,Delivered
56277,20250623,1755,2044,3133,3,2040.43,67.58,0.0,57,3.1,Delivered
56278,20251122,1451,2108,3150,2,1064.33,63.85,0.0,35,4.7,Delivered
56279,20240909,1726,2005,3029,2,961.53,61.23,0.0,41,3.1,Delivered
56280,20240505,1683,2008,3060,3,1689.37,74.06,138.42,52,4.2,Delivered
56281,20240625,1375,2084,3096,4,2705.31,45.06,149.98,26,4.3,Delivered
56282,20240206,1724,2026,3006,2,1612.14,53.38,0.0,51,4.6,Delivered
56283,20250213,1589,2117,3039,5,3914.6,21.12,111.1,20,3.1,Delivered
56284,20250902,1306,2088,3126,4,3091.45,74.01,149.21,32,4.7,Delivered
56285,20250901,1165,2043,3109,5,1002.75,40.54,0.0,20,3.8,Delivered
56286,20240506,1088,2069,3015,5,4308.67,68.25,192.45,35,4.2,Delivered
56287,20250427,1051,2106,3023,1,559.28,32.08,0.0,28,4.9,Delivered
56288,20240616,1665,2087,3010,3,1202.04,21.66,0.0,50,4.1,Delivered
56289,20250814,1073,2012,3077,2,806.19,16.07,89.33,28,4.0,Delivered
56290,20241020,1544,2111,3065,2,1027.19,22.45,0.0,40,3.3,Delivered
56291,20250929,1357,2008,3031,2,662.07,29.4,219.01,22,3.8,Delivered
56292,20241208,1566,2004,3009,2,1113.21,38.75,0.0,55,3.9,Delivered
56293,20241105,1470,2078,3056,4,928.8,41.48,151.52,40,4.8,Delivered
56294,20251023,1175,2014,3130,4,3355.62,33.62,96.21,21,4.6,Delivered
56295,20250611,1566,2045,3097,2,689.35,65.78,168.75,56,3.2,Delivered
56296,20250623,1224,2080,3012,3,2152.44,23.18,0.0,23,4.0,Delivered
56297,20250222,1707,2110,3112,2,884.38,68.75,0.0,18,5.0,Delivered
56298,20250319,1666,2095,3140,1,214.04,70.23,0.0,48,4.9,Delivered
56299,20251115,1500,2029,3072,1,894.0,62.61,139.24,31,3.5,Delivered
56300,20250711,1433,2098,3092,5,2774.98,74.25,0.0,29,4.5,Delivered
56301,20240823,1263,2091,3105,1,618.37,25.46,73.1,34,4.7,Delivered
56302,20250314,1420,2051,3074,3,1934.58,64.97,100.5,48,,Cancelled
56303,20240801,1655,2049,3062,4,2156.08,26.36,133.69,36,4.6,Delivered
56304,20240325,1146,2109,3105,4,3366.57,41.52,0.0,43,3.9,Delivered
56305,20240325,1109,2084,3121,5,3546.36,65.17,0.0,25,3.9,Delivered
56306,20250503,1499,2080,3099,5,4007.14,68.44,0.0,26,4.4,Delivered
56307,20240305,1706,2101,3133,2,1667.96,65.14,145.26,54,3.1,Delivered
56308,20251007,1697,2117,3091,5,4435.36,25.49,0.0,43,4.6,Delivered
56309,20251024,1272,2046,3102,5,1168.69,26.24,0.0,42,4.4,Delivered
56310,20250918,1210,2017,3025,1,605.88,66.8,0.0,50,3.6,Delivered
56311,20240304,1022,2120,3123,4,2617.35,74.33,0.0,34,4.8,Delivered
56312,20241208,1741,2008,3087,2,832.25,32.25,0.0,29,5.0,Delivered
56313,20241217,1400,2023,3143,5,1337.42,33.96,0.0,57,3.8,Delivered
56314,20240606,1397,2053,3141,4,2139.22,46.86,25.98,56,3.1,Delivered
56315,20250811,1240,2025,3049,5,1560.19,28.85,0.0,44,4.4,Delivered
56316,20250505,1082,2113,3097,3,1643.5,61.34,89.71,65,4.1,Delivered
56317,20251019,1171,2028,3068,1,567.46,24.97,0.0,50,3.5,Delivered
56318,20250407,1526,2109,3008,5,3559.92,36.84,100.56,54,3.7,Delivered
56319,20240812,1438,2010,3132,4,2218.7,67.42,0.0,55,4.4,Delivered
56320,20241108,1714,2025,3120,1,851.83,38.63,42.82,29,4.4,Delivered
56321,20250906,1053,2015,3074,5,3064.48,72.77,57.86,48,4.3,Delivered
56322,20250410,1220,2042,3129,3,556.46,31.15,0.0,63,4.3,Delivered
56323,20240328,1219,2091,3022,2,1738.15,33.55,0.0,54,4.9,Delivered
56324,20241029,1690,2045,3073,1,335.45,50.48,23.07,39,3.9,Delivered
56325,20251110,1691,2002,3106,4,1045.53,46.52,0.0,30,4.9,Delivered
56326,20250310,1339,2069,3091,3,2461.36,41.04,113.64,29,4.0,Delivered
56327,20251112,1179,2057,3049,3,479.3,77.36,179.74,47,4.4,Delivered
56328,20240514,1767,2092,3085,2,1225.91,32.82,186.52,18,3.1,Delivered
56329,20240219,1789,2108,3034,3,1133.34,53.68,25.84,57,3.7,Delivered
56330,20250307,1329,2016,3076,3,2131.78,78.76,0.0,35,4.6,Delivered
56331,20241205,1687,2037,3109,5,1589.7,61.09,0.0,26,3.5,Delivered
56332,20241212,1740,2117,3012,3,2480.95,34.5,38.86,50,3.4,Delivered
56333,20251007,1425,2096,3002,5,1659.96,50.03,0.0,43,,Cancelled
56334,20241212,1656,2003,3132,4,617.92,29.88,237.5,60,4.0,Delivered
56335,20251010,1449,2112,3099,5,1467.98,71.52,0.0,20,4.6,Delivered
56336,20240901,1306,2079,3042,3,1343.35,72.49,0.0,46,4.9,Delivered
56337,20240418,1468,2077,3071,1,724.84,49.8,0.0,56,3.7,Delivered
56338,20250616,1569,2053,3033,3,1587.68,53.38,93.61,60,4.1,Delivered
56339,20240330,1412,2116,3044,5,3896.75,56.27,0.0,57,3.2,Delivered
56340,20241022,1114,2076,3096,5,2809.45,43.95,192.68,59,3.9,Delivered
56341,20240421,1329,2016,3014,2,425.24,64.71,167.3,36,3.6,Delivered
56342,20250811,1196,2084,3125,4,3371.0,48.86,0.0,58,4.5,Delivered
56343,20240625,1079,2115,3083,5,3456.11,66.44,0.0,44,4.9,Delivered
56344,20241208,1742,2047,3027,2,1693.25,35.03,216.31,22,3.6,Delivered
56345,20251021,1689,2101,3050,3,788.26,75.48,124.41,40,5.0,Delivered
56346,20240410,1311,2030,3098,2,884.61,49.95,224.18,52,3.7,Delivered
56347,20250920,1549,2030,3037,4,3561.27,51.29,0.0,34,4.6,Delivered
56348,20250826,1179,2103,3112,4,2757.15,75.2,197.14,20,4.4,Delivered
56349,20250204,1524,2002,3056,3,1719.29,46.52,0.0,39,4.1,Delivered
56350,20240128,1080,2092,3054,5,2702.68,57.51,0.0,34,4.3,Delivered
56351,20250620,1447,2095,3065,3,2364.61,59.58,137.58,50,4.9,Delivered
56352,20240227,1372,2046,3073,2,1418.01,42.93,236.39,38,4.0,Delivered
56353,20250512,1248,2017,3046,4,3348.35,16.38,0.0,27,4.9,Delivered
56354,20241023,1268,2113,3030,1,179.44,42.18,0.0,44,3.9,Delivered
56355,20240513,1094,2089,3100,1,531.1,31.69,0.0,62,4.4,Delivered
56356,20241126,1071,2002,3142,1,443.61,60.16,243.99,44,3.3,Delivered
56357,20240905,1367,2076,3108,5,3611.84,19.06,0.0,23,4.6,Delivered
56358,20250703,1614,2103,3016,5,1186.62,44.67,0.0,55,,Cancelled
56359,20240315,1110,2049,3089,2,1764.31,71.18,36.8,65,3.2,Delivered
56360,20251015,1607,2105,3105,2,732.94,28.82,159.39,19,4.3,Delivered
56361,20240616,1378,2097,3089,4,3248.13,64.04,0.0,36,3.0,Delivered
56362,20250517,1798,2064,3140,2,744.03,52.34,0.0,49,3.0,Delivered
56363,20241220,1067,2080,3046,5,3596.42,23.58,0.0,31,4.7,Delivered
56364,20240812,1043,2020,3045,2,709.07,69.41,0.0,36,3.1,Delivered
56365,20251025,1444,2054,3080,2,978.8,33.21,0.0,64,4.4,Delivered
56366,20250614,1032,2039,3113,5,3319.88,27.32,148.73,63,4.7,Delivered
56367,20240525,1459,2089,3146,2,1729.94,17.09,50.05,51,4.2,Delivered
56368,20240828,1357,2097,3084,4,1246.34,57.61,102.76,19,3.1,Delivered
56369,20241209,1494,2063,3004,5,3265.48,75.09,0.0,55,3.7,Delivered
56370,20240204,1071,2085,3084,3,880.47,30.38,227.2,18,4.1,Delivered
56371,20251202,1674,2042,3071,3,1061.05,66.45,0.0,57,4.9,Delivered
56372,20240101,1033,2119,3120,3,1975.44,35.35,0.0,22,3.1,Delivered
56373,20240601,1680,2084,3133,2,1056.58,44.38,0.0,33,4.3,Delivered
56374,20250304,1434,2027,3066,1,785.74,77.15,0.0,24,3.0,Delivered
56375,20250522,1729,2097,3080,3,1366.31,24.38,131.58,20,4.1,Delivered
56376,20240505,1151,2110,3005,5,2368.55,76.21,0.0,63,4.4,Delivered
56377,20250505,1448,2085,3093,4,3038.27,76.93,62.05,59,3.5,Delivered
56378,20250426,1119,2021,3054,1,494.99,39.88,24.07,31,3.3,Delivered
56379,20241210,1771,2023,3087,2,1346.99,52.27,0.0,20,3.0,Delivered
56380,20240808,1514,2005,3094,4,1353.56,61.47,138.76,39,4.9,Delivered
56381,20251223,1422,2051,3005,2,1720.48,72.61,165.52,39,4.8,Delivered
56382,20240125,1686,2111,3139,2,381.57,34.9,0.0,30,4.4,Delivered
56383,20250611,1705,2072,3041,4,1772.21,26.06,0.0,39,3.3,Delivered
56384,20240630,1628,2083,3090,3,935.98,40.65,73.87,28,3.7,Delivered
56385,20250513,1219,2120,3140,4,3216.08,44.6,67.9,65,3.3,Delivered
56386,20251002,1258,2004,3121,2,1585.26,41.7,36.4,45,4.9,Delivered
56387,20240211,1289,2082,3103,1,336.72,36.24,32.93,36,3.2,Delivered
56388,20250425,1149,2025,3026,3,2014.04,21.83,34.19,20,3.2,Delivered
56389,20250314,1175,2003,3142,1,357.19,38.63,0.0,20,3.1,Delivered
56390,20250205,1346,2109,3042,5,2952.96,17.67,204.63,55,4.4,Delivered
56391,20250629,1135,2049,3056,1,696.8,41.27,232.31,36,3.8,Delivered
56392,20241210,1374,2077,3083,3,1623.19,27.03,0.0,47,4.0,Delivered
56393,20240214,1457,2017,3132,4,1606.71,72.6,179.42,37,,Cancelled
56394,20251007,1493,2066,3096,5,1407.77,54.2,0.0,27,3.3,Delivered
56395,20240121,1110,2048,3028,4,3074.18,70.78,0.0,29,3.8,Delivered
56396,20250925,1126,2050,3042,5,4353.43,66.48,0.0,35,3.9,Delivered
56397,20240310,1197,2033,3101,3,858.66,29.46,25.0,38,4.0,Delivered
56398,20240217,1573,2074,3111,5,1576.54,53.32,0.0,51,4.9,Delivered
56399,20250505,1009,2043,3062,4,1039.65,46.87,0.0,58,3.4,Delivered
56400,20250704,1566,2042,3104,4,1200.31,45.42,88.44,45,4.7,Delivered
56401,20241013,1126,2010,3042,4,1560.84,44.51,143.35,45,,Cancelled
56402,20240110,1270,2011,3033,3,2528.52,77.9,0.0,57,3.1,Delivered
56403,20250625,1118,2005,3092,5,2887.44,30.91,0.0,49,4.9,Delivered
56404,20240930,1612,2070,3087,5,4241.0,58.97,231.54,59,4.7,Delivered
56405,20250822,1234,2115,3124,5,2715.06,45.39,0.0,25,3.9,Delivered
56406,20250115,1203,2021,3039,1,387.63,37.56,38.07,40,3.2,Delivered
56407,20241124,1094,2008,3100,4,3392.52,22.97,205.52,51,4.5,Delivered
56408,20250423,1244,2072,3101,4,3256.71,54.53,39.87,22,4.5,Delivered
56409,20240115,1491,2113,3019,4,3101.61,68.54,156.32,64,3.8,Delivered
56410,20250530,1357,2090,3136,2,1262.61,57.13,0.0,34,3.8,Delivered
56411,20240709,1296,2086,3101,3,1887.75,41.25,244.79,48,3.0,Delivered
56412,20240616,1380,2085,3082,3,1005.23,71.96,195.68,26,4.6,Delivered
56413,20250604,1600,2068,3130,5,3823.82,52.83,0.0,18,4.3,Delivered
56414,20250912,1784,2088,3128,2,1044.89,60.31,44.23,33,4.9,Delivered
56415,20240516,1401,2094,3017,3,1852.77,30.61,52.22,20,3.4,Delivered
56416,20240602,1557,2028,3124,3,1594.61,18.99,149.65,44,4.9,Delivered
56417,20250122,1360,2002,3006,2,1790.97,65.38,0.0,23,4.3,Delivered
56418,20240727,1624,2036,3049,3,2340.97,19.33,110.87,22,3.8,Delivered
56419,20240928,1277,2027,3023,4,3214.64,47.17,169.95,31,4.4,Delivered
56420,20240522,1697,2090,3027,3,2524.64,50.57,0.0,32,,Cancelled
56421,20250902,1390,2107,3071,2,838.52,75.5,0.0,55,3.5,Delivered
56422,20240309,1363,2056,3133,1,326.97,75.61,169.8,35,3.9,Delivered
56423,20240903,1399,2020,3058,4,1362.46,51.18,0.0,61,3.3,Delivered
56424,20240917,1132,2034,3135,5,1762.57,27.31,114.08,36,4.8,Delivered
56425,20240319,1035,2030,3121,2,1430.53,65.62,84.73,26,4.6,Delivered
56426,20251019,1399,2083,3130,4,2893.5,37.54,215.55,51,4.1,Delivered
56427,20250914,1697,2090,3071,1,282.59,78.66,57.17,61,3.2,Delivered
56428,20250827,1342,2098,3095,1,467.67,36.82,119.77,46,4.5,Delivered
56429,20250608,1416,2051,3041,3,1022.48,22.99,82.33,55,3.9,Delivered
56430,20250912,1331,2002,3083,3,1891.53,70.3,35.03,53,3.8,Delivered
56431,20241125,1748,2028,3042,3,1114.32,16.26,211.89,60,3.3,Delivered
56432,20240707,1760,2090,3056,4,3226.13,27.04,249.38,32,3.5,Delivered
56433,20240404,1583,2117,3055,2,1332.51,78.55,150.07,51,4.2,Delivered
56434,20250908,1694,2108,3027,5,3897.08,73.59,169.66,28,3.7,Delivered
56435,20240108,1105,2091,3038,2,804.97,44.07,62.38,46,3.8,Delivered
56436,20240307,1551,2101,3119,5,777.49,71.83,0.0,32,4.8,Delivered
56437,20250510,1450,2084,3060,3,1637.68,46.92,133.64,39,3.4,Delivered
56438,20240709,1392,2076,3043,1,786.96,78.63,224.32,20,3.6,Delivered
56439,20241231,1390,2104,3023,2,622.19,75.4,0.0,21,4.4,Delivered
56440,20250604,1240,2077,3122,5,2544.66,74.76,0.0,31,3.1,Delivered
56441,20240426,1253,2103,3084,1,243.95,30.59,92.19,30,3.8,Delivered
56442,20240923,1153,2084,3052,3,1889.83,48.0,63.41,64,3.6,Delivered
56443,20250902,1560,2006,3040,1,604.32,35.87,130.32,62,3.4,Delivered
56444,20250429,1345,2021,3085,3,1110.95,60.26,0.0,56,4.0,Delivered
56445,20250523,1282,2090,3096,4,3160.38,25.15,153.75,31,4.3,Delivered
56446,20241024,1452,2048,3117,5,3215.03,41.0,45.02,33,3.4,Delivered
56447,20240612,1648,2061,3045,5,3789.23,31.87,0.0,25,3.3,Delivered
56448,20250110,1785,2002,3077,5,3726.18,59.03,124.95,34,3.2,Delivered
56449,20251014,1393,2097,3091,3,2438.65,56.79,0.0,49,3.2,Delivered
56450,20240924,1106,2020,3103,2,1692.34,67.18,117.54,64,4.2,Delivered
56451,20250702,1747,2056,3121,1,493.52,28.02,0.0,33,3.7,Delivered
56452,20240314,1618,2017,3136,2,1532.3,54.04,0.0,45,3.2,Delivered
56453,20250522,1273,2052,3140,5,1325.73,69.98,182.14,56,3.6,Delivered
56454,20240313,1752,2091,3093,4,709.04,78.73,0.0,41,3.9,Delivered
56455,20241103,1621,2022,3114,2,709.74,29.96,230.53,37,3.6,Delivered
56456,20240717,1536,2034,3011,4,2996.39,62.99,213.96,31,3.3,Delivered
56457,20240509,1209,2080,3055,2,1571.57,53.7,0.0,48,,Cancelled
56458,20250725,1539,2017,3002,3,1888.14,48.75,171.3,32,4.5,Delivered
56459,20250906,1580,2016,3148,4,2665.21,32.16,0.0,34,3.9,Delivered
56460,20250501,1642,2078,3107,4,3101.25,15.21,0.0,22,5.0,Delivered
56461,20240530,1284,2094,3105,4,2451.42,50.66,0.0,27,4.2,Delivered
56462,20251030,1624,2072,3133,1,528.26,61.38,195.39,39,4.1,Delivered
56463,20240724,1271,2106,3090,4,1404.4,32.67,0.0,54,4.6,Delivered
56464,20240627,1293,2091,3004,5,2936.5,49.72,185.09,38,3.2,Delivered
56465,20240715,1757,2029,3084,1,836.35,35.25,0.0,27,3.6,Delivered
56466,20240329,1667,2038,3031,3,1255.22,49.05,246.65,39,4.7,Delivered
56467,20250309,1785,2117,3007,5,2871.42,44.91,0.0,53,4.5,Delivered
56468,20240701,1638,2035,3028,3,1469.0,51.18,83.5,25,3.6,Delivered
56469,20240727,1266,2085,3141,5,4233.23,64.26,0.0,27,3.7,Delivered
56470,20250507,1763,2065,3069,5,2905.95,73.57,203.29,43,3.5,Delivered
56471,20240509,1319,2028,3099,3,568.32,43.43,36.4,21,4.4,Delivered
56472,20251026,1193,2035,3071,2,1405.98,53.92,102.58,31,4.3,Delivered
56473,20240113,1605,2016,3132,4,1412.58,29.44,191.49,41,4.0,Delivered
56474,20250925,1472,2043,3122,5,2635.23,58.08,131.6,52,3.8,Delivered
56475,20240415,1179,2118,3067,5,3352.36,20.23,84.97,33,3.8,Delivered
56476,20250109,1609,2013,3147,3,1805.08,17.75,167.93,43,3.3,Delivered
56477,20250804,1393,2089,3095,3,763.28,28.63,82.18,23,4.7,Delivered
56478,20251207,1187,2071,3111,5,3732.55,35.82,0.0,24,3.9,Delivered
56479,20251128,1409,2052,3071,5,2650.9,34.65,0.0,49,,Cancelled
56480,20240408,1327,2089,3053,1,576.54,39.4,0.0,57,3.5,Delivered
56481,20250816,1108,2001,3019,5,4013.19,17.87,0.0,45,4.0,Delivered
56482,20250809,1418,2053,3001,5,4192.48,43.57,115.14,56,4.5,Delivered
56483,20240710,1618,2044,3015,3,1840.74,54.86,196.23,20,3.8,Delivered
56484,20241120,1383,2090,3015,1,805.88,39.57,0.0,19,4.1,Delivered
56485,20251226,1121,2040,3114,4,3553.01,72.13,165.45,36,,Cancelled
56486,20250411,1137,2005,3146,2,1597.53,49.09,0.0,61,3.2,Delivered
56487,20250101,1657,2106,3072,1,562.38,16.39,94.05,36,,Cancelled
56488,20241113,1354,2011,3044,1,667.7,36.96,29.04,38,3.9,Delivered
56489,20240523,1157,2025,3002,2,1335.55,27.68,0.0,63,4.5,Delivered
56490,20250118,1504,2077,3061,2,1674.66,24.13,52.88,29,3.1,Delivered
56491,20240803,1132,2092,3052,3,2628.15,46.99,0.0,65,,Cancelled
56492,20241226,1692,2066,3121,5,2808.7,56.77,0.0,46,4.4,Delivered
56493,20241119,1051,2016,3095,2,1047.58,26.34,30.57,30,3.9,Delivered
56494,20240115,1688,2073,3136,5,3794.45,55.94,191.28,63,4.2,Delivered
56495,20240804,1524,2085,3045,1,284.05,55.37,49.86,57,3.0,Delivered
56496,20250506,1205,2071,3072,2,613.69,72.42,0.0,35,4.3,Delivered
56497,20250630,1431,2090,3041,3,561.06,34.29,186.54,58,4.9,Delivered
56498,20240701,1459,2097,3021,2,1205.98,78.89,0.0,55,3.6,Delivered
56499,20240926,1195,2044,3014,2,1119.05,29.58,0.0,33,4.4,Delivered
56500,20250411,1335,2074,3052,2,1709.49,74.66,149.28,65,4.5,Delivered
56501,20250903,1427,2038,3076,2,1716.46,76.24,0.0,36,3.8,Delivered
56502,20250602,1787,2073,3146,5,1832.06,20.67,103.9,60,4.1,Delivered
56503,20250625,1525,2080,3129,5,1167.03,77.12,0.0,56,4.8,Delivered
56504,20250411,1230,2029,3141,5,1441.46,55.33,0.0,65,4.4,Delivered
56505,20241031,1371,2002,3051,3,2056.12,56.88,140.2,27,4.8,Delivered
56506,20240523,1215,2006,3121,1,896.77,59.75,148.69,18,3.5,Delivered
56507,20240420,1412,2050,3142,2,1280.85,68.11,222.84,37,,Cancelled
56508,20240819,1216,2102,3068,4,2156.5,72.86,0.0,37,3.0,Delivered
56509,20251121,1594,2087,3041,5,1512.94,24.85,0.0,33,3.3,Delivered
56510,20250806,1751,2017,3094,5,3592.77,36.55,41.18,34,4.0,Delivered
56511,20251222,1059,2089,3018,2,622.72,27.34,50.04,21,3.7,Delivered
56512,20250814,1494,2091,3104,1,597.88,30.6,0.0,55,4.2,Delivered
56513,20250514,1508,2072,3120,2,1693.05,20.9,0.0,60,3.3,Delivered
56514,20250817,1332,2090,3008,3,774.76,40.35,30.6,24,3.8,Delivered
56515,20250707,1672,2012,3101,2,935.7,19.31,0.0,53,4.6,Delivered
56516,20240929,1521,2055,3090,4,3101.78,20.68,231.83,48,4.3,Delivered
56517,20251203,1304,2100,3087,4,2705.75,62.05,0.0,19,4.5,Delivered
56518,20240621,1095,2117,3114,4,1700.89,18.77,183.17,23,4.8,Delivered
56519,20240107,1786,2114,3029,1,185.23,24.75,26.68,55,3.4,Delivered
56520,20240603,1715,2010,3078,4,1633.58,25.47,0.0,38,3.6,Delivered
56521,20250605,1324,2117,3098,2,1638.38,79.04,211.16,37,3.8,Delivered
56522,20250629,1629,2049,3041,1,768.15,39.27,83.09,20,4.3,Delivered
56523,20250701,1371,2002,3122,5,3527.05,63.63,0.0,18,3.3,Delivered
56524,20250601,1599,2043,3049,1,719.77,72.83,130.25,46,4.6,Delivered
56525,20240802,1272,2078,3068,3,2539.46,71.66,0.0,51,3.6,Delivered
56526,20240513,1446,2026,3022,2,646.09,18.54,64.16,29,3.1,Delivered
56527,20241011,1651,2045,3121,2,1020.48,30.52,0.0,31,3.3,Delivered
56528,20240505,1232,2002,3080,3,2260.51,45.45,0.0,60,4.6,Delivered
56529,20250314,1426,2044,3035,3,1515.06,70.8,32.26,51,4.0,Delivered
56530,20251116,1441,2008,3073,4,3158.69,35.25,0.0,39,3.4,Delivered
56531,20240531,1454,2089,3125,3,1766.03,60.84,45.83,54,3.6,Delivered
56532,20241126,1523,2016,3061,3,1944.72,42.35,0.0,36,3.4,Delivered
56533,20250621,1122,2027,3069,2,384.68,72.19,0.0,60,4.8,Delivered
56534,20250117,1313,2031,3139,3,1681.93,58.07,0.0,40,3.0,Delivered
56535,20240424,1012,2062,3147,4,976.29,49.8,54.96,20,4.2,Delivered
56536,20250426,1077,2089,3059,5,1784.97,70.41,34.49,34,3.9,Delivered
56537,20241010,1770,2077,3150,2,657.31,69.25,35.46,31,3.8,Delivered
56538,20240315,1243,2029,3101,3,1206.59,57.75,0.0,28,3.0,Delivered
56539,20240614,1634,2067,3075,5,817.65,64.1,63.7,61,4.8,Delivered
56540,20240707,1331,2090,3083,2,974.87,26.97,0.0,65,3.7,Delivered
56541,20240318,1752,2021,3078,5,1458.27,21.46,105.03,45,3.3,Delivered
56542,20250824,1669,2085,3021,1,697.63,73.8,29.35,32,3.0,Delivered
56543,20251118,1728,2067,3120,4,2964.64,56.03,204.36,24,4.1,Delivered
56544,20240121,1012,2093,3083,2,1463.15,30.7,0.0,56,3.9,Delivered
56545,20250719,1431,2002,3015,2,443.0,30.67,102.66,57,4.7,Delivered
56546,20240702,1707,2098,3141,3,904.59,68.12,0.0,52,4.6,Delivered
56547,20240809,1636,2070,3115,2,683.06,58.6,25.3,20,4.1,Delivered
56548,20241123,1718,2050,3147,4,3117.47,49.65,96.85,39,3.1,Delivered
56549,20240627,1288,2041,3087,2,1140.96,78.45,0.0,51,3.7,Delivered
56550,20240421,1149,2016,3112,4,3548.08,23.86,0.0,32,4.3,Delivered
56551,20251226,1654,2093,3024,1,680.68,26.78,0.0,58,3.3,Delivered
56552,20240228,1049,2081,3109,5,3409.15,30.11,0.0,63,3.6,Delivered
56553,20241122,1011,2025,3090,4,2549.9,55.4,233.89,57,4.6,Delivered
56554,20250912,1622,2029,3032,2,1226.49,37.49,0.0,23,4.6,Delivered
56555,20251030,1327,2008,3138,4,616.73,61.54,0.0,65,3.0,Delivered
56556,20240709,1355,2045,3040,2,675.22,73.77,0.0,53,4.7,Delivered
56557,20240718,1298,2051,3046,4,2149.5,58.75,0.0,31,3.5,Delivered
56558,20241107,1512,2116,3073,1,257.08,18.29,24.85,24,4.6,Delivered
56559,20251208,1374,2106,3094,2,1210.84,15.81,36.15,40,4.1,Delivered
56560,20240204,1132,2024,3142,5,3722.42,73.91,58.69,34,4.5,Delivered
56561,20250113,1053,2113,3128,3,977.12,75.23,0.0,58,4.9,Delivered
56562,20250121,1212,2112,3085,3,497.37,51.05,138.4,51,4.1,Delivered
56563,20240824,1671,2056,3071,4,840.55,52.78,237.93,38,4.1,Delivered
56564,20250907,1717,2090,3008,1,517.94,74.12,201.99,25,3.4,Delivered
56565,20250602,1332,2089,3016,3,1111.99,48.78,0.0,44,4.8,Delivered
56566,20241009,1666,2084,3093,5,2414.65,25.84,32.09,51,3.3,Delivered
56567,20240101,1262,2029,3095,2,1022.18,71.98,0.0,26,4.4,Delivered
56568,20251231,1174,2086,3018,1,269.98,55.11,101.09,34,4.9,Delivered
56569,20250408,1486,2117,3095,2,653.44,48.0,0.0,50,3.6,Delivered
56570,20240817,1528,2053,3014,5,3486.63,66.16,208.08,34,4.0,Delivered
56571,20240620,1068,2097,3060,2,1010.61,32.33,132.26,55,4.1,Delivered
56572,20240327,1737,2030,3064,3,1569.04,74.15,40.96,22,4.7,Delivered
56573,20250706,1014,2031,3122,2,744.28,19.66,0.0,36,,Cancelled
56574,20240502,1263,2054,3010,1,324.27,66.76,0.0,33,3.3,Delivered
56575,20241024,1172,2097,3013,3,1174.67,40.4,193.63,36,3.2,Delivered
56576,20251120,1725,2007,3127,3,707.8,78.57,0.0,60,4.1,Delivered
56577,20250728,1560,2029,3061,4,3345.72,58.02,0.0,30,3.9,Delivered
56578,20250428,1634,2067,3103,3,757.4,56.53,165.87,24,4.0,Delivered
56579,20240613,1255,2067,3003,2,1451.28,44.42,0.0,41,4.7,Delivered
56580,20251129,1280,2090,3098,5,3189.11,16.16,158.94,45,5.0,Delivered
56581,20250117,1162,2089,3119,4,3095.13,70.04,0.0,30,4.9,Delivered
56582,20240727,1298,2042,3041,4,936.73,18.45,0.0,21,3.1,Delivered
56583,20250307,1594,2023,3148,3,1643.51,65.15,0.0,52,3.8,Delivered
56584,20250123,1518,2106,3025,2,659.59,59.72,0.0,49,3.5,Delivered
56585,20250713,1553,2068,3003,3,1807.18,36.17,111.04,27,3.0,Delivered
56586,20240811,1364,2085,3057,2,746.83,53.49,58.41,35,4.2,Delivered
56587,20240103,1083,2054,3133,5,1513.24,71.92,229.25,43,4.6,Delivered
56588,20250106,1598,2074,3097,5,4263.78,67.56,103.68,39,3.3,Delivered
56589,20251117,1783,2030,3039,1,706.4,42.09,86.94,44,3.2,Delivered
56590,20250321,1198,2101,3039,5,2769.69,75.44,210.3,65,3.2,Delivered
56591,20250902,1214,2015,3126,4,795.93,29.22,0.0,27,4.5,Delivered
56592,20240425,1159,2079,3066,4,2547.7,53.33,230.23,22,4.0,Delivered
56593,20240926,1739,2084,3022,2,336.18,29.55,0.0,46,3.8,Delivered
56594,20250322,1339,2118,3138,4,2394.61,40.92,0.0,35,3.8,Delivered
56595,20250102,1238,2045,3017,1,714.96,45.27,0.0,51,,Cancelled
56596,20240909,1579,2031,3101,2,611.69,62.28,69.71,55,3.9,Delivered
56597,20241112,1768,2085,3077,4,2864.34,42.22,0.0,57,3.2,Delivered
56598,20250218,1489,2092,3087,4,2262.37,24.23,193.38,59,,Cancelled
56599,20240404,1764,2064,3072,5,2722.31,58.69,0.0,21,4.4,Delivered
56600,20240124,1202,2002,3059,5,2483.48,41.77,88.74,39,3.0,Delivered
56601,20250919,1276,2084,3129,5,1853.1,64.25,0.0,55,3.5,Delivered
56602,20251024,1243,2016,3109,4,2926.95,40.22,234.73,44,4.8,Delivered
56603,20240219,1270,2020,3024,5,4294.03,72.14,145.26,54,5.0,Delivered
56604,20250516,1497,2007,3110,4,1296.97,63.39,0.0,46,3.5,Delivered
56605,20251218,1390,2098,3038,4,1757.05,30.51,0.0,18,4.6,Delivered
56606,20250512,1129,2056,3031,3,1277.52,32.92,79.07,63,4.0,Delivered
56607,20241130,1036,2074,3105,5,2901.41,74.54,42.48,52,3.0,Delivered
56608,20240319,1765,2097,3109,4,2391.73,56.69,246.62,55,4.5,Delivered
56609,20250804,1215,2006,3131,5,3301.96,39.29,48.43,63,3.9,Delivered
56610,20240127,1186,2059,3020,1,815.66,72.87,0.0,53,3.3,Delivered
56611,20240927,1111,2084,3141,2,1319.15,20.42,0.0,62,3.2,Delivered
56612,20250715,1745,2052,3079,3,1713.43,70.21,111.54,40,,Cancelled
56613,20240903,1494,2019,3118,1,374.03,28.07,70.23,54,5.0,Delivered
56614,20250813,1066,2093,3115,5,1744.0,27.17,163.2,43,3.2,Delivered
56615,20250121,1287,2085,3043,4,2898.64,43.89,0.0,36,3.4,Delivered
56616,20251202,1004,2095,3048,3,1727.72,59.14,239.66,61,3.9,Delivered
56617,20250712,1412,2105,3089,3,1124.92,23.67,55.5,35,3.8,Delivered
56618,20241226,1333,2029,3065,3,2264.58,61.59,0.0,34,3.2,Delivered
56619,20250502,1270,2071,3029,5,3903.51,50.14,0.0,49,4.4,Delivered
56620,20241217,1335,2109,3094,1,171.55,45.62,0.0,43,4.3,Delivered
56621,20251201,1749,2040,3115,1,284.19,31.25,23.16,62,4.5,Delivered
56622,20240912,1731,2043,3143,2,1067.44,26.74,0.0,19,3.2,Delivered
56623,20240809,1032,2104,3053,3,2636.52,56.17,0.0,24,4.8,Delivered
56624,20240101,1718,2027,3049,1,277.02,68.33,79.3,54,3.2,Delivered
56625,20250629,1707,2070,3089,2,1153.78,25.35,0.0,62,3.9,Delivered
56626,20250321,1082,2001,3061,4,1558.5,42.42,184.78,56,3.1,Delivered
56627,20240319,1183,2034,3130,5,3205.0,75.3,0.0,48,4.9,Delivered
56628,20240823,1273,2086,3117,2,389.08,61.26,187.74,24,3.4,Delivered
56629,20241129,1362,2089,3085,1,454.0,48.16,88.86,41,,Cancelled
56630,20241214,1299,2082,3140,5,3082.16,52.89,124.14,19,4.2,Delivered
56631,20240407,1306,2030,3061,5,1176.21,69.81,0.0,22,3.6,Delivered
56632,20240322,1360,2085,3077,1,521.21,42.44,0.0,45,4.2,Delivered
56633,20250516,1083,2087,3005,4,2730.66,35.42,226.86,19,3.2,Delivered
56634,20250421,1731,2077,3017,4,2988.03,36.86,131.31,60,4.0,Delivered
56635,20251204,1577,2101,3107,1,689.19,37.16,136.62,64,4.9,Delivered
56636,20250703,1022,2021,3036,5,2443.22,63.36,0.0,47,4.6,Delivered
56637,20240114,1250,2107,3073,2,648.03,31.43,138.17,23,4.9,Delivered
56638,20250126,1091,2105,3126,2,547.48,42.16,228.77,61,4.2,Delivered
56639,20241212,1204,2116,3099,3,1880.26,32.16,0.0,26,,Cancelled
56640,20241105,1271,2016,3044,2,1697.66,71.61,27.72,53,,Cancelled
56641,20250120,1734,2006,3036,3,1679.39,27.35,60.04,32,4.0,Delivered
56642,20240727,1168,2033,3121,1,611.62,21.06,0.0,36,3.6,Delivered
56643,20241222,1799,2077,3017,4,1544.54,60.61,0.0,23,3.5,Delivered
56644,20250823,1721,2013,3126,3,2435.83,71.2,36.1,29,3.3,Delivered
56645,20250721,1536,2072,3132,5,2468.2,45.79,0.0,62,5.0,Delivered
56646,20240403,1419,2085,3038,4,1421.63,28.28,72.54,20,3.7,Delivered
56647,20240402,1685,2096,3131,4,2162.14,25.14,82.31,31,3.8,Delivered
56648,20241205,1511,2074,3057,4,3030.03,65.28,0.0,42,4.4,Delivered
56649,20250819,1042,2090,3119,1,752.97,74.21,211.67,53,,Cancelled
56650,20250320,1121,2082,3085,5,1244.35,53.38,0.0,27,3.4,Delivered
56651,20240122,1341,2098,3008,4,691.6,17.7,173.55,59,,Cancelled
56652,20241017,1210,2043,3138,4,3515.18,27.6,134.13,44,3.9,Delivered
56653,20250429,1218,2091,3115,3,1203.7,22.59,0.0,46,5.0,Delivered
56654,20241101,1087,2054,3037,5,3493.17,55.59,0.0,33,4.8,Delivered
56655,20250925,1092,2093,3085,1,634.03,27.75,55.52,64,4.1,Delivered
56656,20240507,1664,2033,3021,4,3045.54,40.48,0.0,65,4.1,Delivered
56657,20250916,1161,2008,3083,1,894.16,73.08,234.92,38,3.3,Delivered
56658,20240929,1156,2091,3001,1,229.06,36.52,180.22,23,3.2,Delivered
56659,20250317,1619,2016,3035,4,3027.92,36.93,128.55,46,3.4,Delivered
56660,20250517,1224,2094,3137,1,235.08,24.58,0.0,52,4.0,Delivered
56661,20240509,1408,2117,3132,1,352.52,58.57,215.76,58,3.9,Delivered
56662,20240511,1696,2103,3041,4,1558.58,38.1,0.0,50,3.5,Delivered
56663,20250819,1323,2048,3058,5,4071.15,76.78,158.14,58,4.7,Delivered
56664,20250426,1039,2115,3025,4,2321.21,50.66,90.36,50,4.9,Delivered
56665,20250124,1316,2114,3117,5,2917.48,71.31,162.96,37,4.7,Delivered
56666,20250815,1342,2099,3084,4,716.33,75.52,201.33,54,4.2,Delivered
56667,20241120,1740,2090,3124,1,409.03,51.77,0.0,54,3.4,Delivered
56668,20240309,1623,2012,3042,1,746.37,18.32,134.32,50,3.7,Delivered
56669,20251021,1052,2102,3048,1,272.1,76.98,0.0,47,3.7,Delivered
56670,20250323,1288,2041,3118,5,2599.44,34.99,0.0,63,4.9,Delivered
56671,20250611,1424,2110,3135,4,2363.82,39.29,0.0,33,3.7,Delivered
56672,20250908,1209,2045,3007,5,2659.75,79.04,79.81,19,3.2,Delivered
56673,20240613,1222,2103,3082,2,1029.33,58.66,0.0,25,4.7,Delivered
56674,20250502,1790,2095,3082,3,1127.44,48.43,82.46,40,4.4,Delivered
56675,20251213,1739,2001,3019,4,2694.41,40.28,24.21,52,3.0,Delivered
56676,20251209,1117,2046,3015,1,335.1,69.99,130.87,49,4.9,Delivered
56677,20250301,1447,2084,3060,3,2565.19,66.26,182.28,18,4.7,Delivered
56678,20251127,1184,2050,3144,2,385.53,76.15,29.14,37,3.6,Delivered
56679,20240921,1673,2106,3016,1,226.94,77.06,37.32,63,,Cancelled
56680,20250903,1761,2022,3104,2,1650.04,19.51,0.0,39,3.1,Delivered
56681,20241207,1300,2065,3051,2,1200.13,25.37,0.0,45,3.8,Delivered
56682,20251226,1274,2020,3006,4,1915.89,54.67,0.0,50,3.4,Delivered
56683,20241004,1332,2085,3012,2,609.44,33.34,0.0,65,4.0,Delivered
56684,20251104,1012,2047,3106,3,878.84,57.88,223.31,18,3.9,Delivered
56685,20250314,1406,2006,3004,1,200.43,48.49,0.0,21,4.4,Delivered
56686,20240605,1259,2097,3064,4,2692.35,32.32,72.54,42,4.6,Delivered
56687,20250225,1632,2055,3068,1,378.62,25.25,0.0,19,4.0,Delivered
56688,20240907,1059,2008,3119,2,656.63,55.58,197.98,54,4.3,Delivered
56689,20250831,1266,2085,3090,3,2642.6,46.89,174.43,27,3.3,Delivered
56690,20250613,1505,2029,3132,5,3425.13,20.64,0.0,32,4.9,Delivered
56691,20241122,1218,2023,3028,4,815.76,33.76,112.67,19,4.2,Delivered
56692,20240406,1130,2008,3144,2,1667.18,75.06,0.0,64,4.2,Delivered
56693,20250527,1380,2002,3021,5,1379.68,42.92,39.2,55,3.6,Delivered
56694,20240803,1615,2057,3143,2,1242.95,25.15,140.14,39,3.1,Delivered
56695,20240511,1668,2015,3132,3,2395.6,32.56,58.92,45,4.5,Delivered
56696,20240916,1559,2099,3103,1,372.99,60.04,0.0,44,3.3,Delivered
56697,20240504,1328,2085,3089,1,803.14,31.01,0.0,64,3.3,Delivered
56698,20240322,1246,2072,3105,4,3299.32,15.66,225.43,40,3.4,Delivered
56699,20241009,1692,2094,3069,2,1225.09,45.04,130.55,48,4.6,Delivered
56700,20251113,1302,2027,3015,5,3683.16,74.21,133.38,29,4.5,Delivered
56701,20240228,1106,2067,3128,3,829.97,19.69,137.29,52,4.3,Delivered
56702,20250627,1074,2051,3029,1,250.22,78.39,0.0,28,4.4,Delivered
56703,20240609,1550,2090,3024,5,3999.87,51.87,0.0,36,4.7,Delivered
56704,20241010,1787,2092,3049,5,1024.72,41.46,91.68,53,4.7,Delivered
56705,20240415,1556,2047,3035,3,1353.8,74.34,0.0,53,4.7,Delivered
56706,20240414,1142,2059,3032,2,514.8,47.72,201.97,35,3.1,Delivered
56707,20250314,1026,2112,3056,2,713.85,37.58,37.07,43,4.3,Delivered
56708,20240815,1293,2023,3053,5,3521.87,26.85,0.0,39,3.7,Delivered
56709,20251130,1101,2015,3078,2,1053.49,72.23,187.73,37,4.0,Delivered
56710,20250804,1267,2010,3022,1,465.25,74.76,153.69,65,3.5,Delivered
56711,20241113,1578,2042,3112,4,976.51,64.94,0.0,61,3.4,Delivered
56712,20250408,1529,2046,3014,4,2220.16,23.94,0.0,30,4.7,Delivered
56713,20250821,1519,2077,3147,3,1911.98,16.24,35.61,41,4.1,Delivered
56714,20250416,1513,2096,3128,4,1257.17,75.33,146.8,26,4.7,Delivered
56715,20240225,1247,2025,3091,3,2361.92,66.28,33.15,65,3.0,Delivered
56716,20250916,1312,2034,3043,4,2527.89,51.15,0.0,20,4.1,Delivered
56717,20240113,1074,2005,3049,3,925.07,20.54,167.13,51,3.5,Delivered
56718,20250315,1316,2114,3073,2,1720.35,22.2,0.0,44,3.8,Delivered
56719,20240118,1209,2035,3114,1,270.53,60.54,143.96,51,3.2,Delivered
56720,20251124,1175,2091,3063,5,2647.09,43.24,0.0,60,4.7,Delivered
56721,20240422,1796,2025,3036,4,2255.79,74.9,239.58,34,4.1,Delivered
56722,20240816,1381,2102,3062,2,1749.34,19.48,204.73,33,3.4,Delivered
56723,20240619,1708,2110,3013,4,1765.86,33.52,167.05,30,4.4,Delivered
56724,20241021,1344,2039,3124,2,378.67,76.27,0.0,47,4.6,Delivered
56725,20240707,1222,2009,3024,3,2252.95,19.19,119.88,39,3.8,Delivered
56726,20250301,1353,2044,3109,1,820.49,39.89,231.61,60,3.9,Delivered
56727,20240319,1573,2074,3020,4,3147.97,62.58,116.03,22,4.1,Delivered
56728,20251019,1172,2089,3149,5,2178.23,63.68,42.06,48,3.9,Delivered
56729,20240630,1271,2044,3042,5,3447.8,62.5,54.37,62,4.9,Delivered
56730,20250513,1701,2042,3131,4,1206.94,54.92,45.72,57,4.2,Delivered
56731,20251208,1626,2002,3141,4,3119.7,21.87,202.88,36,4.3,Delivered
56732,20240311,1566,2005,3040,3,1700.75,32.32,229.47,53,3.6,Delivered
56733,20240904,1383,2085,3042,3,2345.79,40.46,0.0,51,4.7,Delivered
56734,20240525,1605,2025,3025,3,1499.08,76.58,152.37,64,3.9,Delivered
56735,20250909,1356,2025,3125,5,3992.57,44.38,0.0,56,,Cancelled
56736,20241022,1428,2077,3092,2,1094.12,27.23,0.0,19,4.6,Delivered
56737,20250804,1429,2069,3085,2,1585.02,41.18,200.14,56,3.8,Delivered
56738,20250414,1547,2094,3146,5,1815.23,65.13,0.0,54,4.0,Delivered
56739,20250520,1047,2061,3005,4,1699.43,70.83,0.0,24,4.7,Delivered
56740,20240711,1637,2091,3072,4,1669.2,43.1,0.0,58,4.3,Delivered
56741,20240308,1087,2014,3093,4,2916.65,67.22,0.0,38,3.4,Delivered
56742,20250508,1297,2026,3087,3,2297.34,22.66,0.0,55,3.8,Delivered
56743,20240221,1341,2070,3136,2,949.95,75.03,115.52,28,3.9,Delivered
56744,20241228,1537,2032,3125,5,3362.69,26.38,0.0,29,3.4,Delivered
56745,20250418,1617,2020,3136,4,1198.35,26.33,149.83,30,4.0,Delivered
56746,20250604,1004,2061,3060,1,715.78,45.73,0.0,62,3.3,Delivered
56747,20250306,1078,2017,3099,4,961.79,20.61,0.0,37,3.9,Delivered
56748,20241024,1033,2036,3139,1,204.68,28.74,162.29,61,4.5,Delivered
56749,20250310,1272,2046,3127,3,1992.94,39.82,87.31,42,4.4,Delivered
56750,20251126,1349,2049,3044,3,544.89,40.57,119.25,28,4.8,Delivered
56751,20251121,1742,2120,3009,1,173.67,57.48,95.39,43,4.6,Delivered
56752,20240716,1762,2077,3078,5,1433.79,63.04,0.0,21,3.8,Delivered
56753,20240507,1079,2057,3015,3,2072.36,44.37,163.51,59,3.5,Delivered
56754,20250615,1774,2004,3020,1,212.23,74.79,0.0,27,3.8,Delivered
56755,20250214,1489,2026,3130,5,2502.08,47.47,0.0,35,3.9,Delivered
56756,20240305,1770,2017,3007,5,4478.76,58.03,0.0,63,4.1,Delivered
56757,20251124,1753,2002,3054,4,2431.8,43.19,0.0,24,3.1,Delivered
56758,20240828,1627,2045,3102,4,2689.41,40.82,136.71,41,4.1,Delivered
56759,20250103,1338,2009,3025,1,454.78,59.45,115.48,32,3.8,Delivered
56760,20250619,1721,2087,3143,2,550.64,70.89,240.76,20,4.7,Delivered
56761,20250118,1709,2115,3149,1,254.53,60.38,0.0,19,4.9,Delivered
56762,20250306,1693,2031,3107,2,1203.42,73.04,79.85,51,4.4,Delivered
56763,20240323,1650,2002,3065,4,618.91,24.45,174.59,62,3.0,Delivered
56764,20251127,1549,2105,3007,4,2299.25,35.2,217.01,36,4.3,Delivered
56765,20250902,1076,2050,3001,4,3068.1,20.81,106.62,56,3.2,Delivered
56766,20250727,1148,2083,3068,2,1781.79,55.34,74.24,18,4.4,Delivered
56767,20241012,1780,2036,3129,5,2562.31,27.63,0.0,24,4.7,Delivered
56768,20250617,1638,2004,3131,5,3399.0,39.6,243.93,48,4.7,Delivered
56769,20250403,1629,2094,3149,3,1932.26,69.93,187.76,52,4.4,Delivered
56770,20240730,1269,2090,3141,5,819.49,40.65,98.57,48,4.2,Delivered
56771,20240505,1105,2099,3134,1,600.56,65.67,0.0,20,4.1,Delivered
56772,20250216,1281,2033,3026,5,980.31,22.22,100.45,53,3.8,Delivered
56773,20250513,1358,2027,3100,4,2073.84,25.18,0.0,42,4.5,Delivered
56774,20250228,1281,2007,3094,2,1741.04,21.24,0.0,61,4.6,Delivered
56775,20250707,1324,2117,3106,5,4463.55,26.78,0.0,55,4.8,Delivered
56776,20250901,1662,2117,3062,3,2231.0,41.0,80.64,23,4.1,Delivered
56777,20250626,1641,2073,3068,2,1340.14,46.89,50.88,42,3.6,Delivered
56778,20240606,1542,2009,3048,5,2199.96,51.45,146.9,40,3.7,Delivered
56779,20240421,1787,2119,3150,5,1195.59,66.7,70.46,63,3.6,Delivered
56780,20250205,1134,2113,3149,4,2807.94,26.37,0.0,51,4.1,Delivered
56781,20240501,1219,2021,3063,1,755.86,49.21,123.93,25,3.4,Delivered
56782,20240929,1157,2016,3129,5,3444.29,78.87,0.0,27,4.8,Delivered
56783,20241020,1304,2107,3036,3,1494.62,51.97,0.0,41,3.6,Delivered
56784,20250201,1227,2117,3081,1,519.37,69.73,62.98,65,4.2,Delivered
56785,20250415,1047,2067,3148,3,2043.9,55.0,191.56,22,4.8,Delivered
56786,20240725,1231,2060,3052,1,696.37,79.26,0.0,48,4.4,Delivered
56787,20240419,1587,2010,3080,1,437.19,45.88,41.24,49,3.3,Delivered
56788,20250315,1140,2026,3130,3,628.34,21.34,0.0,52,4.1,Delivered
56789,20241004,1766,2060,3087,2,328.04,20.63,200.53,63,3.2,Delivered
56790,20250721,1608,2100,3143,5,1641.66,69.81,205.76,39,3.5,Delivered
56791,20250722,1439,2004,3100,1,657.99,25.89,182.56,21,3.5,Delivered
56792,20250426,1585,2097,3131,2,1182.18,45.67,52.81,29,4.9,Delivered
56793,20240423,1694,2013,3018,1,307.79,34.67,236.76,32,4.3,Delivered
56794,20250421,1471,2100,3007,5,4112.04,63.18,0.0,48,4.5,Delivered
56795,20251210,1419,2089,3114,5,2350.88,44.69,56.17,20,3.9,Delivered
56796,20241116,1511,2074,3102,3,785.65,53.15,76.55,22,4.0,Delivered
56797,20240627,1469,2086,3060,3,2584.19,44.94,71.93,59,4.1,Delivered
56798,20240806,1102,2103,3024,3,2269.46,31.43,47.93,28,3.4,Delivered
56799,20250611,1485,2025,3140,3,543.26,47.91,105.79,41,4.8,Delivered
56800,20250506,1094,2090,3064,1,544.14,21.72,159.45,24,,Cancelled
56801,20240301,1004,2095,3133,5,3241.51,20.21,0.0,56,4.6,Delivered
56802,20240223,1272,2046,3072,5,2375.08,15.72,0.0,65,3.3,Delivered
56803,20251110,1593,2109,3044,3,1014.51,36.49,218.75,50,4.1,Delivered
56804,20250621,1052,2005,3021,4,2981.7,23.41,0.0,48,4.6,Delivered
56805,20240305,1491,2058,3044,1,158.67,66.55,231.72,27,4.2,Delivered
56806,20250903,1766,2056,3103,5,4013.67,33.52,130.48,55,3.4,Delivered
56807,20250808,1646,2058,3014,4,2279.39,72.45,40.44,62,4.3,Delivered
56808,20251204,1690,2045,3001,4,1462.43,47.08,46.42,58,3.6,Delivered
56809,20240619,1268,2015,3106,1,599.46,71.7,106.65,33,3.8,Delivered
56810,20240929,1408,2090,3003,4,795.6,22.45,204.64,59,4.0,Delivered
56811,20251129,1509,2071,3053,3,818.88,41.59,0.0,47,3.4,Delivered
56812,20250618,1612,2098,3113,4,2744.37,68.63,243.27,49,4.4,Delivered
56813,20250125,1110,2049,3004,1,727.79,49.68,0.0,54,3.3,Delivered
56814,20251123,1657,2043,3139,3,2618.3,73.39,95.77,41,5.0,Delivered
56815,20241122,1268,2096,3032,1,326.79,75.64,72.08,65,4.8,Delivered
56816,20240417,1731,2006,3104,2,500.08,29.26,0.0,40,4.2,Delivered
56817,20240610,1236,2084,3043,5,2686.85,67.8,64.88,48,3.3,Delivered
56818,20250327,1743,2029,3035,1,381.01,70.65,232.52,50,4.4,Delivered
56819,20240724,1117,2114,3020,2,998.07,55.6,0.0,38,4.9,Delivered
56820,20250812,1399,2020,3117,3,2101.05,25.55,201.64,34,3.4,Delivered
56821,20240116,1362,2089,3146,3,1545.62,63.18,0.0,62,4.7,Delivered
56822,20241122,1444,2110,3105,1,463.37,62.3,139.08,27,3.3,Delivered
56823,20250830,1297,2026,3069,2,895.33,76.68,73.41,19,4.3,Delivered
56824,20251020,1487,2066,3106,5,2585.07,50.33,0.0,30,4.8,Delivered
56825,20240102,1395,2053,3146,1,671.07,55.76,206.37,39,4.7,Delivered
56826,20240110,1396,2068,3144,2,1105.38,18.1,0.0,52,3.1,Delivered
56827,20250309,1795,2030,3145,1,813.19,62.34,76.1,45,5.0,Delivered
56828,20240504,1241,2107,3119,4,2377.89,77.76,0.0,65,4.0,Delivered
56829,20240321,1229,2096,3109,3,554.43,30.69,168.14,20,3.2,Delivered
56830,20250429,1539,2044,3017,5,1882.47,40.21,0.0,29,4.1,Delivered
56831,20251013,1267,2007,3082,3,1364.41,77.17,0.0,45,4.7,Delivered
56832,20240529,1561,2047,3020,1,865.62,24.54,0.0,64,4.0,Delivered
56833,20241205,1327,2090,3126,5,3216.07,70.45,0.0,29,,Cancelled
56834,20240508,1039,2103,3064,5,1010.24,19.82,26.29,27,4.2,Delivered
56835,20250313,1175,2110,3032,3,2475.86,79.89,0.0,58,4.3,Delivered
56836,20250515,1721,2100,3106,3,1298.22,17.29,75.94,34,4.5,Delivered
56837,20240227,1482,2095,3067,4,1811.93,32.28,0.0,34,3.8,Delivered
56838,20240716,1679,2106,3060,3,1180.92,41.19,0.0,31,,Cancelled
56839,20240729,1011,2006,3143,4,1223.29,29.48,0.0,18,3.2,Delivered
56840,20240214,1573,2081,3143,4,3036.65,57.39,0.0,41,4.3,Delivered
56841,20240406,1207,2036,3005,1,886.34,67.48,229.03,23,3.0,Delivered
56842,20241005,1211,2090,3069,1,231.46,18.35,0.0,60,3.2,Delivered
56843,20250618,1767,2036,3013,4,2801.35,37.62,0.0,44,3.9,Delivered
56844,20250213,1366,2084,3080,4,711.66,56.62,79.96,48,4.9,Delivered
56845,20250405,1273,2026,3114,3,632.42,70.9,74.28,40,3.9,Delivered
56846,20250125,1518,2043,3137,2,489.03,34.53,176.64,43,3.1,Delivered
56847,20240213,1160,2009,3070,4,1520.62,15.09,228.58,23,3.8,Delivered
56848,20240127,1305,2053,3102,5,1599.14,34.34,0.0,52,3.7,Delivered
56849,20240406,1400,2003,3106,3,577.61,54.35,91.49,43,3.0,Delivered
56850,20250701,1082,2028,3014,3,1319.92,53.84,104.86,38,4.5,Delivered
56851,20250912,1421,2001,3050,5,3841.9,42.85,0.0,22,3.6,Delivered
56852,20250720,1676,2104,3023,1,887.71,26.62,0.0,19,3.1,Delivered
56853,20251204,1322,2117,3115,1,417.99,61.68,0.0,35,3.2,Delivered
56854,20240806,1726,2094,3020,1,494.26,34.54,0.0,34,3.0,Delivered
56855,20240703,1433,2099,3121,2,745.67,53.93,0.0,59,3.9,Delivered
56856,20240309,1216,2004,3119,5,2529.88,30.56,86.43,46,3.1,Delivered
56857,20240509,1365,2067,3147,4,1277.69,40.36,133.4,22,3.9,Delivered
56858,20250720,1618,2106,3139,5,2615.15,28.58,229.28,61,4.9,Delivered
56859,20250831,1323,2051,3012,3,1650.4,36.04,219.7,65,3.7,Delivered
56860,20250821,1487,2049,3014,3,1058.07,75.42,0.0,36,4.0,Delivered
56861,20250922,1705,2073,3101,3,979.39,51.3,246.48,43,3.9,Delivered
56862,20251220,1572,2071,3055,3,1913.24,62.98,0.0,41,4.8,Delivered
56863,20241129,1621,2086,3095,1,575.83,31.13,175.79,49,4.0,Delivered
56864,20240602,1234,2064,3148,1,225.68,49.4,239.96,18,3.4,Delivered
56865,20250630,1028,2027,3086,3,1621.31,55.78,0.0,63,3.4,Delivered
56866,20240319,1620,2060,3117,5,2208.64,71.32,0.0,34,4.5,Delivered
56867,20250801,1527,2059,3062,1,606.19,50.64,101.44,38,3.2,Delivered
56868,20250216,1543,2021,3148,5,1639.43,44.76,0.0,41,4.0,Delivered
56869,20250629,1066,2107,3115,1,243.36,53.32,83.46,19,3.4,Delivered
56870,20250831,1575,2017,3101,5,1667.39,25.05,0.0,24,3.5,Delivered
56871,20240617,1423,2019,3139,3,2142.78,69.2,139.5,58,3.1,Delivered
56872,20251111,1631,2014,3037,3,872.03,16.34,90.47,45,3.9,Delivered
56873,20251024,1468,2106,3149,2,764.85,18.5,0.0,65,3.9,Delivered
56874,20250805,1762,2016,3112,2,1574.67,36.87,0.0,36,5.0,Delivered
56875,20250529,1682,2001,3023,2,589.42,65.97,158.13,22,4.4,Delivered
56876,20241109,1363,2111,3089,1,566.49,17.64,47.03,52,3.4,Delivered
56877,20240201,1135,2055,3038,5,847.86,47.47,0.0,53,4.6,Delivered
56878,20241013,1495,2101,3103,1,794.15,75.04,179.0,18,3.8,Delivered
56879,20250816,1419,2097,3062,4,3424.34,75.51,137.15,30,3.9,Delivered
56880,20240212,1073,2024,3102,1,598.06,19.29,69.17,29,4.6,Delivered
56881,20250908,1148,2061,3105,5,3547.99,18.54,44.86,37,4.2,Delivered
56882,20240101,1556,2019,3026,3,1297.36,32.24,162.98,60,4.8,Delivered
56883,20250726,1261,2006,3145,2,1188.81,26.57,207.64,41,3.0,Delivered
56884,20240926,1070,2066,3015,3,2183.89,33.29,0.0,44,3.0,Delivered
56885,20240628,1257,2103,3128,2,573.74,22.26,0.0,64,3.8,Delivered
56886,20250601,1637,2100,3119,5,4349.29,22.18,0.0,32,3.6,Delivered
56887,20240412,1066,2107,3057,3,1267.81,50.35,0.0,63,3.9,Delivered
56888,20240110,1044,2082,3122,4,3406.89,66.44,0.0,26,3.5,Delivered
56889,20250805,1424,2063,3024,4,2032.43,55.91,182.47,62,3.0,Delivered
56890,20240330,1395,2022,3001,1,190.02,40.55,224.07,35,3.4,Delivered
56891,20240813,1796,2025,3105,3,1926.85,79.83,129.61,55,3.8,Delivered
56892,20251031,1763,2038,3124,2,857.82,20.86,133.08,49,4.9,Delivered
56893,20240505,1534,2066,3089,1,422.06,38.28,0.0,40,4.8,Delivered
56894,20240727,1202,2089,3045,4,1193.73,50.53,79.19,56,3.1,Delivered
56895,20240406,1454,2097,3124,1,843.16,74.39,0.0,22,3.9,Delivered
56896,20240314,1401,2049,3028,4,2975.77,72.22,0.0,41,3.7,Delivered
56897,20250918,1386,2118,3149,4,2232.12,23.41,0.0,50,3.6,Delivered
56898,20240709,1343,2064,3052,1,513.05,46.61,188.98,58,5.0,Delivered
56899,20251112,1251,2035,3073,5,1710.78,78.87,171.66,48,4.1,Delivered
56900,20251216,1494,2032,3002,1,301.94,55.99,0.0,51,,Cancelled
56901,20240225,1785,2085,3125,5,3256.32,51.83,135.86,59,3.3,Delivered
56902,20251220,1204,2027,3021,2,1334.93,72.19,0.0,37,3.7,Delivered
56903,20250706,1590,2091,3051,3,457.17,28.72,127.09,20,4.0,Delivered
56904,20240201,1362,2002,3010,1,316.34,32.81,0.0,28,4.1,Delivered
56905,20250610,1116,2031,3036,2,1044.32,58.24,0.0,35,3.6,Delivered
56906,20250727,1051,2006,3061,4,3236.92,31.96,0.0,34,4.7,Delivered
56907,20251028,1225,2045,3080,5,1204.62,76.68,0.0,41,3.3,Delivered
56908,20241010,1103,2052,3048,1,884.0,72.41,0.0,55,4.1,Delivered
56909,20251221,1737,2056,3070,1,272.96,51.46,117.9,44,4.0,Delivered
56910,20250508,1559,2019,3010,5,4421.25,39.14,0.0,22,4.2,Delivered
56911,20240705,1697,2090,3058,2,558.98,66.72,185.62,41,3.4,Delivered
56912,20250512,1340,2089,3084,4,1806.39,69.15,0.0,23,,Cancelled
56913,20250317,1598,2114,3063,2,1545.97,46.26,0.0,21,3.6,Delivered
56914,20240509,1431,2085,3030,3,856.12,76.75,0.0,63,3.5,Delivered
56915,20250930,1491,2015,3024,3,2392.39,64.38,48.16,32,3.4,Delivered
56916,20241018,1357,2090,3106,1,454.86,48.01,0.0,43,4.1,Delivered
56917,20240423,1224,2045,3008,3,2107.5,78.21,0.0,40,4.3,Delivered
56918,20240717,1472,2016,3035,1,743.01,31.29,53.36,22,3.9,Delivered
56919,20240113,1608,2099,3145,1,510.13,74.23,41.4,28,3.3,Delivered
56920,20240927,1258,2066,3044,2,1210.99,33.46,246.52,30,,Cancelled
56921,20250823,1465,2036,3130,5,2270.43,33.33,0.0,36,3.2,Delivered
56922,20240802,1328,2097,3137,1,736.37,48.74,0.0,64,4.5,Delivered
56923,20250319,1129,2033,3103,1,648.56,16.24,159.24,47,3.8,Delivered
56924,20250526,1137,2080,3137,1,672.04,55.01,155.98,55,4.2,Delivered
56925,20250322,1164,2084,3100,3,2111.52,21.84,0.0,49,4.7,Delivered
56926,20251215,1643,2088,3073,5,2472.24,74.04,0.0,62,4.4,Delivered
56927,20240314,1798,2059,3067,4,3142.77,43.18,35.49,21,4.1,Delivered
56928,20250620,1050,2113,3003,4,1891.24,36.44,206.78,64,3.4,Delivered
56929,20240410,1226,2040,3106,2,1747.99,24.49,248.53,51,4.2,Delivered
56930,20240624,1480,2035,3040,1,199.49,33.75,218.1,62,3.7,Delivered
56931,20250302,1768,2008,3139,1,449.22,20.81,200.58,52,3.2,Delivered
56932,20240426,1167,2017,3089,4,2635.22,69.86,196.81,49,4.0,Delivered
56933,20240614,1735,2040,3038,1,569.62,54.96,93.69,43,3.9,Delivered
56934,20240210,1645,2109,3082,4,2576.56,35.57,0.0,19,3.2,Delivered
56935,20250304,1452,2051,3119,2,1441.14,40.02,0.0,30,4.6,Delivered
56936,20241209,1765,2090,3148,4,2363.43,29.29,0.0,58,4.6,Delivered
56937,20250227,1389,2058,3030,4,665.72,34.0,44.45,22,3.3,Delivered
56938,20241231,1284,2045,3109,3,2440.19,48.75,0.0,46,4.1,Delivered
56939,20240429,1135,2066,3035,2,366.36,62.48,143.57,43,,Cancelled
56940,20250831,1615,2074,3117,1,356.21,71.99,151.97,65,3.3,Delivered
56941,20251018,1029,2066,3027,5,4354.86,51.91,54.64,63,3.9,Delivered
56942,20251228,1467,2029,3021,2,478.17,70.67,21.27,30,3.9,Delivered
56943,20240816,1387,2050,3070,4,3005.8,40.8,0.0,41,,Cancelled
56944,20240509,1733,2100,3145,5,3178.12,28.9,103.68,19,3.6,Delivered
56945,20241217,1522,2007,3141,2,1008.96,68.69,78.75,21,,Cancelled
56946,20241113,1475,2060,3012,5,1514.05,24.02,185.15,34,4.7,Delivered
56947,20251010,1706,2060,3128,1,358.7,24.68,0.0,37,4.4,Delivered
56948,20241202,1213,2052,3128,1,832.58,76.58,0.0,31,4.2,Delivered
56949,20240929,1180,2112,3022,1,176.79,15.1,0.0,62,4.9,Delivered
56950,20240426,1345,2003,3021,5,3414.05,51.56,247.49,49,4.1,Delivered
56951,20250102,1745,2053,3016,4,2028.27,25.93,0.0,65,3.3,Delivered
56952,20240403,1416,2102,3042,3,1088.2,23.21,40.07,54,3.3,Delivered
56953,20240616,1672,2022,3041,1,821.49,70.47,249.21,20,3.4,Delivered
56954,20251215,1108,2084,3013,3,2301.66,47.3,0.0,55,3.2,Delivered
56955,20241206,1715,2101,3138,5,3952.52,65.46,0.0,30,3.9,Delivered
56956,20251022,1554,2002,3121,3,2301.62,72.28,199.96,39,3.6,Delivered
56957,20251125,1387,2105,3044,1,742.38,47.11,0.0,40,4.2,Delivered
56958,20240531,1721,2091,3121,4,2155.33,77.4,0.0,35,4.4,Delivered
56959,20250808,1227,2090,3024,3,1386.67,25.16,121.05,30,4.1,Delivered
56960,20240930,1742,2047,3126,3,821.44,33.11,0.0,47,4.4,Delivered
56961,20250707,1787,2075,3135,4,1478.11,50.37,108.97,37,4.9,Delivered
56962,20250510,1128,2095,3016,4,1906.43,37.42,0.0,23,4.3,Delivered
56963,20251224,1484,2020,3052,1,267.73,79.44,166.47,53,4.4,Delivered
56964,20240410,1243,2044,3006,1,492.23,52.99,0.0,43,4.8,Delivered
56965,20250710,1420,2055,3049,2,913.06,32.63,0.0,29,3.3,Delivered
56966,20240322,1425,2113,3098,4,1184.76,17.26,0.0,55,3.5,Delivered
56967,20250612,1619,2029,3116,2,1177.67,15.27,191.82,40,4.7,Delivered
56968,20240313,1529,2112,3022,4,1456.17,63.43,238.35,63,3.3,Delivered
56969,20240114,1317,2082,3102,3,2230.49,23.94,194.65,49,3.1,Delivered
56970,20250308,1276,2084,3088,5,2885.26,35.07,28.53,42,3.4,Delivered
56971,20240605,1431,2117,3051,3,2544.97,52.49,188.24,22,4.4,Delivered
56972,20240511,1439,2049,3014,2,722.36,31.53,54.08,23,3.0,Delivered
56973,20241203,1709,2112,3021,5,3650.19,58.13,218.59,37,4.7,Delivered
56974,20250207,1143,2077,3100,1,520.96,70.17,64.08,36,3.2,Delivered
56975,20250110,1353,2006,3001,2,1390.82,42.05,52.88,37,4.1,Delivered
56976,20250712,1464,2103,3082,2,1546.54,67.91,0.0,24,4.8,Delivered
56977,20240416,1394,2052,3018,1,745.25,76.82,84.44,54,3.3,Delivered
56978,20250911,1753,2008,3126,1,349.57,73.27,166.55,63,3.9,Delivered
56979,20240921,1461,2026,3046,4,3349.53,67.9,70.19,20,3.3,Delivered
56980,20240723,1269,2002,3067,1,439.25,47.12,75.43,58,4.4,Delivered
56981,20240319,1573,2009,3133,5,1774.44,44.94,127.54,44,4.3,Delivered
56982,20240603,1089,2077,3005,4,1731.39,77.67,235.17,63,3.6,Delivered
56983,20240903,1357,2117,3061,5,1136.96,66.0,230.88,35,3.4,Delivered
56984,20250614,1471,2093,3069,3,2202.2,60.61,0.0,65,4.4,Delivered
56985,20250621,1063,2094,3028,3,2073.28,22.8,85.99,43,3.0,Delivered
56986,20251229,1198,2079,3030,5,2676.35,69.38,92.54,39,3.2,Delivered
56987,20240602,1666,2001,3063,5,4337.34,64.63,0.0,43,3.6,Delivered
56988,20240602,1057,2113,3052,1,552.7,28.29,0.0,47,3.1,Delivered
56989,20251116,1575,2077,3141,3,1482.36,20.93,143.95,52,3.7,Delivered
56990,20240401,1605,2077,3045,5,1994.63,79.93,171.31,35,3.7,Delivered
56991,20250308,1620,2088,3077,2,1666.13,62.14,0.0,56,3.4,Delivered
56992,20241203,1729,2002,3046,2,1332.64,36.62,30.02,38,3.4,Delivered
56993,20250424,1129,2056,3092,1,258.68,38.39,194.18,54,4.2,Delivered
56994,20251123,1268,2058,3073,3,1733.66,54.49,0.0,46,3.8,Delivered
56995,20240510,1419,2097,3099,3,2495.86,22.68,69.85,23,3.9,Delivered
56996,20250325,1161,2008,3128,1,303.47,24.82,146.03,40,3.4,Delivered
56997,20240929,1510,2097,3084,1,807.31,61.07,81.53,25,3.3,Delivered
56998,20250810,1578,2094,3026,1,640.74,70.85,0.0,52,3.1,Delivered
56999,20240625,1589,2097,3116,3,2469.39,26.55,113.94,25,3.5,Delivered
57000,20251126,1036,2009,3057,1,279.76,64.66,106.22,34,4.7,Delivered
57001,20251004,1267,2105,3019,3,1182.97,44.99,0.0,23,3.2,Delivered
57002,20240218,1339,2082,3067,1,302.18,78.07,218.23,29,3.5,Delivered
57003,20250720,1530,2006,3005,4,1738.72,22.23,109.29,30,4.6,Delivered
57004,20251027,1624,2053,3115,2,417.4,70.9,0.0,18,3.0,Delivered
57005,20241220,1678,2017,3070,3,1392.95,37.31,0.0,53,4.1,Delivered
57006,20251212,1203,2032,3065,3,2551.51,42.67,105.62,21,3.6,Delivered
57007,20241103,1080,2012,3111,1,841.07,30.31,0.0,62,3.9,Delivered
57008,20250921,1137,2045,3116,5,1782.44,47.59,0.0,61,4.3,Delivered
57009,20240215,1189,2029,3103,4,1702.56,31.96,52.65,65,3.9,Delivered
57010,20241028,1107,2117,3148,4,864.66,37.12,65.71,51,3.0,Delivered
57011,20250211,1757,2043,3077,3,460.2,62.95,0.0,21,3.3,Delivered
57012,20240707,1331,2008,3063,3,2600.37,78.59,0.0,33,3.8,Delivered
57013,20240508,1225,2094,3067,2,446.73,63.13,232.18,65,4.0,Delivered
57014,20250714,1508,2012,3036,2,606.38,46.81,0.0,25,3.4,Delivered
57015,20250620,1134,2020,3093,3,892.93,66.91,183.45,30,3.5,Delivered
57016,20240922,1075,2042,3115,3,812.66,68.73,0.0,27,4.1,Delivered
57017,20240427,1409,2119,3077,5,1201.51,63.31,0.0,42,3.1,Delivered
57018,20250408,1673,2043,3148,5,3216.46,74.43,84.77,42,3.2,Delivered
57019,20240523,1748,2001,3123,2,805.83,55.16,140.18,55,3.5,Delivered
57020,20250317,1626,2008,3032,3,2541.7,17.89,0.0,52,3.4,Delivered
57021,20240718,1733,2087,3086,5,1679.18,68.06,203.87,57,3.8,Delivered
57022,20240605,1610,2081,3022,2,1608.26,29.96,65.16,25,4.2,Delivered
57023,20250501,1698,2113,3085,4,3367.11,45.6,191.36,40,4.6,Delivered
57024,20240513,1592,2061,3077,4,2749.87,27.49,0.0,25,4.7,Delivered
57025,20240527,1330,2111,3121,5,2292.71,52.86,0.0,48,4.2,Delivered
57026,20241201,1341,2098,3150,3,2533.79,54.4,46.21,44,4.9,Delivered
57027,20240311,1082,2020,3142,3,1619.3,47.21,0.0,54,3.7,Delivered
57028,20240820,1330,2007,3009,1,863.77,32.11,47.98,64,3.6,Delivered
57029,20241129,1402,2084,3017,4,2012.18,47.66,0.0,36,3.1,Delivered
57030,20251027,1438,2105,3024,1,748.01,51.18,122.85,30,4.2,Delivered
57031,20240330,1223,2081,3103,4,930.8,70.63,0.0,26,4.0,Delivered
57032,20241129,1509,2028,3105,3,2509.06,22.62,0.0,50,3.5,Delivered
57033,20240717,1042,2090,3018,3,1826.6,50.28,0.0,56,3.2,Delivered
57034,20240609,1334,2077,3126,1,626.99,34.88,175.09,58,4.6,Delivered
57035,20250621,1211,2090,3097,3,2605.26,40.45,192.61,25,3.4,Delivered
57036,20240430,1339,2112,3052,4,670.8,27.53,125.5,47,4.3,Delivered
57037,20241027,1736,2119,3057,2,844.16,22.21,106.66,26,4.9,Delivered
57038,20251224,1075,2049,3059,3,1607.36,75.27,199.52,58,5.0,Delivered
57039,20250728,1598,2078,3146,5,3227.59,79.72,39.08,61,,Cancelled
57040,20250311,1033,2024,3028,2,1353.22,38.79,0.0,50,3.3,Delivered
57041,20240308,1257,2115,3047,3,1789.54,58.33,201.72,50,4.9,Delivered
57042,20250403,1342,2093,3108,3,802.26,43.53,0.0,20,4.3,Delivered
57043,20250528,1787,2092,3083,5,1813.02,35.43,0.0,36,4.7,Delivered
57044,20250201,1737,2007,3026,3,1112.47,44.39,244.77,29,4.7,Delivered
57045,20250911,1138,2015,3077,5,1164.88,72.22,158.09,54,3.5,Delivered
57046,20241012,1070,2080,3070,3,1971.36,69.85,177.97,45,3.3,Delivered
57047,20250714,1483,2093,3059,1,152.64,78.38,0.0,65,5.0,Delivered
57048,20240519,1771,2021,3085,4,2984.71,39.32,63.45,25,3.8,Delivered
57049,20251230,1351,2045,3083,1,806.7,69.46,178.87,35,4.5,Delivered
57050,20250709,1677,2045,3084,2,1045.23,56.79,0.0,31,3.5,Delivered
57051,20250812,1436,2022,3121,5,2352.99,55.72,0.0,47,4.4,Delivered
57052,20251228,1391,2007,3053,3,2553.64,36.69,79.3,22,4.1,Delivered
57053,20250901,1114,2060,3006,3,1678.94,56.52,61.97,42,3.9,Delivered
57054,20241008,1172,2008,3054,4,1417.96,72.04,0.0,23,3.7,Delivered
57055,20251022,1669,2085,3025,5,4283.63,44.31,148.11,33,4.0,Delivered
57056,20250731,1196,2015,3141,5,2955.98,43.92,174.45,39,4.9,Delivered
57057,20250401,1672,2073,3051,1,602.87,57.96,0.0,34,4.9,Delivered
57058,20240327,1418,2075,3073,4,2580.03,35.82,0.0,36,,Cancelled
57059,20240319,1328,2090,3110,1,222.72,36.73,0.0,34,4.6,Delivered
57060,20240723,1798,2074,3141,4,2280.42,22.38,0.0,53,3.5,Delivered
57061,20241202,1082,2113,3038,1,820.35,53.64,244.1,30,4.5,Delivered
57062,20240910,1375,2028,3099,5,1962.32,37.9,178.1,26,4.5,Delivered
57063,20241030,1682,2095,3106,2,694.34,67.95,0.0,54,4.4,Delivered
57064,20250114,1777,2095,3095,4,2954.17,46.74,227.96,42,3.9,Delivered
57065,20240509,1504,2077,3088,5,4031.61,18.44,0.0,39,3.1,Delivered
57066,20250818,1425,2001,3072,4,1469.29,29.89,0.0,53,3.0,Delivered
57067,20241002,1306,2111,3033,1,644.56,55.32,0.0,35,4.0,Delivered
57068,20251129,1732,2045,3063,5,4079.92,21.58,0.0,30,4.7,Delivered
57069,20250711,1697,2002,3105,4,927.4,25.08,0.0,59,3.1,Delivered
57070,20240701,1180,2041,3006,3,627.58,21.76,222.05,44,4.1,Delivered
57071,20240924,1391,2056,3101,4,1709.75,56.34,0.0,48,3.4,Delivered
57072,20241117,1573,2114,3099,5,2287.42,16.75,0.0,44,,Cancelled
57073,20250526,1148,2067,3060,5,1756.41,70.11,193.74,46,4.2,Delivered
57074,20250903,1182,2024,3047,2,1617.24,58.28,162.49,45,3.2,Delivered
57075,20240318,1558,2117,3004,2,1191.57,67.27,0.0,59,4.2,Delivered
57076,20241204,1778,2062,3075,5,1566.25,35.08,126.47,47,4.0,Delivered
57077,20251104,1040,2117,3119,3,1791.2,25.96,185.49,32,4.6,Delivered
57078,20250709,1073,2053,3096,4,943.56,40.1,0.0,39,3.1,Delivered
57079,20250523,1279,2035,3116,2,1134.24,19.96,0.0,33,4.7,Delivered
57080,20240825,1133,2050,3146,1,173.68,50.54,36.72,56,4.4,Delivered
57081,20240513,1245,2101,3003,2,1009.16,33.52,0.0,18,4.3,Delivered
57082,20240710,1046,2067,3079,3,2020.45,72.01,0.0,61,3.8,Delivered
57083,20241221,1237,2029,3148,2,434.08,51.58,210.3,39,4.8,Delivered
57084,20241004,1699,2034,3090,1,576.2,66.1,103.32,43,4.5,Delivered
57085,20240118,1233,2049,3113,2,406.28,67.36,0.0,29,4.7,Delivered
57086,20250607,1051,2106,3068,1,155.16,48.87,249.96,48,3.6,Delivered
57087,20240628,1628,2067,3083,1,381.23,25.41,0.0,50,4.9,Delivered
57088,20240502,1351,2055,3029,4,2967.12,20.08,241.86,35,3.7,Delivered
57089,20240902,1583,2090,3038,5,2844.54,47.0,186.11,27,4.7,Delivered
57090,20250107,1728,2096,3072,1,593.15,30.39,245.61,48,3.2,Delivered
57091,20240220,1226,2109,3071,1,744.78,67.69,0.0,47,,Cancelled
57092,20240311,1707,2104,3038,3,2380.6,76.06,0.0,38,5.0,Delivered
57093,20250424,1117,2109,3108,1,619.33,16.3,0.0,34,3.9,Delivered
57094,20250713,1204,2038,3005,4,1003.05,67.81,155.16,51,3.2,Delivered
57095,20240119,1489,2086,3107,5,4381.49,63.65,53.22,21,4.7,Delivered
57096,20240324,1740,2097,3058,1,393.12,38.63,245.29,38,4.3,Delivered
57097,20240603,1172,2008,3007,4,3582.32,29.52,0.0,46,3.8,Delivered
57098,20250718,1528,2034,3009,4,2035.54,72.73,77.4,55,3.1,Delivered
57099,20250910,1695,2083,3137,4,2954.39,28.96,60.48,49,3.4,Delivered
57100,20241222,1402,2071,3090,1,420.58,41.2,0.0,65,,Cancelled
57101,20251008,1218,2054,3125,4,1139.65,48.96,108.42,62,3.5,Delivered
57102,20250318,1209,2035,3032,2,1085.32,32.26,219.91,43,4.5,Delivered
57103,20240309,1088,2081,3136,3,1103.84,55.95,209.49,60,4.0,Delivered
57104,20250606,1158,2101,3066,5,1994.3,65.92,136.46,33,,Cancelled
57105,20240522,1691,2002,3050,1,617.62,29.91,174.39,64,3.6,Delivered
57106,20240710,1512,2007,3019,2,442.43,34.48,159.15,62,3.7,Delivered
57107,20250121,1141,2088,3113,3,2407.53,41.96,0.0,34,4.6,Delivered
57108,20250112,1790,2018,3097,3,2693.12,20.96,42.2,64,4.4,Delivered
57109,20250803,1005,2097,3078,4,2903.95,18.57,0.0,21,3.9,Delivered
57110,20250618,1475,2116,3088,1,342.94,66.86,0.0,25,4.8,Delivered
57111,20251123,1388,2047,3067,4,3010.72,71.69,0.0,50,4.7,Delivered
57112,20241019,1253,2081,3030,3,1392.26,62.09,232.73,60,4.3,Delivered
57113,20240109,1623,2092,3039,1,525.6,67.66,0.0,35,3.1,Delivered
57114,20240927,1342,2047,3031,3,978.71,60.01,241.16,47,3.8,Delivered
57115,20250121,1397,2068,3127,5,2338.87,43.92,0.0,35,4.8,Delivered
57116,20240402,1748,2113,3117,5,3361.58,20.81,200.93,38,3.1,Delivered
57117,20250612,1531,2052,3111,3,2224.41,19.38,0.0,36,3.7,Delivered
57118,20240602,1114,2050,3025,4,3289.59,77.34,201.18,27,4.4,Delivered
57119,20250208,1121,2059,3099,3,768.96,42.23,0.0,21,3.9,Delivered
57120,20240528,1003,2040,3005,2,1587.13,24.12,184.07,19,,Cancelled
57121,20240923,1445,2104,3038,4,1365.82,31.88,0.0,23,3.3,Delivered
57122,20250225,1357,2097,3036,3,1696.36,28.57,181.22,53,3.5,Delivered
57123,20250909,1174,2086,3099,1,377.78,39.96,0.0,27,,Cancelled
57124,20250416,1037,2036,3149,4,2301.33,63.59,0.0,64,4.4,Delivered
57125,20250630,1604,2037,3084,1,407.7,50.04,0.0,62,4.8,Delivered
57126,20250922,1510,2089,3011,1,360.56,69.56,0.0,20,4.4,Delivered
57127,20250609,1088,2057,3060,1,579.52,66.54,190.96,23,3.4,Delivered
57128,20250517,1061,2015,3079,2,1160.89,79.83,0.0,42,3.6,Delivered
57129,20240114,1579,2113,3111,1,652.57,51.34,147.29,21,,Cancelled
57130,20251013,1491,2113,3045,4,1502.44,19.86,0.0,39,3.3,Delivered
57131,20241229,1034,2042,3044,4,3225.03,77.66,241.75,61,3.6,Delivered
57132,20240428,1373,2044,3120,3,2282.64,66.63,0.0,58,4.6,Delivered
57133,20240825,1682,2015,3126,2,1119.47,40.11,0.0,33,4.6,Delivered
57134,20250629,1331,2097,3084,5,2960.19,38.31,158.48,47,4.5,Delivered
57135,20240617,1309,2043,3050,4,1702.49,75.58,238.5,36,3.0,Delivered
57136,20250605,1653,2101,3111,5,3965.12,23.22,0.0,39,3.5,Delivered
57137,20250925,1664,2007,3106,1,294.78,60.12,108.61,30,,Cancelled
57138,20251018,1216,2080,3146,1,850.96,31.54,137.88,38,4.4,Delivered
57139,20250530,1026,2069,3044,2,1534.23,55.41,94.46,34,3.3,Delivered
57140,20250131,1090,2033,3124,3,2695.69,73.03,0.0,43,3.3,Delivered
57141,20240415,1261,2006,3111,3,1637.8,28.72,0.0,30,3.4,Delivered
57142,20240325,1676,2070,3013,3,1412.02,29.77,205.64,22,4.3,Delivered
57143,20240801,1570,2005,3088,2,1038.97,71.45,236.64,44,4.4,Delivered
57144,20240430,1548,2106,3034,1,533.72,28.73,0.0,41,3.4,Delivered
57145,20240511,1140,2024,3114,2,414.61,53.08,0.0,54,4.3,Delivered
57146,20240715,1222,2057,3107,1,530.53,29.23,0.0,20,4.6,Delivered
57147,20240119,1129,2027,3079,2,1074.41,56.91,0.0,53,,Cancelled
57148,20251003,1248,2025,3147,4,3065.8,64.28,0.0,50,4.1,Delivered
57149,20240112,1344,2039,3134,5,3134.38,28.26,0.0,38,4.3,Delivered
57150,20240321,1464,2041,3061,5,2331.22,76.27,0.0,50,3.0,Delivered
57151,20241125,1005,2090,3139,5,2717.47,76.83,197.91,55,3.1,Delivered
57152,20250126,1618,2017,3008,4,2269.45,33.44,0.0,34,4.9,Delivered
57153,20250928,1599,2025,3011,3,2553.79,61.91,141.82,35,3.1,Delivered
57154,20241102,1327,2008,3094,5,1446.61,24.44,0.0,20,4.8,Delivered
57155,20240923,1379,2113,3141,3,2663.32,75.22,203.1,58,4.2,Delivered
57156,20250322,1618,2006,3007,1,217.98,50.76,126.64,31,3.4,Delivered
57157,20250316,1491,2084,3101,5,3578.98,38.21,97.25,50,4.4,Delivered
57158,20251013,1409,2052,3051,1,354.87,50.02,199.45,34,4.9,Delivered
57159,20240102,1175,2003,3005,3,993.76,69.78,124.58,59,4.8,Delivered
57160,20250603,1480,2102,3042,2,626.75,47.94,0.0,22,3.9,Delivered
57161,20251012,1318,2006,3074,5,2166.76,33.94,205.2,60,3.7,Delivered
57162,20250927,1626,2085,3054,3,2552.28,67.06,33.49,63,3.2,Delivered
57163,20241104,1200,2041,3083,4,729.76,15.92,0.0,29,3.4,Delivered
57164,20250605,1704,2040,3049,3,2462.24,39.51,0.0,40,4.7,Delivered
57165,20250413,1799,2029,3074,2,566.63,78.64,194.91,19,3.6,Delivered
57166,20240730,1629,2045,3003,2,952.36,48.42,0.0,36,4.4,Delivered
57167,20240421,1380,2085,3085,4,2759.71,33.47,0.0,46,3.9,Delivered
57168,20240108,1576,2097,3018,5,4321.8,43.19,0.0,62,4.3,Delivered
57169,20250421,1034,2051,3067,5,2928.55,30.21,129.58,21,3.7,Delivered
57170,20250404,1181,2041,3091,5,3374.51,32.87,195.58,46,3.5,Delivered
57171,20240909,1706,2027,3110,2,746.17,44.67,21.49,38,4.6,Delivered
57172,20250609,1679,2043,3040,1,671.21,27.65,0.0,36,5.0,Delivered
57173,20250313,1723,2094,3133,1,886.29,59.48,0.0,62,4.9,Delivered
57174,20251022,1197,2088,3091,2,444.9,63.42,0.0,19,3.8,Delivered
57175,20240823,1049,2114,3100,1,769.66,48.85,0.0,38,,Cancelled
57176,20241101,1697,2085,3005,2,871.67,20.44,0.0,46,4.6,Delivered
57177,20250422,1119,2120,3127,3,1506.8,42.22,138.3,20,3.6,Delivered
57178,20251109,1242,2053,3107,1,712.27,40.52,40.17,50,3.3,Delivered
57179,20240120,1750,2118,3058,2,1414.66,50.47,30.63,36,4.6,Delivered
57180,20240803,1513,2071,3138,4,2768.85,68.41,44.86,62,3.9,Delivered
57181,20240514,1770,2029,3016,3,2597.5,65.35,202.0,25,4.1,Delivered
57182,20240508,1766,2105,3027,5,2851.33,29.23,0.0,31,3.5,Delivered
57183,20250213,1623,2068,3064,2,856.69,60.01,188.77,51,4.1,Delivered
57184,20250225,1609,2047,3011,2,776.01,69.46,84.42,36,3.2,Delivered
57185,20241020,1326,2097,3143,4,1155.16,44.6,80.75,30,4.4,Delivered
57186,20240902,1443,2093,3094,5,2774.73,27.36,0.0,46,4.4,Delivered
57187,20251201,1722,2089,3060,1,398.67,25.38,82.18,32,4.2,Delivered
57188,20250709,1580,2106,3064,5,2444.18,32.62,172.69,24,4.4,Delivered
57189,20240326,1694,2093,3087,5,2750.11,32.55,0.0,27,4.1,Delivered
57190,20250709,1715,2038,3120,1,448.86,44.36,49.35,39,,Cancelled
57191,20250109,1399,2001,3079,5,1822.5,19.41,0.0,18,,Cancelled
57192,20250321,1714,2025,3054,5,2913.07,36.7,155.85,44,3.1,Delivered
57193,20250112,1145,2018,3086,5,2272.45,40.38,116.08,46,4.6,Delivered
57194,20250124,1477,2043,3075,5,3527.53,75.88,133.49,42,3.1,Delivered
57195,20251018,1292,2076,3029,4,2344.72,51.86,157.38,65,4.1,Delivered
57196,20240220,1695,2067,3142,5,3108.41,73.82,207.03,54,3.5,Delivered
57197,20240829,1530,2043,3101,2,1080.5,64.21,0.0,43,3.6,Delivered
57198,20241020,1290,2061,3087,5,3537.16,59.19,0.0,63,,Cancelled
57199,20250716,1579,2096,3043,4,1382.25,31.4,0.0,38,4.8,Delivered
57200,20240922,1635,2048,3087,2,516.82,16.46,168.21,37,3.9,Delivered
57201,20240429,1708,2070,3125,5,3991.87,71.72,0.0,18,4.8,Delivered
57202,20251212,1608,2039,3104,5,1992.14,16.85,0.0,52,,Cancelled
57203,20240904,1503,2084,3119,2,636.69,44.43,0.0,24,,Cancelled
57204,20240310,1394,2086,3120,2,1576.19,57.86,85.38,21,3.5,Delivered
57205,20240226,1273,2036,3130,4,3198.04,25.2,0.0,53,4.7,Delivered
57206,20250116,1319,2020,3025,5,2261.39,29.49,0.0,61,3.5,Delivered
57207,20240208,1329,2043,3093,4,1544.51,24.82,0.0,49,4.6,Delivered
57208,20250318,1547,2049,3128,3,2242.74,18.1,176.31,42,4.8,Delivered
57209,20240118,1532,2034,3063,2,703.61,56.66,0.0,62,4.6,Delivered
57210,20241217,1236,2113,3074,2,995.93,40.24,0.0,37,4.4,Delivered
57211,20241024,1657,2029,3079,3,2667.46,51.42,54.14,41,3.1,Delivered
57212,20241009,1508,2068,3023,5,1458.22,15.48,199.39,62,4.1,Delivered
57213,20250808,1700,2086,3056,2,1501.88,61.7,88.95,25,4.3,Delivered
57214,20240419,1649,2078,3069,1,150.11,46.58,105.33,35,3.4,Delivered
57215,20240628,1702,2062,3022,3,454.09,78.5,0.0,41,4.9,Delivered
57216,20250627,1544,2101,3002,1,531.95,29.58,0.0,63,4.5,Delivered
57217,20240125,1635,2045,3014,5,2147.64,26.63,0.0,65,4.9,Delivered
57218,20240226,1037,2073,3064,1,312.96,75.21,152.86,52,4.8,Delivered
57219,20240628,1070,2066,3015,5,4102.59,30.17,0.0,20,3.2,Delivered
57220,20240819,1541,2089,3074,3,2208.51,70.13,0.0,21,3.2,Delivered
57221,20241208,1796,2017,3073,5,2022.98,15.0,176.99,57,4.3,Delivered
57222,20250421,1149,2025,3062,2,1519.6,20.77,216.87,36,4.7,Delivered
57223,20250729,1388,2023,3080,3,2341.5,34.8,183.69,63,4.7,Delivered
57224,20250330,1584,2105,3038,4,3431.68,46.56,201.28,33,3.2,Delivered
57225,20240819,1689,2007,3126,1,231.02,62.56,83.56,45,5.0,Delivered
57226,20241015,1083,2099,3017,1,650.76,76.04,45.23,37,4.8,Delivered
57227,20240731,1369,2082,3140,5,2706.82,58.19,0.0,42,,Cancelled
57228,20240914,1582,2052,3131,1,622.33,26.47,0.0,49,4.5,Delivered
57229,20250613,1561,2107,3136,2,1272.18,54.64,173.71,26,4.3,Delivered
57230,20251117,1320,2065,3020,2,377.06,37.8,0.0,62,4.2,Delivered
57231,20240816,1754,2113,3060,1,810.26,19.66,117.9,27,4.6,Delivered
57232,20240813,1173,2055,3103,5,1915.16,29.84,0.0,40,,Cancelled
57233,20250818,1573,2115,3104,4,991.8,63.57,0.0,37,4.2,Delivered
57234,20250310,1317,2041,3076,1,493.63,42.65,0.0,53,4.9,Delivered
57235,20250205,1783,2030,3103,4,3082.38,68.65,152.1,63,4.8,Delivered
57236,20250913,1235,2033,3075,2,1114.67,15.91,0.0,43,3.9,Delivered
57237,20240328,1435,2116,3028,4,2956.89,59.59,0.0,24,3.9,Delivered
57238,20250806,1645,2009,3017,2,548.94,22.48,0.0,19,3.6,Delivered
57239,20250625,1497,2007,3097,5,2787.83,33.41,182.49,48,,Cancelled
57240,20251114,1311,2056,3110,3,1943.42,44.97,119.94,24,3.3,Delivered
57241,20241104,1719,2105,3144,1,277.69,68.53,0.0,32,5.0,Delivered
57242,20241208,1525,2048,3085,2,587.89,54.74,0.0,26,3.9,Delivered
57243,20250311,1329,2044,3068,5,3194.23,61.29,0.0,21,4.4,Delivered
57244,20240625,1373,2106,3146,1,632.0,49.03,0.0,30,3.1,Delivered
57245,20240518,1394,2034,3115,5,3778.74,67.93,120.54,23,3.9,Delivered
57246,20240712,1566,2080,3118,3,2022.5,76.3,198.54,34,,Cancelled
57247,20240704,1368,2106,3047,3,2142.79,34.55,249.22,63,,Cancelled
57248,20240805,1630,2092,3148,5,3494.99,16.14,202.74,41,3.7,Delivered
57249,20240612,1150,2113,3082,5,1075.74,69.26,0.0,46,4.1,Delivered
57250,20240609,1016,2021,3074,3,2540.43,74.1,154.24,29,3.5,Delivered
57251,20250608,1277,2079,3024,5,3133.6,44.84,97.06,36,4.9,Delivered
57252,20250823,1535,2117,3139,5,3846.67,70.39,0.0,57,4.6,Delivered
57253,20240211,1258,2048,3053,3,502.3,78.21,242.1,52,3.8,Delivered
57254,20240728,1651,2055,3140,3,601.09,69.07,119.88,50,3.1,Delivered
57255,20241001,1378,2085,3092,3,2069.62,21.65,0.0,24,4.8,Delivered
57256,20241005,1535,2085,3088,5,3479.41,78.92,0.0,23,4.8,Delivered
57257,20240907,1398,2028,3099,3,2314.79,72.91,0.0,45,3.0,Delivered
57258,20241105,1283,2090,3049,3,2296.04,52.76,0.0,20,3.8,Delivered
57259,20251220,1190,2079,3044,3,478.58,69.41,173.25,39,4.1,Delivered
57260,20240519,1300,2010,3023,1,348.48,43.8,109.68,31,4.9,Delivered
57261,20250629,1713,2004,3125,2,1335.21,55.01,64.89,27,3.9,Delivered
57262,20250613,1311,2088,3016,4,1386.15,67.48,0.0,45,3.7,Delivered
57263,20240226,1274,2011,3038,4,2853.76,15.89,0.0,31,3.7,Delivered
57264,20240421,1451,2104,3019,5,2220.11,42.46,0.0,44,3.8,Delivered
57265,20240105,1525,2004,3030,2,1223.7,53.0,0.0,44,3.5,Delivered
57266,20250213,1470,2081,3048,3,901.92,74.06,0.0,23,3.4,Delivered
57267,20250217,1555,2116,3066,5,1523.26,43.86,134.23,58,4.0,Delivered
57268,20240630,1631,2107,3072,2,635.08,18.63,76.88,21,,Cancelled
57269,20240113,1162,2090,3074,5,4286.65,17.93,129.91,31,5.0,Delivered
57270,20241204,1328,2117,3013,1,303.68,65.69,234.1,24,4.5,Delivered
57271,20240915,1730,2092,3059,3,2521.39,55.8,160.52,58,4.4,Delivered
57272,20240330,1544,2101,3054,1,533.44,66.25,0.0,49,4.9,Delivered
57273,20250907,1514,2048,3037,3,2375.5,66.94,0.0,19,3.8,Delivered
57274,20251128,1097,2049,3114,2,1291.84,65.71,0.0,43,4.0,Delivered
57275,20240906,1417,2006,3128,5,4379.82,41.66,52.6,65,,Cancelled
57276,20240911,1359,2111,3057,4,1856.33,39.56,73.28,61,3.1,Delivered
57277,20250810,1582,2026,3044,4,3309.62,25.6,134.51,60,3.7,Delivered
57278,20240417,1724,2119,3141,4,1836.4,43.11,236.79,40,4.5,Delivered
57279,20251029,1076,2010,3053,4,2486.18,25.17,0.0,43,4.4,Delivered
57280,20250816,1530,2025,3042,2,1526.53,60.86,78.74,39,3.3,Delivered
57281,20250811,1134,2028,3137,3,1787.98,49.97,0.0,29,3.6,Delivered
57282,20250429,1404,2086,3038,5,3136.22,74.82,25.93,59,4.6,Delivered
57283,20240914,1452,2048,3050,5,1665.96,46.92,139.46,18,3.5,Delivered
57284,20250930,1119,2014,3094,1,413.04,15.61,195.77,30,4.3,Delivered
57285,20241008,1324,2002,3140,1,549.6,27.95,95.48,61,3.8,Delivered
57286,20240328,1320,2101,3053,4,2669.16,76.77,90.74,41,4.1,Delivered
57287,20240722,1249,2078,3140,1,182.18,69.04,64.69,55,3.7,Delivered
57288,20240116,1406,2077,3021,4,1238.73,75.66,179.32,21,4.5,Delivered
57289,20240530,1675,2052,3082,1,848.82,56.75,0.0,61,4.6,Delivered
57290,20240910,1155,2094,3099,4,1202.88,52.27,0.0,44,4.6,Delivered
57291,20240706,1559,2013,3143,1,368.06,51.52,0.0,18,4.3,Delivered
57292,20241124,1749,2078,3120,3,2689.82,61.25,176.39,41,5.0,Delivered
57293,20250627,1472,2077,3088,1,276.95,44.89,0.0,31,4.2,Delivered
57294,20250131,1616,2105,3124,2,987.69,33.28,0.0,34,3.7,Delivered
57295,20250531,1697,2008,3041,5,4145.52,37.23,222.13,65,4.6,Delivered
57296,20250403,1424,2062,3001,1,871.15,23.59,156.03,22,4.4,Delivered
57297,20241125,1171,2011,3026,4,2520.25,62.67,0.0,43,3.9,Delivered
57298,20240617,1565,2086,3009,1,419.04,41.73,51.8,46,3.9,Delivered
57299,20251123,1777,2001,3059,1,880.07,27.91,75.74,53,3.8,Delivered
57300,20241231,1106,2015,3125,2,891.71,17.58,0.0,64,3.1,Delivered
57301,20240626,1528,2036,3139,1,396.94,32.58,27.79,25,,Cancelled
57302,20251016,1755,2106,3059,4,1060.69,41.33,60.76,25,3.5,Delivered
57303,20241227,1285,2113,3008,2,658.95,66.78,0.0,19,3.6,Delivered
57304,20250930,1610,2059,3109,3,1838.13,49.76,0.0,18,3.4,Delivered
57305,20240209,1181,2082,3149,5,2440.63,48.22,50.62,20,3.5,Delivered
57306,20250219,1244,2068,3076,4,1528.98,30.16,178.15,25,3.1,Delivered
57307,20241220,1262,2044,3124,4,2517.68,15.98,181.41,61,3.1,Delivered
57308,20240911,1646,2020,3132,5,2385.6,74.16,0.0,55,3.6,Delivered
57309,20240522,1757,2106,3069,4,3360.2,76.11,113.49,41,4.3,Delivered
57310,20251210,1456,2046,3037,4,1220.06,77.26,0.0,19,4.3,Delivered
57311,20250730,1583,2097,3051,2,1327.78,16.4,0.0,43,3.9,Delivered
57312,20240111,1463,2024,3096,3,1442.64,20.61,0.0,56,,Cancelled
57313,20250911,1227,2085,3010,2,813.97,78.02,67.67,20,4.0,Delivered
57314,20240126,1189,2006,3013,5,2037.83,23.88,0.0,53,4.9,Delivered
57315,20250224,1162,2089,3005,1,621.36,51.29,171.62,32,3.1,Delivered
57316,20251024,1202,2089,3141,1,807.81,47.21,201.62,40,3.5,Delivered
57317,20240808,1341,2093,3117,3,1320.11,42.85,235.43,65,3.3,Delivered
57318,20250510,1378,2002,3041,2,381.69,45.67,26.06,33,4.9,Delivered
57319,20240824,1307,2005,3118,4,1471.91,30.09,119.48,60,4.0,Delivered
57320,20240824,1352,2083,3046,2,858.03,73.48,0.0,39,3.5,Delivered
57321,20240806,1227,2089,3038,5,1671.51,46.16,165.75,34,3.1,Delivered
57322,20250501,1240,2043,3130,3,975.16,33.3,0.0,47,4.2,Delivered
57323,20250405,1269,2002,3147,3,2126.08,72.02,0.0,51,3.9,Delivered
57324,20251024,1137,2042,3095,1,832.75,38.89,26.59,63,5.0,Delivered
57325,20250926,1161,2085,3130,2,1289.43,38.44,187.16,42,4.5,Delivered
57326,20240523,1079,2114,3107,4,2950.49,60.77,240.08,29,4.2,Delivered
57327,20240707,1335,2059,3014,2,1203.42,33.96,114.58,51,4.2,Delivered
57328,20240911,1283,2097,3147,3,1871.82,64.65,0.0,59,,Cancelled
57329,20240308,1421,2096,3004,3,938.47,43.84,0.0,58,5.0,Delivered
57330,20250907,1218,2047,3113,4,2086.22,65.5,29.37,46,4.6,Delivered
57331,20241201,1680,2096,3004,5,981.83,35.15,164.94,40,4.2,Delivered
57332,20251101,1218,2104,3146,3,1608.01,33.66,237.2,18,3.5,Delivered
57333,20250212,1489,2034,3099,5,1398.38,21.35,169.69,63,4.0,Delivered
57334,20241026,1182,2068,3093,4,1766.54,62.41,139.73,42,4.9,Delivered
57335,20250824,1629,2051,3004,1,438.13,21.74,0.0,49,4.4,Delivered
57336,20241222,1085,2038,3007,3,2620.9,16.94,197.35,43,4.8,Delivered
57337,20240912,1381,2049,3085,4,3313.06,75.57,0.0,20,4.5,Delivered
57338,20241218,1319,2001,3123,4,2228.5,36.79,115.34,53,3.8,Delivered
57339,20250604,1601,2082,3102,2,939.78,24.44,0.0,24,4.4,Delivered
57340,20250607,1557,2084,3117,2,715.92,72.19,0.0,48,4.9,Delivered
57341,20251124,1563,2003,3054,3,2472.64,59.1,0.0,22,3.8,Delivered
57342,20241010,1222,2118,3072,2,1335.79,24.17,0.0,52,3.1,Delivered
57343,20241107,1474,2039,3143,2,1673.9,53.49,0.0,18,,Cancelled
57344,20240408,1019,2054,3016,2,638.8,43.97,0.0,33,4.0,Delivered
57345,20240715,1683,2117,3108,2,493.34,46.81,63.73,38,,Cancelled
57346,20250426,1528,2075,3148,1,226.96,74.73,50.81,57,4.7,Delivered
57347,20240813,1675,2073,3009,4,3424.06,32.45,0.0,46,4.7,Delivered
57348,20250906,1650,2090,3045,4,1207.68,27.89,178.21,21,3.8,Delivered
57349,20250909,1466,2077,3091,4,2134.33,21.07,110.72,65,4.1,Delivered
57350,20241230,1091,2060,3044,5,1614.42,76.15,184.43,61,4.7,Delivered
57351,20250102,1174,2036,3117,4,2523.37,72.65,208.84,32,4.1,Delivered
57352,20250723,1024,2106,3007,5,3549.38,28.8,126.85,59,4.7,Delivered
57353,20250812,1006,2028,3085,5,3728.19,25.34,198.24,18,4.5,Delivered
57354,20240315,1248,2043,3145,3,2528.08,75.19,61.21,60,3.9,Delivered
57355,20240211,1511,2057,3139,2,1425.06,19.95,114.15,39,,Cancelled
57356,20250225,1220,2045,3064,2,1432.48,68.06,209.92,30,3.4,Delivered
57357,20240629,1076,2027,3056,2,582.15,34.7,0.0,21,4.2,Delivered
57358,20250628,1319,2061,3038,3,1147.82,64.92,149.27,27,3.6,Delivered
57359,20240311,1566,2005,3002,4,1300.91,77.04,0.0,23,5.0,Delivered
57360,20250721,1246,2075,3040,5,2355.01,61.25,232.95,28,3.9,Delivered
57361,20240414,1258,2055,3125,2,318.9,72.55,0.0,46,3.2,Delivered
57362,20240718,1478,2091,3132,1,432.5,63.93,0.0,27,3.1,Delivered
57363,20240410,1203,2107,3091,2,1607.3,33.88,0.0,47,3.3,Delivered
57364,20241102,1101,2095,3130,5,4322.01,42.55,186.33,40,4.8,Delivered
57365,20250808,1783,2065,3049,4,2947.66,78.13,0.0,46,4.7,Delivered
57366,20251113,1368,2044,3035,5,4147.15,78.16,244.31,41,4.9,Delivered
57367,20250111,1372,2112,3024,2,1662.75,23.39,222.49,39,3.9,Delivered
57368,20251016,1467,2044,3140,3,1997.5,45.91,125.55,22,4.4,Delivered
57369,20251108,1496,2055,3128,5,2064.18,55.15,234.6,62,4.4,Delivered
57370,20250202,1407,2070,3149,5,1053.3,74.54,148.86,50,3.7,Delivered
57371,20240808,1536,2053,3009,5,3706.55,24.04,141.55,56,4.0,Delivered
57372,20250817,1132,2086,3131,1,527.59,45.99,126.47,40,5.0,Delivered
57373,20240630,1412,2116,3117,2,1442.36,16.21,0.0,49,3.1,Delivered
57374,20241102,1622,2106,3098,5,3581.2,73.22,30.25,51,4.2,Delivered
57375,20250605,1271,2077,3052,1,295.27,50.23,0.0,44,,Cancelled
57376,20250130,1508,2052,3037,1,844.68,53.29,89.6,21,4.7,Delivered
57377,20240104,1055,2089,3147,3,840.02,27.62,128.3,59,4.8,Delivered
57378,20241007,1463,2068,3037,1,692.77,79.97,226.38,27,3.0,Delivered
57379,20240802,1716,2100,3007,3,2437.16,78.82,227.9,57,3.8,Delivered
57380,20250901,1732,2049,3028,2,1642.03,21.1,0.0,32,4.7,Delivered
57381,20250223,1212,2081,3114,3,2059.55,17.02,0.0,63,3.8,Delivered
57382,20240410,1679,2044,3110,2,1791.93,28.14,45.2,55,4.0,Delivered
57383,20250604,1084,2026,3011,3,882.21,37.69,0.0,50,3.9,Delivered
57384,20250726,1781,2084,3015,4,3325.47,74.7,0.0,62,3.3,Delivered
57385,20241104,1312,2036,3053,3,1992.46,47.39,225.55,25,3.4,Delivered
57386,20251019,1246,2086,3128,1,741.08,50.99,54.17,28,3.5,Delivered
57387,20250524,1042,2090,3044,2,1355.41,21.02,0.0,31,3.9,Delivered
57388,20240303,1436,2012,3106,3,2526.18,66.81,0.0,39,4.0,Delivered
57389,20250924,1486,2090,3038,3,882.36,28.09,0.0,57,4.0,Delivered
57390,20240813,1428,2029,3115,2,1387.2,22.62,88.86,61,4.4,Delivered
57391,20240414,1694,2104,3046,1,503.98,42.35,146.73,40,4.4,Delivered
57392,20250228,1456,2074,3072,1,150.41,63.81,211.72,37,4.2,Delivered
57393,20240911,1651,2102,3047,2,1044.36,44.56,105.04,28,4.7,Delivered
57394,20250304,1251,2066,3007,5,4027.15,35.3,0.0,54,,Cancelled
57395,20250309,1064,2022,3064,1,272.57,35.44,56.57,22,4.8,Delivered
57396,20240725,1780,2075,3036,2,924.51,18.91,57.3,24,5.0,Delivered
57397,20240128,1029,2080,3085,5,2151.53,18.32,218.64,56,3.0,Delivered
57398,20251112,1586,2071,3047,5,2079.88,54.6,136.75,19,4.3,Delivered
57399,20241201,1417,2006,3121,1,207.46,51.04,247.71,43,4.1,Delivered
57400,20250810,1555,2116,3074,2,942.69,54.56,71.2,34,3.0,Delivered
57401,20250919,1053,2061,3039,5,3112.25,74.01,0.0,36,4.6,Delivered
57402,20240309,1200,2040,3037,5,1818.71,63.08,0.0,62,3.2,Delivered
57403,20250527,1097,2004,3128,5,1774.52,30.76,22.94,39,4.6,Delivered
57404,20240615,1522,2050,3146,2,991.95,16.15,0.0,41,5.0,Delivered
57405,20251230,1153,2067,3041,5,1121.47,55.31,205.41,41,3.3,Delivered
57406,20250102,1676,2013,3053,1,495.92,51.27,0.0,53,3.9,Delivered
57407,20240907,1147,2085,3026,4,1690.53,61.75,68.81,41,3.6,Delivered
57408,20251116,1310,2015,3051,1,465.79,56.66,0.0,51,4.1,Delivered
57409,20240618,1495,2116,3017,4,3132.78,17.63,212.06,47,3.2,Delivered
57410,20240330,1458,2109,3055,5,2805.73,50.89,0.0,63,,Cancelled
57411,20250714,1562,2065,3011,4,2790.89,58.82,0.0,52,4.6,Delivered
57412,20250321,1424,2093,3121,2,377.97,37.56,121.0,48,3.8,Delivered
57413,20241020,1568,2077,3014,1,434.66,63.31,0.0,30,3.1,Delivered
57414,20240529,1727,2011,3054,5,1516.25,34.0,0.0,29,4.3,Delivered
57415,20240511,1484,2001,3133,4,1115.95,65.72,0.0,55,4.4,Delivered
57416,20250308,1131,2056,3122,1,286.18,75.04,135.72,56,4.4,Delivered
57417,20240228,1114,2105,3033,5,3326.84,53.76,0.0,59,4.7,Delivered
57418,20240717,1133,2101,3026,5,954.53,72.86,0.0,28,3.6,Delivered
57419,20240802,1364,2002,3092,5,1069.28,52.8,200.24,59,3.7,Delivered
57420,20250714,1545,2005,3018,5,1489.48,21.96,0.0,32,4.4,Delivered
57421,20250416,1289,2115,3143,2,1562.93,19.45,0.0,23,3.2,Delivered
57422,20240903,1108,2084,3068,2,1676.76,28.81,0.0,51,4.9,Delivered
57423,20250116,1531,2119,3025,1,850.77,20.67,0.0,34,4.5,Delivered
57424,20240826,1104,2076,3076,4,1650.51,18.91,49.36,20,4.3,Delivered
57425,20250101,1362,2002,3033,3,851.57,60.75,218.63,20,4.2,Delivered
57426,20240616,1444,2021,3092,1,605.83,47.79,0.0,50,4.3,Delivered
57427,20250713,1756,2071,3126,1,878.75,76.27,34.54,38,4.4,Delivered
57428,20240220,1009,2017,3069,1,274.16,18.87,57.17,22,3.3,Delivered
57429,20250901,1184,2056,3082,5,2458.57,79.26,0.0,29,4.6,Delivered
57430,20251228,1533,2064,3069,2,1149.17,15.54,0.0,57,3.6,Delivered
57431,20251119,1437,2103,3027,2,1039.28,21.06,0.0,35,3.6,Delivered
57432,20250114,1628,2011,3142,3,1308.24,22.86,143.76,49,3.8,Delivered
57433,20250418,1553,2072,3074,1,574.52,34.23,147.77,64,4.9,Delivered
57434,20240320,1572,2067,3122,1,762.41,77.43,127.54,65,4.8,Delivered
57435,20251127,1715,2065,3147,4,2442.33,26.91,0.0,32,4.9,Delivered
57436,20250101,1216,2048,3065,3,1522.07,67.89,23.11,22,4.1,Delivered
57437,20250405,1460,2112,3014,3,2095.18,75.45,64.03,35,5.0,Delivered
57438,20250622,1579,2018,3109,3,1636.77,21.52,96.03,41,4.0,Delivered
57439,20250327,1754,2113,3010,4,3545.24,45.7,121.78,45,5.0,Delivered
57440,20250408,1636,2098,3143,4,813.95,21.72,215.71,20,4.6,Delivered
57441,20250422,1167,2106,3138,1,337.42,62.7,128.74,32,4.1,Delivered
57442,20250223,1327,2002,3017,5,995.61,49.86,163.2,18,4.9,Delivered
57443,20251207,1273,2119,3120,5,2190.5,54.32,46.78,21,3.6,Delivered
57444,20240801,1375,2095,3003,3,2056.8,43.52,0.0,51,3.6,Delivered
57445,20250103,1243,2017,3114,3,983.2,63.44,0.0,28,3.3,Delivered
57446,20240423,1350,2095,3116,2,1195.3,60.28,99.08,24,3.5,Delivered
57447,20250517,1695,2061,3099,2,582.92,56.92,230.25,23,3.7,Delivered
57448,20250927,1666,2031,3076,2,1160.74,45.04,214.19,48,,Cancelled
57449,20250810,1756,2001,3072,4,867.04,77.65,104.99,59,4.8,Delivered
57450,20241106,1403,2046,3143,4,669.98,30.76,0.0,61,4.0,Delivered
57451,20250413,1755,2077,3042,1,750.61,66.05,144.42,60,4.3,Delivered
57452,20251208,1024,2025,3034,5,1371.22,18.74,0.0,46,,Cancelled
57453,20240213,1444,2100,3003,2,1528.76,66.44,0.0,56,4.7,Delivered
57454,20250218,1324,2085,3141,2,1250.09,32.67,25.97,63,3.8,Delivered
57455,20251128,1338,2082,3003,3,2438.33,51.86,0.0,29,4.5,Delivered
57456,20240902,1625,2015,3065,2,1592.48,44.58,139.8,47,3.5,Delivered
57457,20240324,1163,2026,3039,4,2576.83,16.74,0.0,35,3.8,Delivered
57458,20240725,1665,2039,3013,1,521.86,47.4,0.0,58,3.5,Delivered
57459,20240530,1324,2097,3075,5,3921.99,69.64,0.0,21,4.2,Delivered
57460,20251029,1257,2069,3098,3,729.71,33.34,214.33,19,3.7,Delivered
57461,20250611,1104,2056,3113,3,552.96,44.24,0.0,64,3.5,Delivered
57462,20240613,1615,2078,3037,4,960.78,18.37,0.0,48,4.9,Delivered
57463,20240524,1106,2071,3108,1,158.0,72.92,79.03,27,3.3,Delivered
57464,20240206,1021,2018,3129,1,211.41,66.27,27.92,24,4.6,Delivered
57465,20241128,1483,2032,3108,4,3409.36,74.97,59.91,45,4.1,Delivered
57466,20250206,1521,2004,3032,4,1539.11,47.86,126.36,56,3.9,Delivered
57467,20250217,1066,2019,3021,3,485.36,45.31,26.24,45,4.6,Delivered
57468,20240214,1594,2100,3024,4,3008.13,53.31,167.97,27,4.3,Delivered
57469,20250205,1623,2075,3012,1,624.46,75.07,0.0,58,4.6,Delivered
57470,20240724,1139,2044,3092,5,1492.35,44.81,0.0,57,4.4,Delivered
57471,20240302,1237,2043,3123,4,1875.88,38.43,45.4,50,4.6,Delivered
57472,20250223,1546,2086,3057,2,1505.19,42.36,211.83,59,3.2,Delivered
57473,20250412,1515,2048,3048,3,1217.94,50.15,32.72,54,3.2,Delivered
57474,20240119,1614,2103,3036,4,3469.99,42.24,56.7,21,4.9,Delivered
57475,20241230,1070,2004,3105,3,2544.98,18.99,0.0,51,4.4,Delivered
57476,20241026,1716,2110,3107,3,1785.56,44.69,0.0,24,4.7,Delivered
57477,20240107,1653,2007,3051,4,2783.29,15.06,76.81,30,4.0,Delivered
57478,20250303,1036,2057,3119,5,2340.39,15.62,0.0,64,4.5,Delivered
57479,20240426,1025,2006,3037,4,1586.81,21.86,0.0,26,,Cancelled
57480,20250802,1019,2014,3107,5,2944.17,23.87,140.76,34,3.9,Delivered
57481,20250521,1418,2036,3006,1,864.89,68.03,0.0,49,4.4,Delivered
57482,20250629,1467,2006,3034,1,222.49,49.66,43.43,45,3.7,Delivered
57483,20251206,1568,2017,3097,1,838.63,21.9,230.21,26,3.7,Delivered
57484,20241120,1794,2068,3091,2,1599.49,49.46,0.0,44,4.7,Delivered
57485,20240224,1294,2027,3059,4,1672.02,17.11,116.01,29,4.7,Delivered
57486,20240211,1127,2026,3024,5,1064.53,32.36,34.3,46,3.6,Delivered
57487,20241023,1367,2037,3010,4,2087.16,60.68,36.95,37,4.5,Delivered
57488,20240818,1609,2108,3080,4,1897.76,37.86,0.0,65,3.3,Delivered
57489,20250328,1017,2078,3140,2,1736.73,55.37,244.55,33,3.8,Delivered
57490,20250128,1508,2053,3074,2,1504.01,25.97,220.37,50,3.9,Delivered
57491,20250605,1074,2005,3010,4,2774.68,67.64,0.0,23,4.3,Delivered
57492,20241223,1103,2092,3132,2,1720.07,29.79,26.37,44,4.5,Delivered
57493,20250319,1385,2073,3083,5,1827.65,47.15,159.91,31,4.0,Delivered
57494,20240507,1389,2095,3104,3,1553.29,44.35,0.0,54,4.9,Delivered
57495,20251121,1792,2095,3041,3,1060.41,31.45,0.0,28,,Cancelled
57496,20250208,1170,2070,3132,4,727.44,73.48,35.88,23,3.2,Delivered
57497,20250126,1540,2007,3107,1,438.91,69.16,154.76,35,4.3,Delivered
57498,20240711,1269,2085,3114,5,1455.59,26.28,107.06,49,3.0,Delivered
57499,20250826,1618,2029,3097,2,1177.39,35.94,0.0,64,5.0,Delivered
57500,20240318,1526,2114,3120,4,3449.85,30.08,0.0,23,3.1,Delivered
57501,20240325,1506,2118,3035,1,435.48,30.94,0.0,58,4.3,Delivered
57502,20240130,1259,2089,3135,4,2680.44,76.12,0.0,54,3.4,Delivered
57503,20251225,1461,2068,3131,1,563.24,52.29,0.0,41,3.6,Delivered
57504,20240218,1081,2101,3059,1,587.83,48.33,168.98,35,3.6,Delivered
57505,20240524,1074,2004,3059,1,200.05,30.1,0.0,35,3.1,Delivered
57506,20240309,1374,2029,3138,1,466.99,50.09,192.76,34,4.0,Delivered
57507,20240227,1455,2031,3131,1,720.43,15.29,111.15,61,3.1,Delivered
57508,20251127,1009,2077,3099,3,532.39,40.98,0.0,37,3.6,Delivered
57509,20250727,1730,2034,3141,3,1826.31,54.96,243.82,25,4.9,Delivered
57510,20250423,1749,2069,3114,3,587.77,38.8,0.0,19,4.3,Delivered
57511,20250320,1574,2097,3010,3,1462.26,77.21,0.0,49,4.7,Delivered
57512,20241022,1746,2031,3011,3,989.4,53.84,240.62,26,3.5,Delivered
57513,20251108,1716,2070,3104,5,1381.59,30.65,0.0,61,4.8,Delivered
57514,20240619,1241,2120,3110,5,4343.01,17.94,83.93,49,4.5,Delivered
57515,20250728,1049,2114,3073,4,1093.6,28.78,227.48,32,3.8,Delivered
57516,20240526,1202,2090,3137,2,779.19,33.15,0.0,27,4.0,Delivered
57517,20250428,1033,2053,3039,2,535.86,24.7,117.47,33,3.4,Delivered
57518,20241101,1626,2090,3087,2,537.89,75.07,107.12,61,3.3,Delivered
57519,20251103,1720,2051,3138,4,1590.95,75.07,43.07,40,3.6,Delivered
57520,20251014,1211,2085,3059,3,1960.79,16.65,36.47,50,4.4,Delivered
57521,20250831,1156,2120,3041,5,3568.31,79.79,185.22,27,4.8,Delivered
57522,20250321,1322,2085,3062,2,719.95,43.43,0.0,32,4.2,Delivered
57523,20240808,1670,2053,3040,3,812.13,24.68,137.93,57,4.0,Delivered
57524,20250708,1453,2097,3015,3,1840.09,66.28,0.0,29,3.8,Delivered
57525,20250112,1124,2046,3131,4,2200.81,37.72,0.0,35,4.2,Delivered
57526,20250911,1280,2002,3048,3,1065.08,54.03,90.36,59,3.4,Delivered
57527,20240922,1189,2077,3105,2,942.54,28.27,63.28,34,3.4,Delivered
57528,20240404,1369,2082,3008,3,1286.81,70.22,178.62,32,3.7,Delivered
57529,20240918,1206,2016,3108,2,1753.69,21.96,65.06,42,3.2,Delivered
57530,20240311,1763,2088,3084,4,1356.81,55.0,235.75,46,4.7,Delivered
57531,20240806,1407,2021,3065,1,415.75,21.08,44.63,57,4.3,Delivered
57532,20250616,1578,2045,3150,2,1662.4,38.79,0.0,28,4.3,Delivered
57533,20240401,1193,2094,3147,3,1207.72,50.82,0.0,25,3.1,Delivered
57534,20240506,1406,2044,3106,2,1393.06,43.67,39.13,60,4.9,Delivered
57535,20240320,1236,2095,3145,2,498.45,29.85,39.1,52,,Cancelled
57536,20240825,1525,2049,3028,2,1246.1,66.95,0.0,52,5.0,Delivered
57537,20250106,1323,2045,3100,5,3358.94,15.05,0.0,48,4.2,Delivered
57538,20250430,1700,2119,3081,4,3020.03,67.16,145.11,56,4.0,Delivered
57539,20251124,1300,2088,3068,4,1538.23,52.45,118.72,57,3.7,Delivered
57540,20240125,1384,2004,3102,1,214.81,49.16,24.14,55,4.1,Delivered
57541,20240604,1196,2084,3020,2,779.75,75.69,0.0,41,4.2,Delivered
57542,20250531,1623,2022,3115,4,2419.81,27.42,215.08,61,3.1,Delivered
57543,20250923,1426,2029,3012,1,782.83,70.09,186.92,38,3.4,Delivered
57544,20250613,1217,2101,3119,2,1200.79,77.81,238.74,22,4.3,Delivered
57545,20251210,1036,2069,3028,4,1740.49,78.75,223.33,39,4.5,Delivered
57546,20240226,1372,2115,3080,3,2315.02,75.08,198.3,39,3.3,Delivered
57547,20250827,1186,2057,3046,5,2307.57,45.71,106.22,27,3.0,Delivered
57548,20240119,1497,2037,3002,5,805.41,27.18,0.0,44,3.0,Delivered
57549,20250118,1217,2007,3068,5,2639.85,75.79,0.0,30,3.2,Delivered
57550,20240711,1499,2045,3016,3,1844.17,68.72,76.39,41,4.0,Delivered
57551,20240824,1694,2099,3107,5,1581.2,15.53,195.39,65,4.0,Delivered
57552,20250121,1529,2041,3082,2,657.28,64.66,0.0,19,4.2,Delivered
57553,20250301,1004,2015,3095,4,1044.84,56.03,247.28,31,3.3,Delivered
57554,20241003,1351,2055,3031,2,1569.31,21.33,0.0,41,3.0,Delivered
57555,20240814,1228,2093,3042,4,3517.77,67.51,215.81,37,4.4,Delivered
57556,20250705,1425,2113,3030,3,2561.01,52.81,167.22,61,3.9,Delivered
57557,20241118,1794,2012,3031,4,3131.57,21.67,118.15,20,4.9,Delivered
57558,20240601,1509,2011,3143,3,902.56,73.89,157.27,58,3.3,Delivered
57559,20250930,1564,2074,3038,2,875.48,45.73,0.0,34,4.0,Delivered
57560,20240824,1491,2061,3020,2,1265.52,39.57,99.6,27,4.6,Delivered
57561,20240224,1611,2049,3044,4,3330.43,32.76,105.66,37,4.8,Delivered
57562,20250311,1111,2031,3089,5,1583.03,66.57,133.98,60,,Cancelled
57563,20251114,1319,2028,3150,5,4038.63,66.91,0.0,22,3.9,Delivered
57564,20240418,1239,2051,3054,5,2529.08,39.93,191.48,65,4.0,Delivered
57565,20240702,1399,2113,3148,4,1087.9,46.27,213.37,52,3.5,Delivered
57566,20250102,1675,2073,3101,2,1199.58,68.45,0.0,50,4.1,Delivered
57567,20240716,1195,2016,3100,1,257.7,48.77,0.0,29,,Cancelled
57568,20250105,1585,2097,3119,2,1698.53,71.57,73.38,39,3.3,Delivered
57569,20250107,1182,2072,3140,3,2658.67,68.58,0.0,26,3.6,Delivered
57570,20250511,1088,2074,3019,1,241.21,24.17,166.26,18,4.6,Delivered
57571,20250821,1492,2113,3026,3,2148.58,64.72,0.0,24,3.3,Delivered
57572,20240719,1407,2003,3106,1,514.48,16.82,0.0,37,4.2,Delivered
57573,20250523,1441,2097,3126,5,4244.75,51.86,223.19,33,3.9,Delivered
57574,20241117,1548,2043,3118,4,1383.86,64.77,119.35,27,3.8,Delivered
57575,20241001,1227,2085,3037,5,2533.0,55.94,0.0,24,4.8,Delivered
57576,20240729,1608,2120,3012,4,943.59,66.84,84.48,42,5.0,Delivered
57577,20250518,1122,2027,3067,3,2217.35,34.64,0.0,45,4.8,Delivered
57578,20240427,1482,2028,3024,3,1795.57,26.89,225.04,28,4.9,Delivered
57579,20251203,1742,2098,3072,3,1373.83,61.49,0.0,29,3.6,Delivered
57580,20250707,1246,2119,3114,3,1502.58,44.39,0.0,53,,Cancelled
57581,20240211,1301,2061,3125,1,185.86,48.26,64.06,41,4.7,Delivered
57582,20241110,1500,2016,3013,5,1040.0,26.24,131.56,20,,Cancelled
57583,20241124,1366,2096,3006,4,2843.28,25.3,72.28,59,3.1,Delivered
57584,20240117,1097,2049,3047,3,2272.08,66.69,0.0,47,3.4,Delivered
57585,20241009,1742,2021,3044,1,755.3,18.18,30.92,20,3.4,Delivered
57586,20240914,1544,2027,3084,4,1990.9,56.39,213.19,26,4.7,Delivered
57587,20250728,1166,2026,3145,2,570.74,70.63,0.0,57,3.7,Delivered
57588,20250727,1165,2077,3106,4,3101.27,18.3,131.67,30,4.1,Delivered
57589,20250903,1105,2019,3058,3,1070.33,44.25,0.0,64,4.4,Delivered
57590,20240119,1169,2050,3086,4,1020.56,17.14,160.77,63,3.1,Delivered
57591,20250612,1436,2012,3059,3,642.11,71.44,0.0,48,4.0,Delivered
57592,20250226,1542,2057,3067,3,819.64,22.75,169.56,27,3.9,Delivered
57593,20250410,1063,2049,3051,5,2597.97,51.89,0.0,39,3.7,Delivered
57594,20250107,1575,2044,3110,4,2511.3,45.86,0.0,33,4.0,Delivered
57595,20240321,1613,2012,3019,1,289.64,76.48,224.11,30,,Cancelled
57596,20250704,1357,2085,3094,2,945.25,28.43,0.0,44,4.3,Delivered
57597,20250701,1081,2038,3113,1,622.47,30.43,0.0,43,4.1,Delivered
57598,20250227,1666,2084,3118,2,435.86,43.3,211.93,46,3.0,Delivered
57599,20250304,1494,2110,3107,4,2531.99,53.46,0.0,33,4.2,Delivered
57600,20250122,1225,2080,3012,3,1740.78,54.86,0.0,56,4.3,Delivered
57601,20251209,1137,2005,3078,1,422.99,43.51,30.04,62,3.3,Delivered
57602,20251031,1229,2015,3108,2,509.1,43.95,94.62,37,3.2,Delivered
57603,20240722,1445,2107,3007,3,2067.91,17.83,249.36,58,,Cancelled
57604,20240714,1128,2001,3011,1,475.4,32.27,0.0,55,4.4,Delivered
57605,20251228,1685,2113,3106,4,3231.49,29.18,0.0,33,4.7,Delivered
57606,20241011,1595,2018,3118,2,866.54,26.22,87.04,19,3.4,Delivered
57607,20240714,1421,2071,3041,2,1411.04,67.94,0.0,50,3.6,Delivered
57608,20241102,1717,2089,3049,3,1385.57,25.28,0.0,50,3.2,Delivered
57609,20251025,1143,2029,3107,5,1159.92,63.83,0.0,58,4.7,Delivered
57610,20240114,1033,2053,3119,3,1735.09,54.69,120.94,62,3.0,Delivered
57611,20240525,1800,2034,3118,5,4415.23,70.63,0.0,43,4.4,Delivered
57612,20240226,1688,2026,3062,5,3456.8,50.75,0.0,62,3.6,Delivered
57613,20251223,1215,2016,3077,1,893.52,68.03,132.28,20,,Cancelled
57614,20240728,1272,2069,3147,1,731.45,22.36,0.0,54,4.2,Delivered
57615,20250612,1579,2015,3113,4,1510.29,35.17,0.0,53,3.1,Delivered
57616,20241209,1800,2068,3025,4,1623.85,41.76,0.0,39,4.2,Delivered
57617,20251215,1053,2031,3081,1,255.53,67.08,0.0,26,4.3,Delivered
57618,20250902,1281,2007,3031,2,872.99,71.23,45.12,29,4.6,Delivered
57619,20241005,1548,2044,3123,3,1573.05,37.35,108.44,25,4.9,Delivered
57620,20240727,1239,2094,3044,1,605.26,56.69,226.89,35,3.5,Delivered
57621,20251002,1304,2070,3144,3,1992.97,63.43,241.07,59,4.6,Delivered
57622,20241130,1742,2062,3131,2,1215.64,21.86,0.0,24,,Cancelled
57623,20241014,1410,2016,3143,5,902.52,75.85,244.39,50,4.2,Delivered
57624,20240908,1578,2094,3125,2,1734.66,25.95,165.64,58,4.4,Delivered
57625,20240921,1212,2059,3080,1,730.41,31.59,0.0,19,3.1,Delivered
57626,20240927,1238,2042,3072,5,1350.4,23.32,97.65,55,4.1,Delivered
57627,20251130,1119,2087,3084,3,818.37,22.91,58.21,22,3.4,Delivered
57628,20250222,1794,2086,3125,2,418.98,46.4,103.37,55,4.3,Delivered
57629,20251226,1172,2008,3051,1,343.19,52.15,163.49,52,4.9,Delivered
57630,20240729,1781,2061,3139,2,417.24,16.12,218.25,60,4.7,Delivered
57631,20241230,1800,2086,3018,5,2032.75,61.07,0.0,50,4.7,Delivered
57632,20240316,1207,2026,3044,1,846.98,51.64,211.8,52,4.0,Delivered
57633,20251021,1453,2090,3127,5,1763.81,52.17,0.0,23,5.0,Delivered
57634,20241116,1787,2024,3032,4,1843.67,15.29,0.0,18,3.1,Delivered
57635,20251225,1618,2043,3122,1,549.86,65.57,0.0,58,4.5,Delivered
57636,20250308,1129,2027,3070,5,1489.13,32.66,0.0,23,3.3,Delivered
57637,20240418,1701,2005,3063,5,4241.14,66.68,0.0,47,3.3,Delivered
57638,20251002,1485,2006,3003,5,1142.59,55.68,152.07,59,3.9,Delivered
57639,20250605,1741,2117,3099,2,411.27,79.22,235.13,45,4.8,Delivered
57640,20240216,1759,2006,3143,1,647.93,30.17,117.91,19,3.3,Delivered
57641,20250113,1517,2028,3011,4,847.83,44.73,0.0,38,4.2,Delivered
57642,20240405,1348,2049,3042,5,4234.67,21.08,0.0,58,3.9,Delivered
57643,20240412,1715,2037,3005,1,554.91,33.14,0.0,63,4.3,Delivered
57644,20240525,1564,2103,3044,1,530.28,30.7,152.6,19,4.4,Delivered
57645,20240127,1499,2035,3127,3,1814.08,41.83,56.06,53,3.8,Delivered
57646,20250613,1628,2020,3068,1,455.75,49.81,0.0,47,3.1,Delivered
57647,20251109,1221,2112,3127,1,785.06,66.84,56.08,32,4.8,Delivered
57648,20240322,1727,2031,3116,4,1804.95,45.77,102.58,25,5.0,Delivered
57649,20250303,1564,2109,3046,3,1535.7,19.5,0.0,32,4.6,Delivered
57650,20250806,1393,2008,3023,1,497.97,74.1,244.15,60,,Cancelled
57651,20250423,1131,2056,3053,2,1273.01,37.39,54.19,55,3.1,Delivered
57652,20240610,1708,2098,3048,2,816.42,65.17,0.0,62,4.3,Delivered
57653,20250205,1082,2084,3007,1,172.75,26.35,157.65,55,5.0,Delivered
57654,20250522,1031,2036,3056,3,1626.26,59.47,0.0,24,4.8,Delivered
57655,20240207,1480,2035,3005,5,848.47,18.68,127.0,55,3.1,Delivered
57656,20250525,1286,2097,3145,3,2065.37,48.24,213.52,56,4.8,Delivered
57657,20250127,1394,2052,3027,4,1277.32,36.17,0.0,35,4.1,Delivered
57658,20251213,1127,2052,3023,1,614.91,72.95,108.38,64,3.0,Delivered
57659,20250508,1331,2090,3136,4,1299.23,59.33,65.23,40,4.5,Delivered
57660,20240718,1008,2020,3005,1,538.6,68.87,96.18,63,4.5,Delivered
57661,20240911,1199,2046,3130,4,2085.07,65.11,0.0,51,3.1,Delivered
57662,20240627,1472,2017,3012,3,1342.18,77.57,227.35,46,3.4,Delivered
57663,20250630,1746,2031,3026,1,817.79,71.3,234.74,53,3.9,Delivered
57664,20250816,1358,2079,3070,2,1011.6,49.02,0.0,22,3.7,Delivered
57665,20250123,1727,2011,3026,2,1229.66,65.82,0.0,49,3.6,Delivered
57666,20250201,1782,2118,3102,3,471.88,36.69,173.39,59,4.9,Delivered
57667,20240606,1185,2035,3030,5,3982.07,26.16,84.99,28,3.7,Delivered
57668,20240104,1031,2034,3102,2,1607.94,71.1,63.54,27,4.6,Delivered
57669,20240615,1128,2028,3059,2,582.48,73.78,244.5,64,3.3,Delivered
57670,20250412,1028,2065,3016,5,1807.8,63.56,0.0,38,,Cancelled
57671,20250212,1113,2013,3138,1,185.8,52.15,212.83,25,3.3,Delivered
57672,20250215,1019,2104,3093,5,960.4,22.9,0.0,48,3.5,Delivered
57673,20240722,1729,2002,3141,1,575.47,34.22,0.0,41,3.2,Delivered
57674,20240712,1191,2070,3144,5,3434.0,44.34,223.9,61,4.8,Delivered
57675,20240822,1163,2026,3039,5,989.66,54.59,193.13,37,4.3,Delivered
57676,20251218,1579,2061,3050,4,1989.82,32.74,52.9,42,3.4,Delivered
57677,20240529,1309,2025,3124,1,671.18,64.79,0.0,49,3.4,Delivered
57678,20240607,1669,2090,3074,5,3377.78,66.06,236.87,63,3.8,Delivered
57679,20241005,1351,2080,3116,5,3189.55,26.55,0.0,49,,Cancelled
57680,20250207,1508,2022,3068,3,1272.94,58.93,0.0,41,4.5,Delivered
57681,20251108,1446,2068,3105,2,445.7,33.74,0.0,57,4.1,Delivered
57682,20241106,1469,2034,3142,4,1422.33,33.9,113.79,32,3.3,Delivered
57683,20240308,1272,2078,3140,5,1164.14,20.05,191.47,44,3.4,Delivered
57684,20250407,1297,2052,3019,2,1767.05,17.23,186.72,36,,Cancelled
57685,20240328,1076,2079,3119,1,791.15,75.01,0.0,46,,Cancelled
57686,20240804,1258,2042,3119,1,502.64,75.43,86.19,20,3.2,Delivered
57687,20240101,1351,2055,3021,4,2472.16,75.6,0.0,56,4.1,Delivered
57688,20240514,1255,2058,3029,3,1703.14,25.38,93.3,46,3.1,Delivered
57689,20251127,1467,2017,3038,2,1040.1,62.64,181.53,31,,Cancelled
57690,20241216,1602,2062,3068,4,848.46,17.31,0.0,21,4.7,Delivered
57691,20240519,1131,2079,3111,2,1462.1,26.17,0.0,50,,Cancelled
57692,20250909,1524,2117,3063,5,3774.6,71.36,124.97,24,3.4,Delivered
57693,20240512,1666,2071,3107,4,1287.02,63.97,0.0,56,3.9,Delivered
57694,20250911,1717,2089,3038,1,583.79,66.15,155.66,56,3.1,Delivered
57695,20240626,1285,2031,3052,2,901.76,19.17,132.62,52,4.3,Delivered
57696,20241223,1627,2035,3035,3,1756.31,75.57,0.0,25,,Cancelled
57697,20250114,1048,2056,3110,2,978.05,20.54,173.59,40,4.2,Delivered
57698,20251019,1766,2027,3088,4,3268.81,41.2,240.32,27,3.2,Delivered
57699,20250325,1308,2049,3051,4,2024.56,55.37,211.26,53,3.3,Delivered
57700,20250808,1568,2017,3021,4,2158.78,47.51,189.04,35,3.6,Delivered
57701,20250407,1620,2037,3082,3,2531.01,41.5,0.0,26,4.0,Delivered
57702,20240417,1217,2101,3047,4,3228.94,32.3,0.0,61,4.7,Delivered
57703,20240501,1753,2008,3082,4,2052.12,49.21,228.76,56,3.3,Delivered
57704,20240117,1799,2044,3041,4,2264.31,59.68,42.56,56,3.4,Delivered
57705,20240714,1459,2117,3087,5,3318.11,62.07,37.64,55,4.0,Delivered
57706,20241122,1515,2035,3001,3,807.24,62.36,0.0,63,3.1,Delivered
57707,20241113,1587,2116,3139,1,590.78,61.27,0.0,48,3.8,Delivered
57708,20250423,1743,2006,3076,3,880.01,28.83,150.37,49,4.3,Delivered
57709,20240908,1260,2055,3094,4,1284.88,69.99,0.0,37,,Cancelled
57710,20250517,1352,2083,3099,2,953.49,28.76,115.47,23,3.3,Delivered
57711,20240428,1469,2119,3100,2,810.45,58.8,51.46,33,5.0,Delivered
57712,20251104,1091,2076,3128,4,817.21,24.22,190.61,64,3.9,Delivered
57713,20251210,1023,2049,3055,4,2185.55,43.23,0.0,59,3.5,Delivered
57714,20250512,1417,2044,3060,1,322.1,40.57,0.0,20,4.2,Delivered
57715,20250430,1483,2093,3095,4,1030.6,78.81,0.0,40,3.0,Delivered
57716,20240214,1581,2016,3104,5,945.39,15.92,171.16,53,4.8,Delivered
57717,20241109,1620,2027,3010,3,2397.34,15.08,0.0,31,4.7,Delivered
57718,20240627,1209,2066,3091,2,944.95,16.41,245.28,65,3.6,Delivered
57719,20250221,1393,2085,3004,2,1732.13,25.29,0.0,53,3.8,Delivered
57720,20250709,1188,2112,3077,2,724.85,48.58,32.79,46,4.2,Delivered
57721,20240318,1343,2074,3036,3,2062.9,18.54,140.83,27,3.0,Delivered
57722,20241121,1757,2077,3095,1,182.31,63.17,0.0,44,3.6,Delivered
57723,20251120,1188,2112,3078,3,1630.69,23.52,0.0,64,4.1,Delivered
57724,20241222,1483,2120,3040,3,2331.79,78.05,92.69,59,4.8,Delivered
57725,20250219,1462,2077,3054,4,1595.96,52.57,0.0,58,4.6,Delivered
57726,20250529,1341,2047,3118,2,443.78,40.63,0.0,28,4.4,Delivered
57727,20240801,1751,2006,3108,1,793.17,33.9,0.0,38,5.0,Delivered
57728,20240314,1710,2007,3141,4,750.92,24.87,167.33,61,,Cancelled
57729,20250716,1550,2002,3105,3,2495.08,55.21,117.06,44,3.6,Delivered
57730,20250801,1552,2112,3130,3,2475.98,45.13,0.0,52,,Cancelled
57731,20250523,1693,2096,3075,1,786.86,49.92,140.26,63,,Cancelled
57732,20241127,1466,2029,3059,3,2613.97,21.72,169.45,44,4.3,Delivered
57733,20240402,1538,2044,3021,1,669.01,59.2,0.0,52,3.7,Delivered
57734,20251118,1592,2031,3066,3,2669.56,48.04,0.0,45,4.4,Delivered
57735,20251018,1549,2088,3108,3,1143.7,40.16,0.0,36,3.5,Delivered
57736,20250602,1391,2037,3150,5,944.33,74.54,0.0,26,4.0,Delivered
57737,20240925,1684,2115,3080,2,776.12,21.56,181.12,29,4.2,Delivered
57738,20250110,1225,2049,3035,1,596.69,19.15,187.2,39,4.2,Delivered
57739,20240104,1188,2041,3118,3,965.63,61.77,97.06,36,4.7,Delivered
57740,20240517,1494,2110,3009,4,1809.45,42.67,60.9,38,4.6,Delivered
57741,20240818,1581,2006,3031,1,781.95,24.9,0.0,53,3.6,Delivered
57742,20250822,1232,2008,3054,1,775.44,16.87,184.48,40,4.6,Delivered
57743,20250612,1175,2054,3023,1,796.09,31.53,97.11,27,4.9,Delivered
57744,20240221,1365,2028,3065,4,2611.86,73.05,0.0,37,3.3,Delivered
57745,20251007,1089,2043,3118,5,2760.47,47.95,113.44,50,4.9,Delivered
57746,20251223,1361,2094,3011,5,844.94,60.07,176.97,27,3.7,Delivered
57747,20241120,1534,2048,3117,1,877.2,69.03,190.47,64,3.6,Delivered
57748,20251231,1469,2026,3058,1,800.06,51.35,131.84,24,3.4,Delivered
57749,20251217,1532,2075,3093,3,1039.8,42.0,142.64,50,4.2,Delivered
57750,20251223,1562,2050,3127,3,1052.84,77.56,145.27,63,5.0,Delivered
57751,20241003,1369,2078,3013,5,2427.11,70.68,209.0,40,4.5,Delivered
57752,20250619,1015,2056,3027,1,767.45,60.48,0.0,36,3.4,Delivered
57753,20250430,1392,2037,3088,2,1232.58,50.18,27.48,63,3.1,Delivered
57754,20250530,1195,2025,3149,5,4380.12,51.75,60.94,38,4.8,Delivered
57755,20240531,1205,2018,3139,4,874.36,21.65,0.0,18,3.5,Delivered
57756,20250427,1776,2106,3110,5,3322.56,15.58,0.0,44,4.9,Delivered
57757,20240915,1686,2105,3130,4,709.16,69.86,179.53,38,3.2,Delivered
57758,20241119,1064,2075,3011,3,2218.89,59.87,0.0,54,4.0,Delivered
57759,20240616,1352,2096,3076,3,2461.09,19.09,214.92,36,3.9,Delivered
57760,20251118,1320,2033,3093,3,1843.62,62.55,180.81,55,4.2,Delivered
57761,20241105,1695,2083,3142,5,4212.81,55.24,0.0,21,3.0,Delivered
57762,20250423,1595,2020,3099,2,1532.14,41.38,109.64,26,3.7,Delivered
57763,20240225,1793,2016,3102,1,191.06,16.64,42.31,47,3.5,Delivered
57764,20250911,1378,2117,3117,1,786.2,75.11,0.0,44,4.5,Delivered
57765,20250417,1338,2040,3116,5,3197.28,15.34,0.0,36,4.0,Delivered
57766,20241022,1778,2063,3130,5,3229.11,25.14,35.27,54,3.9,Delivered
57767,20250405,1060,2070,3136,2,563.95,37.83,197.08,39,3.9,Delivered
57768,20241119,1119,2032,3072,2,687.34,21.03,247.3,22,3.1,Delivered
57769,20240520,1021,2001,3047,3,2287.54,72.36,0.0,32,4.9,Delivered
57770,20251028,1513,2083,3128,3,2334.52,46.7,0.0,49,3.9,Delivered
57771,20240918,1350,2018,3034,4,3299.34,55.53,0.0,62,4.0,Delivered
57772,20250223,1599,2017,3068,2,863.74,75.16,153.94,34,,Cancelled
57773,20240828,1033,2024,3132,1,878.44,42.21,0.0,24,3.7,Delivered
57774,20241220,1798,2059,3049,1,473.61,29.78,0.0,19,3.1,Delivered
57775,20250811,1798,2069,3082,4,2309.91,24.15,0.0,53,3.3,Delivered
57776,20240628,1144,2090,3134,4,2887.45,55.6,0.0,20,4.6,Delivered
57777,20240306,1792,2015,3092,2,1637.4,19.72,55.68,48,3.7,Delivered
57778,20241213,1224,2055,3021,2,943.55,46.43,0.0,36,,Cancelled
57779,20240619,1520,2019,3124,1,228.15,66.51,50.41,55,3.3,Delivered
57780,20250418,1009,2077,3129,4,2837.32,52.56,0.0,49,3.4,Delivered
57781,20250617,1501,2045,3068,5,3075.32,16.53,0.0,33,4.1,Delivered
57782,20250101,1666,2058,3003,4,2909.64,27.64,139.69,56,3.3,Delivered
57783,20240416,1364,2008,3009,1,653.59,64.31,0.0,37,3.9,Delivered
57784,20250314,1451,2019,3006,4,708.15,23.89,110.94,44,4.6,Delivered
57785,20240814,1329,2016,3114,1,476.01,19.14,0.0,57,,Cancelled
57786,20250319,1597,2043,3131,3,1045.8,20.12,189.73,39,3.1,Delivered
57787,20250317,1547,2005,3059,2,1015.27,43.15,0.0,29,3.7,Delivered
57788,20250130,1038,2003,3121,2,1607.37,26.91,134.86,58,3.6,Delivered
57789,20251228,1399,2071,3100,1,653.1,25.63,87.53,60,4.0,Delivered
57790,20250803,1398,2011,3045,2,1775.5,36.0,166.64,51,3.3,Delivered
57791,20240324,1118,2045,3029,5,3522.76,67.48,0.0,35,4.8,Delivered
57792,20250906,1227,2090,3084,1,703.51,62.76,148.18,52,3.1,Delivered
57793,20250704,1213,2022,3113,4,1034.55,49.65,238.7,34,4.8,Delivered
57794,20240113,1373,2006,3019,4,3488.45,19.04,85.1,38,5.0,Delivered
57795,20251123,1776,2077,3113,1,880.8,61.32,0.0,44,4.9,Delivered
57796,20250507,1660,2059,3135,2,533.31,65.59,58.01,58,4.7,Delivered
57797,20240924,1373,2044,3074,2,1055.49,42.59,0.0,35,,Cancelled
57798,20250608,1328,2008,3118,5,1952.36,70.15,0.0,30,4.0,Delivered
57799,20240429,1788,2006,3011,3,2195.12,43.74,0.0,42,3.5,Delivered
57800,20241218,1656,2021,3042,3,724.12,58.74,0.0,26,3.6,Delivered
57801,20240226,1736,2072,3052,2,1054.86,50.19,0.0,39,,Cancelled
57802,20240209,1421,2018,3137,5,1118.19,51.8,227.4,21,3.5,Delivered
57803,20241201,1419,2085,3095,4,2652.15,52.52,77.97,53,4.4,Delivered
57804,20251001,1490,2052,3002,1,242.76,29.5,218.64,21,4.6,Delivered
57805,20240621,1025,2077,3076,2,1404.76,21.8,231.51,45,4.8,Delivered
57806,20250630,1606,2048,3094,4,1858.74,66.39,0.0,47,4.4,Delivered
57807,20240915,1221,2074,3087,1,261.0,56.34,166.71,33,3.2,Delivered
57808,20250531,1593,2103,3124,4,1577.55,21.21,205.59,21,3.6,Delivered
57809,20251230,1077,2097,3042,5,2799.37,19.91,172.03,18,4.0,Delivered
57810,20250606,1455,2028,3078,1,355.48,51.15,76.57,21,4.9,Delivered
57811,20240426,1388,2070,3027,4,1831.74,35.45,139.38,31,4.9,Delivered
57812,20240702,1315,2009,3025,4,1066.97,30.66,0.0,57,,Cancelled
57813,20240425,1293,2099,3124,4,1428.02,51.88,0.0,37,3.7,Delivered
57814,20240610,1654,2120,3067,5,4143.42,49.0,0.0,51,3.9,Delivered
57815,20250801,1176,2044,3091,2,525.41,27.01,0.0,59,3.1,Delivered
57816,20251212,1705,2036,3090,4,3298.82,38.69,58.1,31,3.1,Delivered
57817,20250626,1780,2036,3051,5,3190.78,73.02,116.11,26,3.1,Delivered
57818,20250809,1678,2017,3010,1,202.02,50.74,0.0,20,4.9,Delivered
57819,20240824,1521,2049,3094,5,2669.2,59.15,49.98,50,4.2,Delivered
57820,20240306,1052,2035,3022,1,521.21,47.83,221.87,60,3.4,Delivered
57821,20240310,1239,2055,3083,1,898.74,46.16,0.0,62,3.9,Delivered
57822,20250322,1072,2108,3068,1,656.85,68.17,221.25,46,3.8,Delivered
57823,20250219,1517,2015,3121,4,3066.92,41.57,0.0,25,4.2,Delivered
57824,20250615,1413,2035,3006,5,2911.9,68.69,177.4,23,5.0,Delivered
57825,20250316,1570,2080,3072,4,2178.87,55.05,0.0,57,4.9,Delivered
57826,20250408,1091,2033,3058,5,1575.61,24.15,0.0,41,3.8,Delivered
57827,20250130,1749,2059,3127,3,614.79,46.85,143.92,58,4.1,Delivered
57828,20251211,1466,2043,3110,5,1783.46,48.5,0.0,64,4.2,Delivered
57829,20250704,1151,2091,3131,5,4205.64,19.02,140.52,30,3.9,Delivered
57830,20251018,1780,2052,3111,4,1455.38,19.23,186.66,40,,Cancelled
57831,20250710,1651,2066,3052,3,2611.42,29.96,207.39,22,4.5,Delivered
57832,20250129,1239,2005,3127,3,1173.46,16.79,0.0,30,4.2,Delivered
57833,20241121,1541,2002,3144,4,3367.57,41.62,242.55,60,4.9,Delivered
57834,20240331,1482,2015,3101,4,768.31,23.66,65.75,25,3.7,Delivered
57835,20240310,1523,2029,3089,5,3649.17,27.81,0.0,57,4.6,Delivered
57836,20240614,1314,2116,3122,5,3504.94,29.55,118.7,58,3.6,Delivered
57837,20251003,1072,2110,3099,5,2740.82,62.82,0.0,61,4.9,Delivered
57838,20240801,1582,2034,3117,4,2796.88,70.56,0.0,62,4.4,Delivered
57839,20250823,1026,2009,3114,4,3530.41,48.61,34.97,61,4.3,Delivered
57840,20241130,1706,2030,3065,3,611.98,22.92,0.0,35,3.8,Delivered
57841,20250103,1010,2119,3121,2,1467.94,67.5,0.0,64,3.4,Delivered
57842,20250806,1126,2033,3069,4,1489.46,78.06,0.0,47,4.5,Delivered
57843,20251107,1297,2092,3045,2,977.21,22.96,0.0,45,4.7,Delivered
57844,20240218,1635,2051,3027,5,4094.62,72.96,0.0,22,3.3,Delivered
57845,20240221,1705,2012,3084,1,370.34,22.73,43.18,41,3.3,Delivered
57846,20241015,1136,2014,3049,2,1654.12,30.38,142.33,43,4.2,Delivered
57847,20250917,1608,2063,3121,1,325.98,34.94,52.32,49,4.5,Delivered
57848,20240826,1761,2068,3114,5,3236.18,38.26,47.39,23,4.0,Delivered
57849,20240512,1526,2081,3096,3,1276.05,15.52,0.0,40,3.3,Delivered
57850,20240614,1027,2089,3127,1,867.26,71.73,229.0,53,4.4,Delivered
57851,20250108,1242,2052,3048,2,923.38,77.95,0.0,21,4.7,Delivered
57852,20250107,1067,2055,3119,2,1239.83,66.14,35.24,27,3.6,Delivered
57853,20250422,1152,2106,3136,4,902.98,67.36,0.0,57,4.3,Delivered
57854,20250423,1231,2111,3095,1,783.43,68.71,0.0,61,3.1,Delivered
57855,20251011,1132,2034,3136,2,377.26,59.13,183.99,61,3.5,Delivered
57856,20250813,1042,2002,3006,1,888.77,26.06,0.0,24,5.0,Delivered
57857,20251112,1329,2077,3032,5,3772.86,44.83,0.0,44,4.8,Delivered
57858,20250926,1338,2057,3114,5,4285.36,48.33,58.81,33,3.4,Delivered
57859,20251118,1539,2006,3066,3,1027.29,28.36,172.15,60,4.0,Delivered
57860,20241026,1507,2008,3051,4,2150.66,22.27,0.0,35,,Cancelled
57861,20240322,1149,2016,3092,4,1845.46,69.04,0.0,48,3.1,Delivered
57862,20240327,1368,2077,3068,3,2434.78,18.58,113.99,26,3.4,Delivered
57863,20240812,1747,2060,3144,1,432.94,71.91,47.66,20,3.8,Delivered
57864,20240116,1076,2027,3107,3,1173.63,16.61,0.0,54,3.1,Delivered
57865,20241223,1568,2077,3028,2,1479.96,21.29,0.0,56,3.8,Delivered
57866,20240611,1121,2078,3093,2,1474.4,63.46,0.0,60,4.6,Delivered
57867,20250901,1624,2072,3089,2,1505.93,63.94,0.0,33,4.9,Delivered
57868,20251029,1031,2119,3111,4,3118.6,39.09,157.44,37,,Cancelled
57869,20250528,1227,2097,3050,3,2009.78,27.49,0.0,63,4.1,Delivered
57870,20241215,1726,2094,3133,1,658.76,64.4,0.0,40,,Cancelled
57871,20251111,1781,2113,3079,3,1708.19,71.88,162.35,50,3.4,Delivered
57872,20250408,1475,2037,3025,1,453.19,16.74,221.11,22,5.0,Delivered
57873,20250109,1412,2030,3143,1,645.43,58.58,0.0,58,4.4,Delivered
57874,20240401,1282,2117,3018,1,680.46,74.27,51.47,48,3.8,Delivered
57875,20240629,1585,2117,3062,5,2511.19,52.14,0.0,30,4.6,Delivered
57876,20241027,1500,2025,3048,5,4413.02,30.3,0.0,41,4.2,Delivered
57877,20251021,1434,2033,3134,5,2031.09,20.42,88.94,46,3.7,Delivered
57878,20240707,1442,2076,3126,3,1623.75,24.92,0.0,63,3.8,Delivered
57879,20241109,1265,2038,3150,4,1298.15,21.54,206.3,52,3.8,Delivered
57880,20250507,1228,2063,3146,5,3062.01,25.37,181.76,30,3.1,Delivered
57881,20240507,1570,2051,3089,2,946.02,23.78,0.0,19,4.8,Delivered
57882,20250602,1287,2085,3026,2,405.42,18.3,196.44,60,4.2,Delivered
57883,20250301,1452,2066,3084,4,1315.31,33.51,67.31,48,4.3,Delivered
57884,20250712,1418,2075,3144,3,1703.39,55.02,237.49,56,3.8,Delivered
57885,20250718,1042,2090,3061,4,3239.09,21.7,0.0,42,4.6,Delivered
57886,20240705,1556,2014,3108,5,1133.28,39.03,144.08,52,3.9,Delivered
57887,20250703,1347,2012,3043,3,964.95,66.13,151.48,53,3.9,Delivered
57888,20250328,1288,2082,3103,2,714.23,75.87,162.3,51,3.9,Delivered
57889,20250415,1033,2119,3109,4,1619.12,18.95,146.49,39,4.5,Delivered
57890,20250718,1030,2066,3023,2,1634.23,47.05,50.64,57,,Cancelled
57891,20240811,1609,2032,3123,3,1292.1,67.76,124.71,20,4.8,Delivered
57892,20240602,1413,2005,3103,3,2013.35,49.11,115.45,56,4.2,Delivered
57893,20250713,1209,2048,3005,3,946.57,30.99,230.02,52,3.2,Delivered
57894,20241216,1651,2048,3139,4,2067.2,71.86,0.0,54,4.3,Delivered
57895,20240526,1139,2006,3083,3,2091.48,56.06,0.0,57,4.4,Delivered
57896,20250729,1667,2050,3091,1,753.7,26.61,0.0,44,4.5,Delivered
57897,20241214,1654,2054,3039,2,1045.01,44.53,79.46,18,4.2,Delivered
57898,20240630,1770,2006,3001,4,2011.74,43.06,103.87,32,4.8,Delivered
57899,20250928,1109,2113,3125,3,749.44,38.69,175.51,62,4.9,Delivered
57900,20240627,1064,2092,3082,4,1823.28,25.58,0.0,18,3.7,Delivered
57901,20240208,1244,2092,3111,3,1994.38,63.72,0.0,34,4.6,Delivered
57902,20240103,1654,2120,3016,3,898.22,44.81,0.0,60,3.0,Delivered
57903,20240304,1566,2102,3124,3,1813.49,57.47,0.0,29,3.4,Delivered
57904,20240129,1079,2057,3149,3,1013.94,59.74,0.0,52,3.2,Delivered
57905,20250106,1639,2037,3077,4,787.53,76.12,111.2,62,3.2,Delivered
57906,20250606,1288,2114,3106,4,2166.48,28.71,0.0,61,4.9,Delivered
57907,20240406,1091,2010,3045,3,2180.71,76.18,63.92,49,3.2,Delivered
57908,20250317,1049,2009,3004,5,1818.1,32.09,206.07,21,4.1,Delivered
57909,20240721,1402,2028,3064,5,2489.7,62.8,21.5,23,4.6,Delivered
57910,20250214,1364,2002,3090,5,3194.46,27.49,0.0,24,3.7,Delivered
57911,20240121,1312,2026,3077,5,2303.62,34.81,52.3,19,4.9,Delivered
57912,20250704,1220,2005,3087,5,3601.42,76.35,192.37,53,4.1,Delivered
57913,20240411,1627,2048,3133,2,1750.36,46.63,68.31,60,3.7,Delivered
57914,20240215,1501,2094,3114,5,971.24,54.81,211.51,55,4.2,Delivered
57915,20240306,1009,2025,3065,3,1729.1,48.64,0.0,18,4.2,Delivered
57916,20250825,1098,2106,3055,1,412.49,34.57,0.0,29,3.1,Delivered
57917,20240612,1730,2022,3144,4,1318.99,67.31,0.0,48,4.7,Delivered
57918,20240420,1343,2109,3090,5,4173.69,58.42,0.0,57,3.3,Delivered
57919,20241203,1556,2104,3005,3,2483.05,27.71,0.0,60,4.5,Delivered
57920,20240502,1285,2095,3004,5,4060.93,65.69,137.37,20,4.7,Delivered
57921,20251205,1495,2027,3049,2,1785.19,32.57,0.0,24,3.2,Delivered
57922,20250322,1200,2082,3085,4,2384.4,44.59,127.63,61,3.2,Delivered
57923,20250902,1136,2104,3116,5,945.75,78.57,59.86,45,4.7,Delivered
57924,20241017,1667,2037,3133,3,1276.84,51.65,0.0,33,3.3,Delivered
57925,20251101,1341,2039,3086,1,315.33,55.06,180.45,65,3.8,Delivered
57926,20250215,1530,2025,3004,1,810.48,20.19,23.33,55,5.0,Delivered
57927,20250906,1677,2048,3048,2,1452.6,37.14,0.0,50,,Cancelled
57928,20241007,1558,2097,3048,3,1238.27,51.83,202.93,50,,Cancelled
57929,20240212,1187,2028,3120,1,619.42,62.44,0.0,37,3.4,Delivered
57930,20250430,1644,2081,3019,4,3125.04,56.62,151.11,31,4.1,Delivered
57931,20250818,1787,2073,3042,1,503.34,70.04,163.11,35,3.7,Delivered
57932,20251203,1604,2033,3048,2,1184.65,58.38,26.07,42,3.6,Delivered
57933,20240220,1794,2072,3109,3,2352.58,23.57,188.39,64,4.1,Delivered
57934,20240728,1647,2075,3087,4,3213.58,73.57,213.77,48,3.4,Delivered
57935,20240505,1238,2080,3073,2,978.86,25.48,130.8,26,3.4,Delivered
57936,20250506,1056,2035,3126,5,4316.39,22.16,45.68,53,4.5,Delivered
57937,20250523,1710,2037,3085,5,3878.38,46.99,0.0,24,3.7,Delivered
57938,20250803,1729,2117,3086,3,1898.64,44.49,0.0,59,3.7,Delivered
57939,20240914,1453,2002,3137,2,407.22,28.01,46.79,59,3.7,Delivered
57940,20240706,1640,2029,3088,5,3720.67,34.29,41.08,21,4.2,Delivered
57941,20240817,1394,2026,3077,4,2413.64,37.16,0.0,28,4.9,Delivered
57942,20240707,1797,2018,3027,1,232.66,37.82,0.0,20,4.5,Delivered
57943,20250218,1658,2008,3118,2,314.55,16.66,170.47,52,4.6,Delivered
57944,20240110,1137,2035,3135,2,583.05,16.44,0.0,36,4.8,Delivered
57945,20240423,1030,2055,3123,4,3302.13,75.98,0.0,36,3.6,Delivered
57946,20240316,1228,2099,3017,1,300.88,16.3,0.0,57,4.4,Delivered
57947,20251106,1758,2090,3134,1,545.91,59.18,225.82,46,3.1,Delivered
57948,20250516,1039,2078,3059,5,1598.21,57.99,0.0,37,3.0,Delivered
57949,20240325,1614,2059,3104,5,1185.27,51.67,0.0,45,4.8,Delivered
57950,20240218,1777,2001,3102,2,1245.51,74.55,133.38,48,4.5,Delivered
57951,20250509,1635,2051,3047,2,319.29,52.62,0.0,49,3.5,Delivered
57952,20251119,1332,2008,3144,2,561.44,32.24,0.0,43,3.0,Delivered
57953,20250121,1431,2085,3136,4,1656.59,33.05,41.92,40,4.3,Delivered
57954,20250123,1587,2056,3026,4,3253.8,48.48,205.17,40,3.9,Delivered
57955,20240805,1007,2096,3015,3,2084.53,42.12,173.97,18,3.1,Delivered
57956,20251201,1432,2014,3144,2,1149.33,75.97,241.2,62,4.5,Delivered
57957,20241211,1207,2068,3097,3,1446.87,34.29,97.9,36,4.1,Delivered
57958,20240817,1216,2048,3003,5,2627.45,46.89,0.0,22,4.1,Delivered
57959,20240911,1329,2043,3031,1,380.29,48.8,41.13,37,4.2,Delivered
57960,20240823,1375,2113,3075,4,651.4,18.62,0.0,53,4.7,Delivered
57961,20240126,1242,2012,3003,3,946.24,40.43,0.0,36,5.0,Delivered
57962,20250806,1123,2101,3100,4,1862.03,23.34,135.88,33,3.7,Delivered
57963,20240917,1040,2008,3040,3,1514.9,66.31,230.46,56,4.9,Delivered
57964,20240927,1798,2064,3092,4,1661.45,29.89,74.71,19,3.7,Delivered
57965,20240502,1361,2005,3123,3,611.81,79.8,202.25,48,3.5,Delivered
57966,20251017,1337,2007,3091,3,1008.82,59.86,151.35,18,4.5,Delivered
57967,20240913,1428,2025,3007,2,1703.72,59.09,0.0,46,3.0,Delivered
57968,20251017,1120,2041,3094,2,534.16,49.14,207.4,52,3.9,Delivered
57969,20250224,1641,2024,3098,1,658.58,16.97,248.95,58,3.1,Delivered
57970,20240915,1043,2031,3053,1,172.87,72.13,0.0,42,4.8,Delivered
57971,20240216,1740,2002,3102,4,2021.81,73.09,0.0,33,3.4,Delivered
57972,20250608,1200,2009,3014,4,2011.59,24.45,232.56,46,4.4,Delivered
57973,20240726,1213,2072,3021,4,1081.35,76.17,58.93,64,4.4,Delivered
57974,20241106,1546,2036,3105,4,2406.08,77.08,120.97,29,4.1,Delivered
57975,20240528,1782,2069,3122,1,718.8,72.39,0.0,55,,Cancelled
57976,20250313,1682,2011,3148,5,950.87,45.85,0.0,38,3.3,Delivered
57977,20240603,1137,2055,3115,4,2916.28,15.63,166.76,19,3.2,Delivered
57978,20251108,1252,2006,3049,1,279.96,65.25,66.11,53,4.9,Delivered
57979,20240330,1452,2042,3123,1,444.08,57.38,158.91,33,,Cancelled
57980,20251128,1688,2075,3016,5,1623.26,76.82,185.84,60,3.9,Delivered
57981,20241223,1431,2008,3070,3,1759.33,36.28,0.0,22,4.0,Delivered
57982,20240622,1293,2108,3007,4,1043.09,16.95,0.0,20,4.1,Delivered
57983,20240804,1798,2078,3121,3,1060.98,31.86,106.22,51,3.0,Delivered
57984,20250331,1463,2036,3024,2,1643.85,21.34,39.74,35,4.2,Delivered
57985,20250831,1706,2050,3121,1,747.09,30.84,197.16,51,3.5,Delivered
57986,20250920,1500,2029,3085,4,1345.31,36.5,0.0,46,4.9,Delivered
57987,20240717,1722,2090,3089,1,677.25,41.41,0.0,56,4.8,Delivered
57988,20250430,1499,2049,3088,3,2249.12,60.71,0.0,24,,Cancelled
57989,20250616,1509,2067,3054,4,1026.07,40.35,0.0,55,4.4,Delivered
57990,20240718,1070,2102,3085,4,1445.86,33.98,0.0,21,4.9,Delivered
57991,20250105,1032,2062,3118,2,1498.02,53.02,52.79,28,4.8,Delivered
57992,20250323,1015,2010,3143,3,1023.02,22.25,0.0,19,5.0,Delivered
57993,20240904,1627,2004,3020,3,1925.27,40.34,239.69,22,4.3,Delivered
57994,20240920,1690,2048,3079,4,2954.23,47.45,0.0,59,3.8,Delivered
57995,20240227,1381,2004,3120,5,4499.36,37.0,0.0,62,3.9,Delivered
57996,20241028,1026,2074,3064,1,167.48,41.54,44.04,40,3.1,Delivered
57997,20240131,1460,2057,3078,4,1510.07,31.99,0.0,44,4.6,Delivered
57998,20250512,1216,2051,3121,1,263.76,79.32,0.0,54,3.8,Delivered
57999,20240905,1540,2111,3067,4,1647.16,29.82,0.0,36,3.9,Delivered
58000,20250827,1473,2064,3126,4,3103.95,40.79,0.0,62,3.8,Delivered
58001,20240927,1707,2047,3087,2,969.69,26.82,0.0,18,4.9,Delivered
58002,20250828,1343,2118,3139,5,2601.04,61.9,197.95,34,4.2,Delivered
58003,20251027,1484,2067,3013,1,446.92,25.83,236.97,23,4.2,Delivered
58004,20250128,1676,2054,3128,1,215.14,78.08,0.0,29,3.3,Delivered
58005,20250516,1576,2085,3076,5,1216.69,59.28,0.0,18,3.5,Delivered
58006,20250814,1022,2013,3056,4,2008.75,51.15,159.98,55,4.5,Delivered
58007,20240324,1168,2079,3097,2,1237.94,58.0,0.0,28,3.8,Delivered
58008,20241230,1771,2013,3055,1,348.17,77.98,0.0,30,4.2,Delivered
58009,20250702,1416,2042,3028,5,4400.17,19.61,0.0,19,3.1,Delivered
58010,20241207,1776,2017,3094,5,841.53,71.87,133.55,52,4.4,Delivered
58011,20250210,1601,2112,3094,4,3395.99,78.45,0.0,44,3.7,Delivered
58012,20250228,1482,2061,3059,5,3503.41,46.05,154.35,30,3.6,Delivered
58013,20240402,1152,2043,3028,1,539.52,70.1,0.0,23,3.0,Delivered
58014,20250905,1225,2042,3051,4,1869.34,60.6,114.85,24,3.8,Delivered
58015,20250215,1775,2088,3078,4,1468.94,44.63,66.37,31,4.6,Delivered
58016,20250307,1618,2077,3007,3,1435.36,17.6,0.0,46,4.3,Delivered
58017,20251108,1368,2025,3079,2,653.74,73.74,0.0,23,4.6,Delivered
58018,20240607,1433,2014,3002,3,1529.68,15.9,211.45,47,3.1,Delivered
58019,20240114,1263,2093,3021,5,3925.12,38.68,0.0,27,4.2,Delivered
58020,20250107,1140,2086,3024,4,3561.33,63.56,0.0,49,3.1,Delivered
58021,20240812,1289,2109,3043,3,1517.93,68.3,177.21,24,,Cancelled
58022,20250519,1118,2045,3123,5,822.46,32.83,0.0,25,4.1,Delivered
58023,20240313,1345,2087,3116,1,176.39,21.72,0.0,30,4.9,Delivered
58024,20240905,1232,2089,3035,2,1597.5,17.94,123.26,64,4.8,Delivered
58025,20250525,1364,2008,3079,5,2747.92,57.9,64.32,36,4.9,Delivered
58026,20250825,1011,2077,3075,2,1603.44,53.92,0.0,34,3.8,Delivered
58027,20240803,1300,2111,3125,1,692.02,25.92,0.0,64,4.1,Delivered
58028,20250824,1710,2050,3079,5,1959.63,72.92,115.52,30,3.5,Delivered
58029,20250624,1736,2072,3074,3,1294.13,37.55,0.0,47,4.1,Delivered
58030,20240807,1028,2101,3140,2,448.75,45.09,169.58,42,4.1,Delivered
58031,20251227,1683,2008,3120,3,1377.87,39.98,127.84,62,3.4,Delivered
58032,20240808,1421,2083,3127,5,3481.47,48.84,0.0,20,4.0,Delivered
58033,20250123,1216,2045,3093,5,3220.07,22.7,0.0,42,3.4,Delivered
58034,20250707,1575,2029,3011,3,1632.84,63.67,147.07,51,3.1,Delivered
58035,20251008,1627,2066,3019,1,637.37,24.02,136.3,65,4.8,Delivered
58036,20240211,1564,2118,3094,1,705.71,18.28,56.1,52,4.2,Delivered
58037,20251106,1032,2110,3140,3,1880.75,60.22,197.51,32,3.8,Delivered
58038,20241009,1570,2102,3021,2,1389.48,58.18,122.94,52,3.8,Delivered
58039,20240227,1149,2016,3029,1,477.24,24.44,0.0,18,3.2,Delivered
58040,20250620,1559,2063,3058,4,2789.16,78.16,161.73,24,4.4,Delivered
58041,20240313,1425,2015,3140,1,606.78,18.91,0.0,42,4.2,Delivered
58042,20240508,1023,2045,3122,2,667.63,60.06,0.0,33,3.7,Delivered
58043,20250821,1373,2025,3010,3,2073.15,51.58,0.0,64,3.2,Delivered
58044,20250301,1342,2032,3011,1,727.38,71.63,25.19,28,3.8,Delivered
58045,20251026,1607,2050,3128,1,516.38,55.19,173.85,32,,Cancelled
58046,20251124,1560,2025,3095,5,1230.8,33.15,0.0,19,3.7,Delivered
58047,20240504,1233,2045,3077,4,1333.23,31.22,86.85,26,4.6,Delivered
58048,20240307,1219,2039,3081,4,1017.26,79.37,55.02,65,4.8,Delivered
58049,20240106,1549,2037,3029,4,3058.43,44.15,155.91,26,3.8,Delivered
58050,20250928,1765,2085,3094,2,1052.68,24.63,0.0,19,4.6,Delivered
58051,20241109,1415,2097,3110,4,765.38,62.43,198.24,44,4.6,Delivered
58052,20241121,1217,2030,3041,2,406.99,59.87,35.26,33,3.3,Delivered
58053,20250718,1044,2074,3090,5,1565.85,31.7,145.91,58,4.3,Delivered
58054,20250731,1155,2005,3109,5,4237.1,65.85,0.0,39,4.5,Delivered
58055,20250520,1059,2097,3106,3,1711.88,77.46,0.0,42,3.2,Delivered
58056,20240322,1733,2032,3082,2,499.49,68.14,0.0,63,3.0,Delivered
58057,20250821,1784,2111,3121,1,812.94,40.45,0.0,36,4.2,Delivered
58058,20240102,1032,2023,3089,1,396.77,73.04,0.0,53,4.9,Delivered
58059,20240722,1531,2024,3122,2,1338.28,17.54,0.0,57,3.3,Delivered
58060,20251023,1572,2015,3029,5,1014.68,54.81,90.92,58,3.7,Delivered
58061,20250207,1587,2037,3083,1,335.15,18.72,0.0,47,4.9,Delivered
58062,20240412,1357,2090,3090,5,2972.16,33.46,170.08,53,3.8,Delivered
58063,20250619,1419,2085,3017,1,437.95,58.72,0.0,49,3.9,Delivered
58064,20250102,1502,2085,3113,4,2055.03,78.8,68.72,52,4.4,Delivered
58065,20240730,1461,2092,3122,4,1047.4,79.22,0.0,30,3.8,Delivered
58066,20250730,1512,2105,3017,5,3336.24,28.53,182.73,64,5.0,Delivered
58067,20240727,1613,2034,3015,1,553.06,48.18,248.88,61,3.2,Delivered
58068,20240426,1128,2011,3112,5,2644.07,27.96,223.28,49,4.5,Delivered
58069,20250919,1782,2109,3097,3,999.88,56.27,0.0,19,3.8,Delivered
58070,20250422,1678,2044,3011,1,871.7,68.74,0.0,43,4.9,Delivered
58071,20240414,1761,2053,3067,3,2432.67,64.2,162.9,63,3.0,Delivered
58072,20250509,1537,2098,3086,2,1275.1,40.82,233.52,18,4.8,Delivered
58073,20240215,1221,2109,3090,4,3417.64,36.6,234.31,18,,Cancelled
58074,20241126,1505,2106,3040,1,824.14,18.02,0.0,53,3.3,Delivered
58075,20240803,1509,2071,3007,3,2411.88,73.69,0.0,40,4.7,Delivered
58076,20250506,1670,2036,3058,3,1740.61,69.46,232.13,39,3.2,Delivered
58077,20250324,1526,2103,3118,4,2793.46,27.03,74.04,47,,Cancelled
58078,20250619,1217,2079,3077,2,1275.1,70.75,0.0,63,4.8,Delivered
58079,20250525,1421,2083,3134,4,2862.44,52.33,0.0,36,4.6,Delivered
58080,20250402,1026,2109,3136,4,1233.75,16.92,191.13,31,4.1,Delivered
58081,20250630,1024,2043,3085,5,2667.91,77.34,227.25,48,4.9,Delivered
58082,20250619,1747,2060,3106,3,686.49,42.99,220.83,32,3.7,Delivered
58083,20250623,1629,2066,3014,5,2815.47,59.14,221.55,51,3.4,Delivered
58084,20250428,1329,2044,3039,3,883.31,58.09,172.3,27,3.1,Delivered
58085,20240116,1122,2116,3144,2,1463.11,48.58,152.28,19,4.3,Delivered
58086,20250724,1328,2085,3143,5,3356.29,26.26,30.44,38,3.8,Delivered
58087,20240830,1089,2043,3105,1,589.91,47.78,239.58,39,4.5,Delivered
58088,20240725,1591,2032,3090,1,437.35,76.07,77.32,47,4.1,Delivered
58089,20240927,1252,2077,3149,5,3443.08,43.25,174.87,29,4.9,Delivered
58090,20251205,1016,2091,3067,5,2655.02,25.41,81.76,33,4.7,Delivered
58091,20251230,1781,2028,3061,5,4217.17,35.26,0.0,22,4.1,Delivered
58092,20240424,1288,2082,3095,3,1129.25,44.79,187.2,22,4.6,Delivered
58093,20250802,1297,2022,3136,4,2939.35,56.84,87.75,37,3.1,Delivered
58094,20241025,1443,2021,3045,2,879.23,19.68,0.0,60,4.8,Delivered
58095,20250427,1426,2043,3003,5,4054.72,29.9,70.24,24,4.1,Delivered
58096,20250131,1686,2105,3150,4,3008.49,52.91,0.0,41,3.2,Delivered
58097,20250128,1616,2007,3032,1,843.26,76.1,0.0,50,3.7,Delivered
58098,20240315,1367,2111,3120,4,3231.96,74.84,86.96,59,3.6,Delivered
58099,20250426,1440,2024,3070,1,402.39,61.41,195.86,36,4.4,Delivered
58100,20240412,1433,2110,3118,2,1053.94,78.72,59.41,57,3.3,Delivered
58101,20241023,1031,2012,3149,5,3078.99,76.13,37.34,45,3.6,Delivered
58102,20240626,1528,2012,3096,5,2533.87,31.02,174.27,27,4.2,Delivered
58103,20240802,1385,2036,3072,4,1500.16,63.96,146.83,32,4.0,Delivered
58104,20241110,1705,2022,3111,5,2919.76,66.19,0.0,29,3.4,Delivered
58105,20240208,1408,2085,3084,5,1081.51,31.43,0.0,65,3.7,Delivered
58106,20240915,1367,2060,3037,5,4074.74,63.77,161.04,58,3.6,Delivered
58107,20251216,1291,2059,3143,4,1819.56,45.47,0.0,54,4.7,Delivered
58108,20240107,1114,2088,3094,1,292.31,27.2,0.0,49,4.9,Delivered
58109,20240218,1260,2080,3079,1,312.8,24.59,0.0,36,4.2,Delivered
58110,20250621,1023,2055,3015,3,1496.46,23.79,238.63,40,4.0,Delivered
58111,20240609,1140,2022,3128,5,2952.39,35.32,142.88,24,4.1,Delivered
58112,20240624,1594,2099,3088,2,1311.73,72.74,0.0,31,4.6,Delivered
58113,20250813,1422,2094,3079,4,3591.7,32.66,0.0,25,4.4,Delivered
58114,20240102,1531,2034,3132,5,2900.73,19.89,125.43,34,3.5,Delivered
58115,20250330,1768,2002,3010,5,2114.36,32.12,0.0,57,3.9,Delivered
58116,20251005,1140,2034,3135,3,639.51,73.27,0.0,42,3.1,Delivered
58117,20241002,1767,2075,3002,2,1745.41,69.77,51.1,26,,Cancelled
58118,20250512,1094,2089,3069,4,2360.98,18.83,131.71,47,4.0,Delivered
58119,20250920,1660,2082,3108,3,1208.93,23.41,239.15,45,3.8,Delivered
58120,20251106,1231,2037,3074,1,501.52,29.43,206.58,63,3.7,Delivered
58121,20240128,1179,2114,3098,2,549.16,21.5,183.16,18,4.6,Delivered
58122,20241128,1671,2030,3058,4,752.47,78.86,0.0,53,4.9,Delivered
58123,20240101,1161,2085,3147,1,618.92,23.4,0.0,40,4.3,Delivered
58124,20240706,1032,2110,3003,2,1679.73,52.61,0.0,44,4.1,Delivered
58125,20240225,1385,2026,3048,2,964.93,66.55,0.0,53,4.5,Delivered
58126,20250630,1167,2029,3077,4,1334.15,63.99,24.51,47,3.7,Delivered
58127,20240421,1523,2043,3012,3,554.68,50.03,133.36,51,4.7,Delivered
58128,20241105,1053,2031,3053,4,3191.87,29.03,0.0,51,5.0,Delivered
58129,20240205,1021,2015,3088,4,1253.78,34.24,193.94,28,4.1,Delivered
58130,20250314,1456,2040,3059,3,875.97,25.4,145.27,26,4.0,Delivered
58131,20251229,1433,2013,3059,1,354.61,18.73,0.0,39,4.7,Delivered
58132,20250814,1151,2014,3116,5,3143.52,34.35,0.0,21,4.8,Delivered
58133,20250817,1058,2120,3062,3,1687.28,36.99,147.7,62,4.0,Delivered
58134,20250730,1658,2090,3126,2,570.08,68.59,0.0,50,3.5,Delivered
58135,20241120,1751,2029,3113,2,1563.85,46.19,140.67,20,3.3,Delivered
58136,20251001,1607,2088,3142,5,1198.99,31.7,0.0,62,3.7,Delivered
58137,20241102,1105,2021,3095,5,3721.84,65.62,0.0,32,4.1,Delivered
58138,20250617,1223,2046,3129,3,1217.64,41.66,153.67,58,3.2,Delivered
58139,20251228,1319,2015,3020,5,3284.1,59.87,225.12,24,4.5,Delivered
58140,20250910,1752,2062,3085,5,2277.81,40.83,184.2,35,4.3,Delivered
58141,20240418,1606,2066,3108,2,1632.22,48.7,0.0,60,4.5,Delivered
58142,20250106,1350,2020,3074,5,1370.38,75.59,122.71,58,3.9,Delivered
58143,20241222,1509,2015,3125,4,2057.17,78.55,27.63,55,3.6,Delivered
58144,20240629,1006,2067,3123,1,487.86,28.8,120.69,52,3.1,Delivered
58145,20241221,1554,2008,3010,3,2406.88,30.89,0.0,65,4.8,Delivered
58146,20251106,1089,2044,3141,3,2280.9,31.64,0.0,55,4.7,Delivered
58147,20240308,1679,2006,3016,2,1259.8,41.96,143.41,46,4.3,Delivered
58148,20241018,1033,2068,3059,3,2091.91,71.75,212.29,54,,Cancelled
58149,20251122,1458,2112,3043,4,3362.86,22.68,174.89,39,4.9,Delivered
58150,20240629,1539,2077,3121,1,780.37,20.99,21.44,58,3.3,Delivered
58151,20250410,1625,2083,3115,5,799.06,35.18,0.0,57,4.9,Delivered
58152,20250309,1621,2036,3112,5,3451.35,36.1,225.87,64,4.6,Delivered
58153,20250408,1612,2039,3135,1,729.08,45.6,0.0,48,4.0,Delivered
58154,20251111,1763,2111,3130,1,462.16,38.49,0.0,30,3.5,Delivered
58155,20250617,1145,2061,3004,3,1098.41,43.09,0.0,43,4.0,Delivered
58156,20240306,1794,2092,3072,3,1036.86,78.09,21.92,41,3.2,Delivered
58157,20240121,1197,2033,3128,4,1145.76,75.36,0.0,55,4.4,Delivered
58158,20250903,1261,2029,3003,3,2130.82,34.56,0.0,44,3.9,Delivered
58159,20250118,1094,2002,3136,2,978.86,40.63,75.93,60,4.4,Delivered
58160,20250906,1525,2042,3112,4,3144.73,15.84,0.0,58,4.9,Delivered
58161,20250712,1264,2006,3079,3,1494.48,74.19,173.79,55,4.5,Delivered
58162,20240208,1378,2008,3127,2,816.61,20.69,0.0,35,4.8,Delivered
58163,20241011,1673,2106,3113,1,562.51,38.31,77.79,27,4.5,Delivered
58164,20250824,1377,2004,3073,3,1308.43,44.52,0.0,52,4.9,Delivered
58165,20250819,1504,2029,3069,5,2729.43,33.91,36.18,33,3.1,Delivered
58166,20241201,1388,2093,3074,3,2062.98,39.69,92.91,55,3.1,Delivered
58167,20240706,1031,2119,3014,1,695.75,65.36,92.54,47,4.7,Delivered
58168,20251101,1717,2089,3068,2,541.39,41.83,37.03,49,3.6,Delivered
58169,20240830,1640,2077,3137,5,1013.45,60.95,0.0,22,4.4,Delivered
58170,20240313,1291,2078,3024,4,2106.92,69.85,0.0,45,5.0,Delivered
58171,20250423,1415,2085,3036,2,955.58,78.35,145.84,38,4.2,Delivered
58172,20250714,1101,2011,3121,4,1691.48,47.01,0.0,53,4.4,Delivered
58173,20240410,1039,2059,3023,3,1966.67,39.7,186.47,61,3.1,Delivered
58174,20250528,1592,2095,3070,4,3040.49,53.63,132.31,44,3.9,Delivered
58175,20240624,1442,2079,3111,4,863.05,33.1,190.81,51,4.8,Delivered
58176,20240825,1344,2087,3040,1,341.69,20.66,172.25,55,3.4,Delivered
58177,20240228,1341,2104,3011,2,1454.58,62.92,0.0,28,4.2,Delivered
58178,20240408,1629,2055,3012,5,767.1,64.56,0.0,49,4.7,Delivered
58179,20250509,1666,2028,3131,5,2377.46,75.04,228.9,42,3.1,Delivered
58180,20250528,1382,2012,3143,4,1723.12,44.73,0.0,19,4.2,Delivered
58181,20241023,1431,2090,3054,2,1021.46,34.3,162.79,52,4.9,Delivered
58182,20240729,1024,2106,3119,3,2292.17,50.78,0.0,58,4.7,Delivered
58183,20240502,1673,2044,3074,1,828.69,69.2,87.39,25,3.2,Delivered
58184,20240816,1185,2042,3121,5,3287.49,26.96,138.73,49,3.3,Delivered
58185,20250816,1721,2063,3090,2,744.99,39.48,0.0,37,3.9,Delivered
58186,20251017,1473,2046,3012,3,1280.63,79.9,0.0,64,4.7,Delivered
58187,20250122,1003,2118,3108,1,552.1,36.55,0.0,50,3.5,Delivered
58188,20240519,1504,2077,3016,5,4184.03,34.72,0.0,46,4.7,Delivered
58189,20250624,1680,2071,3123,4,2610.72,53.41,0.0,34,3.9,Delivered
58190,20250125,1326,2008,3138,5,1929.99,28.36,212.03,48,4.9,Delivered
58191,20240926,1125,2036,3136,1,600.49,17.0,93.41,53,3.2,Delivered
58192,20240112,1402,2113,3145,3,568.94,18.22,0.0,61,,Cancelled
58193,20250123,1570,2066,3066,4,804.86,50.82,0.0,24,4.8,Delivered
58194,20241202,1428,2025,3009,3,990.72,35.45,181.4,37,4.3,Delivered
58195,20250520,1432,2032,3105,4,1000.58,37.48,82.59,30,4.7,Delivered
58196,20240415,1089,2106,3088,5,2428.88,23.64,168.97,20,4.8,Delivered
58197,20240201,1006,2095,3123,5,1305.6,77.73,0.0,57,,Cancelled
58198,20240314,1330,2038,3146,2,850.75,54.03,151.72,52,4.3,Delivered
58199,20240619,1683,2002,3147,1,434.63,20.57,25.88,40,4.9,Delivered
58200,20240309,1087,2021,3124,4,1661.55,16.89,38.76,38,4.1,Delivered
58201,20241227,1538,2077,3006,5,3290.64,63.77,174.96,44,3.1,Delivered
58202,20251010,1768,2097,3039,4,3146.33,57.8,249.63,29,3.4,Delivered
58203,20250308,1260,2066,3048,4,653.14,61.83,0.0,31,4.8,Delivered
58204,20240409,1316,2078,3026,4,3528.35,30.21,185.76,51,4.9,Delivered
58205,20251019,1719,2079,3086,2,932.84,54.21,0.0,57,4.0,Delivered
58206,20240109,1379,2084,3056,5,2448.4,21.47,0.0,42,3.0,Delivered
58207,20250727,1081,2030,3025,5,4070.12,50.33,0.0,19,4.0,Delivered
58208,20251127,1383,2090,3025,1,394.98,17.07,96.01,57,4.0,Delivered
58209,20240129,1345,2108,3023,1,513.61,18.42,0.0,64,3.7,Delivered
58210,20240423,1409,2092,3030,3,481.95,44.32,223.84,51,4.8,Delivered
58211,20250406,1730,2036,3103,1,639.35,64.79,233.99,27,3.7,Delivered
58212,20240522,1162,2002,3077,3,2429.39,54.6,0.0,61,3.3,Delivered
58213,20250124,1221,2078,3073,1,841.98,15.47,0.0,39,4.3,Delivered
58214,20250923,1399,2096,3095,2,669.22,19.75,0.0,26,4.0,Delivered
58215,20251112,1755,2029,3037,4,2802.02,57.21,0.0,62,4.3,Delivered
58216,20240605,1775,2065,3109,3,1567.12,54.33,0.0,64,3.2,Delivered
58217,20241130,1048,2079,3095,1,779.8,51.16,122.32,64,4.0,Delivered
58218,20240916,1477,2006,3118,4,2041.47,75.28,0.0,36,3.4,Delivered
58219,20240322,1644,2112,3122,2,825.97,29.24,198.54,20,4.4,Delivered
58220,20250316,1218,2107,3126,5,3599.42,63.2,0.0,43,3.4,Delivered
58221,20240620,1159,2105,3036,2,1021.21,16.43,0.0,21,4.9,Delivered
58222,20240818,1159,2065,3101,3,669.41,40.68,236.7,64,4.0,Delivered
58223,20251220,1634,2084,3125,3,2656.05,55.64,101.39,33,4.7,Delivered
58224,20240315,1315,2041,3068,3,2447.41,58.04,0.0,26,4.6,Delivered
58225,20240926,1604,2060,3105,1,276.61,23.34,0.0,57,4.9,Delivered
58226,20250917,1042,2090,3129,4,1004.88,26.99,0.0,37,3.0,Delivered
58227,20240302,1460,2081,3053,4,1590.88,65.63,0.0,54,4.3,Delivered
58228,20241115,1168,2088,3116,3,2663.61,41.84,152.2,44,4.7,Delivered
58229,20240411,1599,2006,3150,5,4196.24,63.12,0.0,56,,Cancelled
58230,20250304,1249,2115,3064,5,3222.49,28.71,0.0,20,4.8,Delivered
58231,20251222,1262,2016,3128,2,1477.09,25.83,0.0,31,4.5,Delivered
58232,20240911,1785,2097,3013,2,491.69,29.97,197.24,20,4.3,Delivered
58233,20250615,1624,2034,3137,3,2096.97,15.09,0.0,19,4.2,Delivered
58234,20250723,1684,2078,3077,1,586.0,26.87,220.29,28,3.9,Delivered
58235,20240421,1531,2012,3078,2,375.32,38.22,0.0,56,4.0,Delivered
58236,20241108,1752,2120,3079,4,621.17,56.46,0.0,25,4.1,Delivered
58237,20250405,1197,2065,3083,3,1128.76,37.79,0.0,40,3.3,Delivered
58238,20251208,1410,2006,3083,4,1840.93,79.24,23.29,49,3.5,Delivered
58239,20250406,1556,2104,3025,2,787.96,43.59,0.0,42,4.5,Delivered
58240,20240401,1220,2045,3112,5,2806.22,32.83,73.25,18,4.0,Delivered
58241,20240221,1705,2022,3098,4,2447.87,31.13,91.32,37,3.5,Delivered
58242,20250603,1032,2054,3037,5,2853.45,77.87,0.0,41,4.6,Delivered
58243,20240407,1716,2098,3115,4,909.92,77.47,0.0,29,3.6,Delivered
58244,20240823,1722,2097,3141,5,3367.41,72.38,142.6,41,3.4,Delivered
58245,20250108,1182,2024,3040,1,287.29,19.49,0.0,21,3.6,Delivered
58246,20250803,1060,2070,3011,1,453.1,60.5,234.66,63,4.8,Delivered
58247,20250710,1632,2004,3042,3,1726.71,46.01,113.22,20,4.7,Delivered
58248,20251010,1702,2070,3092,1,538.29,62.3,23.43,64,4.6,Delivered
58249,20240821,1484,2020,3062,5,2803.18,58.39,84.28,41,3.0,Delivered
58250,20240201,1714,2017,3028,1,458.87,42.66,0.0,22,4.3,Delivered
58251,20241015,1706,2065,3149,2,1327.11,24.28,243.37,61,4.5,Delivered
58252,20250929,1135,2005,3095,4,1600.68,46.92,0.0,46,4.6,Delivered
58253,20250801,1782,2064,3118,2,807.02,46.19,0.0,47,4.4,Delivered
58254,20250625,1126,2038,3073,3,1474.57,17.79,0.0,40,3.5,Delivered
58255,20240423,1318,2043,3039,3,1300.22,41.09,0.0,44,3.6,Delivered
58256,20240722,1516,2105,3135,3,1571.51,60.25,0.0,37,4.5,Delivered
58257,20240129,1316,2069,3008,2,878.43,74.59,55.3,21,5.0,Delivered
58258,20251004,1508,2075,3116,4,2870.47,34.26,0.0,21,3.3,Delivered
58259,20250418,1314,2027,3073,2,517.4,40.8,102.08,57,4.8,Delivered
58260,20251127,1525,2049,3084,1,196.47,77.97,144.75,36,4.1,Delivered
58261,20240909,1021,2084,3047,5,1915.62,32.04,177.92,62,3.6,Delivered
58262,20250120,1258,2094,3030,2,1745.87,18.84,157.67,57,4.6,Delivered
58263,20240302,1640,2044,3040,2,1476.23,63.22,47.56,57,3.3,Delivered
58264,20250529,1461,2012,3092,1,568.8,24.33,119.03,60,4.0,Delivered
58265,20250305,1280,2008,3028,4,2758.26,33.9,0.0,53,3.9,Delivered
58266,20250802,1734,2029,3105,4,3071.12,53.33,0.0,46,4.8,Delivered
58267,20250620,1349,2005,3150,1,727.53,23.51,162.69,63,3.2,Delivered
58268,20251121,1601,2109,3074,4,654.25,55.92,0.0,47,3.9,Delivered
58269,20240520,1392,2088,3045,4,2902.65,69.23,0.0,65,3.5,Delivered
58270,20241026,1038,2107,3062,1,402.55,40.93,171.23,21,3.8,Delivered
58271,20251105,1493,2035,3061,1,674.19,58.7,0.0,27,,Cancelled
58272,20241106,1781,2031,3087,1,511.21,72.74,164.71,63,3.4,Delivered
58273,20250415,1595,2113,3047,3,650.48,33.18,76.56,56,3.2,Delivered
58274,20250127,1623,2022,3054,2,660.21,59.4,0.0,35,4.6,Delivered
58275,20251003,1583,2089,3072,5,1305.71,65.49,0.0,65,4.6,Delivered
58276,20250320,1025,2044,3011,3,943.0,37.45,70.09,21,4.5,Delivered
58277,20240620,1510,2085,3027,5,4124.6,37.66,155.25,21,4.4,Delivered
58278,20250729,1629,2035,3047,1,419.87,65.76,89.78,60,4.4,Delivered
58279,20240131,1753,2008,3008,5,1453.99,31.05,0.0,26,3.8,Delivered
58280,20240216,1183,2086,3067,4,2047.16,54.03,0.0,48,3.3,Delivered
58281,20240509,1660,2109,3035,4,3593.84,56.8,44.57,33,3.3,Delivered
58282,20241217,1077,2089,3024,2,573.28,76.86,84.99,47,4.4,Delivered
58283,20250913,1697,2117,3137,2,1444.38,21.84,191.93,21,3.3,Delivered
58284,20250803,1606,2055,3144,3,2384.38,21.15,110.49,48,4.0,Delivered
58285,20240227,1247,2044,3058,1,572.27,25.17,143.75,20,4.1,Delivered
58286,20240415,1320,2076,3115,2,1788.5,64.23,0.0,56,4.2,Delivered
58287,20241125,1216,2004,3029,4,968.06,61.87,246.41,40,4.9,Delivered
58288,20251113,1463,2036,3082,1,426.1,76.94,75.37,35,,Cancelled
58289,20250117,1263,2070,3122,4,2506.62,64.36,0.0,42,3.0,Delivered
58290,20240610,1602,2013,3037,4,3391.77,40.1,0.0,58,4.0,Delivered
58291,20241012,1089,2106,3103,3,1810.62,49.36,148.5,48,,Cancelled
58292,20240311,1286,2002,3004,1,761.49,30.17,66.39,36,3.2,Delivered
58293,20250329,1475,2101,3024,2,1724.43,75.54,0.0,65,4.4,Delivered
58294,20250720,1562,2033,3025,3,1170.05,66.3,130.43,31,4.1,Delivered
58295,20250131,1349,2102,3031,5,3894.32,54.46,84.2,23,3.1,Delivered
58296,20250529,1749,2041,3092,2,638.55,41.3,129.18,50,3.0,Delivered
58297,20240126,1038,2063,3114,5,2485.59,31.73,120.99,18,4.5,Delivered
58298,20241108,1306,2030,3092,3,1532.67,20.64,117.91,18,4.5,Delivered
58299,20240505,1180,2109,3142,4,666.51,41.92,0.0,40,,Cancelled
58300,20250211,1385,2073,3118,3,536.16,36.93,148.22,46,3.6,Delivered
58301,20250718,1571,2102,3041,1,332.63,69.52,195.26,38,3.4,Delivered
58302,20240716,1786,2057,3079,2,1463.67,29.82,0.0,31,4.5,Delivered
58303,20240706,1187,2067,3030,4,2892.66,48.31,133.92,20,4.5,Delivered
58304,20251128,1102,2081,3124,5,3350.98,29.02,0.0,18,4.2,Delivered
58305,20251216,1153,2084,3066,3,512.87,15.31,0.0,34,4.0,Delivered
58306,20250428,1611,2051,3077,1,796.25,76.08,0.0,33,,Cancelled
58307,20250325,1761,2072,3128,2,1134.55,26.81,0.0,20,3.2,Delivered
58308,20250606,1440,2092,3087,5,3454.36,39.82,0.0,40,4.1,Delivered
58309,20241219,1124,2109,3093,5,3900.1,54.9,84.27,59,3.8,Delivered
58310,20251019,1249,2112,3058,3,2484.23,42.4,158.45,25,3.9,Delivered
58311,20250819,1707,2047,3072,2,1644.06,65.28,0.0,27,3.4,Delivered
58312,20240409,1247,2006,3098,2,574.06,36.18,106.02,49,,Cancelled
58313,20250907,1329,2029,3081,4,2675.99,56.46,0.0,19,4.9,Delivered
58314,20250711,1425,2001,3005,5,2416.05,38.4,30.65,46,4.0,Delivered
58315,20250709,1459,2089,3038,4,2240.31,27.33,199.75,18,3.5,Delivered
58316,20241004,1593,2118,3087,5,1540.9,17.56,0.0,63,3.3,Delivered
58317,20251123,1402,2020,3025,3,1411.51,38.0,149.57,37,4.5,Delivered
58318,20251129,1197,2079,3135,2,901.06,43.05,216.63,22,4.7,Delivered
58319,20250917,1090,2088,3027,4,3353.88,20.0,0.0,64,4.3,Delivered
58320,20250505,1378,2085,3072,3,911.28,37.98,0.0,31,4.9,Delivered
58321,20240911,1415,2085,3091,1,157.8,39.11,102.89,30,4.1,Delivered
58322,20250115,1068,2008,3004,5,1849.99,19.47,0.0,22,,Cancelled
58323,20250625,1658,2117,3087,4,3439.46,71.14,89.37,46,3.2,Delivered
58324,20240920,1692,2042,3111,5,3541.77,46.06,65.59,54,3.2,Delivered
58325,20250901,1703,2103,3140,4,2389.16,56.91,180.13,41,4.3,Delivered
58326,20241124,1392,2056,3116,4,2881.41,42.79,156.44,34,3.4,Delivered
58327,20240424,1123,2007,3095,5,4248.51,59.25,24.9,63,4.2,Delivered
58328,20241002,1311,2037,3009,2,1681.78,51.4,202.87,50,4.5,Delivered
58329,20250502,1746,2113,3128,3,980.65,34.99,62.87,41,3.6,Delivered
58330,20241007,1528,2075,3041,2,767.97,55.97,62.09,28,,Cancelled
58331,20241001,1707,2047,3125,5,2260.98,64.66,0.0,32,4.5,Delivered
58332,20251219,1529,2109,3133,5,1351.71,50.01,0.0,53,3.3,Delivered
58333,20241123,1511,2009,3001,1,179.75,17.11,0.0,30,4.6,Delivered
58334,20240729,1265,2037,3004,3,2359.64,34.77,126.15,23,4.0,Delivered
58335,20251227,1308,2035,3005,2,718.84,26.91,68.17,39,4.0,Delivered
58336,20250705,1476,2097,3106,5,2116.65,43.84,0.0,56,4.2,Delivered
58337,20240126,1247,2044,3038,3,828.58,38.33,0.0,20,4.3,Delivered
58338,20240127,1046,2011,3093,2,1441.36,54.76,106.18,35,4.9,Delivered
58339,20251202,1220,2055,3050,2,1563.84,68.2,92.89,56,3.8,Delivered
58340,20240323,1714,2016,3038,1,498.69,19.0,0.0,45,4.2,Delivered
58341,20251112,1155,2049,3105,5,2999.8,29.31,0.0,21,4.8,Delivered
58342,20250216,1255,2018,3016,2,1007.59,33.39,0.0,52,3.2,Delivered
58343,20240615,1591,2070,3114,5,1878.14,70.37,145.64,40,3.2,Delivered
58344,20251130,1102,2074,3135,3,1101.21,77.59,0.0,39,4.9,Delivered
58345,20240617,1599,2077,3029,4,2131.53,78.46,94.53,31,3.3,Delivered
58346,20240816,1512,2033,3107,1,867.4,75.51,124.13,40,4.7,Delivered
58347,20250831,1612,2100,3087,3,1890.25,65.56,66.23,18,3.2,Delivered
58348,20250101,1074,2049,3013,3,2637.83,50.3,212.55,41,4.6,Delivered
58349,20250611,1590,2062,3124,4,3404.37,27.87,163.61,22,3.8,Delivered
58350,20251008,1490,2086,3038,5,4203.27,72.42,0.0,65,4.5,Delivered
58351,20250621,1781,2028,3106,4,1567.78,67.55,0.0,60,4.9,Delivered
58352,20250607,1556,2003,3141,2,1611.01,75.72,25.09,22,4.4,Delivered
58353,20240312,1153,2058,3124,1,209.69,54.13,0.0,50,4.1,Delivered
58354,20251006,1797,2018,3146,1,785.14,17.06,88.77,43,3.6,Delivered
58355,20240415,1773,2116,3125,1,206.98,54.73,123.87,47,4.6,Delivered
58356,20251119,1677,2049,3099,5,889.69,70.06,0.0,32,3.0,Delivered
58357,20241008,1012,2104,3046,3,1892.83,62.22,131.5,58,3.9,Delivered
58358,20240512,1300,2038,3009,3,1559.32,45.72,0.0,54,4.6,Delivered
58359,20250617,1140,2026,3137,5,1673.77,62.55,0.0,38,4.7,Delivered
58360,20240925,1366,2018,3022,2,1673.28,49.83,39.68,18,4.9,Delivered
58361,20250215,1507,2002,3088,3,1990.08,54.54,0.0,44,4.0,Delivered
58362,20251103,1399,2084,3033,2,692.41,54.37,209.84,51,3.2,Delivered
58363,20250910,1477,2016,3112,1,750.32,44.6,51.94,36,3.5,Delivered
58364,20240118,1082,2020,3048,5,3427.29,59.44,46.64,42,3.6,Delivered
58365,20240426,1520,2023,3118,3,2515.3,52.58,0.0,38,4.5,Delivered
58366,20240523,1596,2008,3150,4,2440.11,40.67,135.11,46,3.1,Delivered
58367,20251217,1533,2059,3123,5,1462.59,29.27,166.37,19,4.6,Delivered
58368,20250704,1608,2023,3013,5,1446.37,66.07,0.0,50,4.6,Delivered
58369,20251027,1513,2028,3117,5,1167.94,35.59,77.56,46,4.7,Delivered
58370,20251118,1664,2056,3150,2,517.22,28.64,106.61,27,4.0,Delivered
58371,20250225,1317,2082,3012,2,311.18,58.68,93.5,41,3.6,Delivered
58372,20250103,1090,2030,3083,2,370.36,55.36,149.68,29,3.4,Delivered
58373,20251007,1762,2006,3149,4,1472.25,16.08,160.94,19,3.7,Delivered
58374,20250711,1640,2025,3106,2,408.38,73.29,0.0,27,,Cancelled
58375,20240219,1328,2089,3074,1,449.56,38.19,232.43,49,4.1,Delivered
58376,20251108,1096,2060,3072,3,707.94,35.98,0.0,54,3.6,Delivered
58377,20240415,1175,2003,3059,4,2178.37,34.55,211.21,59,4.0,Delivered
58378,20240803,1687,2111,3013,4,1809.53,71.31,233.4,46,4.7,Delivered
58379,20251019,1428,2017,3119,4,1408.26,67.63,197.78,18,4.1,Delivered
58380,20250228,1371,2090,3056,2,1609.87,39.03,0.0,47,4.6,Delivered
58381,20240312,1451,2107,3101,2,472.78,55.26,0.0,28,4.5,Delivered
58382,20250321,1376,2089,3105,3,2632.3,44.29,101.73,38,4.1,Delivered
58383,20240704,1390,2093,3106,5,2915.31,55.53,203.41,57,3.9,Delivered
58384,20240310,1592,2015,3146,3,2570.56,71.06,176.58,26,4.4,Delivered
58385,20240529,1267,2101,3075,1,522.91,25.5,0.0,30,,Cancelled
58386,20240902,1127,2036,3056,4,2829.99,21.9,0.0,38,3.5,Delivered
58387,20250621,1234,2074,3137,2,496.58,23.69,163.36,20,3.2,Delivered
58388,20251013,1786,2082,3149,5,1545.69,33.96,0.0,18,3.1,Delivered
58389,20240408,1056,2042,3001,5,1889.24,30.84,119.14,39,3.5,Delivered
58390,20241004,1063,2066,3063,1,640.62,21.32,0.0,54,3.8,Delivered
58391,20250716,1029,2051,3147,1,830.53,62.53,101.82,21,3.4,Delivered
58392,20251024,1600,2053,3044,1,420.91,46.83,174.64,44,4.9,Delivered
58393,20250330,1705,2026,3141,5,3927.31,30.23,0.0,19,4.4,Delivered
58394,20240413,1507,2002,3115,1,527.9,58.64,63.45,51,4.2,Delivered
58395,20250823,1502,2090,3075,3,804.7,15.5,68.57,40,4.0,Delivered
58396,20251014,1191,2032,3139,3,613.68,55.42,212.91,32,,Cancelled
58397,20251225,1049,2081,3111,2,581.09,67.6,0.0,22,4.8,Delivered
58398,20240820,1627,2051,3021,1,606.42,79.96,35.67,47,3.1,Delivered
58399,20250128,1047,2015,3127,5,3912.68,45.1,140.99,25,3.7,Delivered
58400,20250515,1323,2045,3150,4,2156.26,68.09,239.55,45,3.2,Delivered
58401,20251125,1287,2097,3045,4,2067.79,62.28,0.0,37,4.7,Delivered
58402,20240907,1014,2061,3140,3,1461.9,66.81,69.3,48,3.7,Delivered
58403,20250604,1375,2096,3077,5,2729.69,29.02,87.39,52,3.2,Delivered
58404,20240319,1166,2073,3117,1,737.64,38.79,240.93,50,3.5,Delivered
58405,20240221,1636,2108,3048,4,3385.24,17.27,0.0,46,4.4,Delivered
58406,20240813,1457,2077,3101,3,2363.92,22.0,0.0,34,4.4,Delivered
58407,20240220,1271,2044,3113,2,1047.51,38.13,32.74,34,4.6,Delivered
58408,20240704,1016,2120,3135,1,625.19,67.89,0.0,45,3.3,Delivered
58409,20240203,1043,2083,3028,5,1707.24,41.35,62.67,32,3.1,Delivered
58410,20240510,1098,2043,3128,1,599.29,59.38,0.0,23,3.4,Delivered
58411,20250923,1643,2007,3056,2,534.16,21.42,185.56,53,3.3,Delivered
58412,20250318,1471,2104,3032,1,215.31,45.81,234.67,36,3.3,Delivered
58413,20250307,1081,2116,3035,1,570.27,76.46,136.67,31,4.0,Delivered
58414,20251204,1360,2089,3023,4,678.74,55.5,87.01,25,4.7,Delivered
58415,20250511,1397,2092,3142,1,350.78,76.7,0.0,27,3.9,Delivered
58416,20250206,1677,2045,3150,3,1621.19,45.2,0.0,25,4.1,Delivered
58417,20241118,1540,2079,3132,3,753.38,68.05,0.0,50,4.7,Delivered
58418,20240728,1306,2037,3029,4,2249.84,19.28,0.0,62,4.5,Delivered
58419,20250906,1293,2014,3148,5,3800.57,44.28,111.72,63,4.3,Delivered
58420,20241124,1419,2085,3130,1,772.0,22.77,32.21,25,4.0,Delivered
58421,20250106,1570,2080,3146,1,825.16,34.5,237.49,36,4.0,Delivered
58422,20250404,1478,2054,3056,4,1290.52,23.82,0.0,64,4.5,Delivered
58423,20240512,1634,2113,3103,2,369.74,46.4,230.9,21,3.8,Delivered
58424,20251012,1436,2072,3022,2,1748.9,48.44,117.28,22,4.7,Delivered
58425,20240430,1477,2025,3128,4,2036.11,47.23,153.82,49,4.9,Delivered
58426,20250828,1336,2036,3081,1,664.58,41.33,108.49,53,4.1,Delivered
58427,20250327,1774,2048,3082,5,2778.64,35.28,86.0,60,3.7,Delivered
58428,20240508,1480,2094,3042,3,2099.74,33.94,191.74,40,3.8,Delivered
58429,20240331,1074,2055,3063,3,1161.39,26.54,0.0,44,4.9,Delivered
58430,20250826,1022,2091,3071,2,1722.41,69.47,0.0,23,4.7,Delivered
58431,20250728,1114,2010,3096,2,1664.58,76.9,0.0,24,4.0,Delivered
58432,20240129,1642,2103,3075,1,785.59,77.67,0.0,51,3.8,Delivered
58433,20251222,1275,2084,3020,5,2593.46,38.87,0.0,42,4.7,Delivered
58434,20250607,1673,2006,3116,5,1438.45,26.48,0.0,37,3.7,Delivered
58435,20241128,1606,2005,3096,2,1095.77,74.22,139.58,39,3.2,Delivered
58436,20241023,1616,2079,3004,2,891.51,26.43,129.5,52,,Cancelled
58437,20240509,1160,2041,3092,4,952.24,31.71,0.0,63,4.9,Delivered
58438,20241019,1573,2059,3118,5,2502.15,56.09,0.0,37,4.6,Delivered
58439,20240621,1390,2120,3121,1,725.92,39.32,0.0,58,4.8,Delivered
58440,20251220,1376,2090,3083,2,1764.87,71.24,0.0,61,3.4,Delivered
58441,20240124,1747,2060,3099,5,3036.52,58.4,234.88,48,5.0,Delivered
58442,20240408,1470,2078,3130,5,786.75,56.27,0.0,40,3.6,Delivered
58443,20250209,1028,2056,3117,5,3112.45,30.31,176.77,53,4.3,Delivered
58444,20241221,1326,2090,3107,5,1905.06,78.1,0.0,43,4.2,Delivered
58445,20240518,1325,2117,3135,1,387.61,66.46,0.0,45,3.1,Delivered
58446,20250517,1160,2046,3149,3,1513.06,70.52,94.37,18,3.5,Delivered
58447,20240622,1746,2095,3082,2,780.63,48.66,0.0,55,3.4,Delivered
58448,20240129,1353,2043,3046,3,1522.94,65.88,0.0,41,4.6,Delivered
58449,20250510,1148,2084,3099,3,1778.16,62.8,0.0,35,3.9,Delivered
58450,20251016,1560,2044,3040,2,1003.3,16.58,0.0,26,3.9,Delivered
58451,20241216,1315,2046,3108,1,372.75,59.44,247.93,42,3.1,Delivered
58452,20250707,1031,2072,3044,4,2404.55,43.08,43.03,50,,Cancelled
58453,20241025,1555,2101,3134,5,2014.09,72.59,0.0,28,3.8,Delivered
58454,20251220,1349,2080,3086,2,1272.99,22.21,179.32,51,3.3,Delivered
58455,20240710,1251,2055,3011,5,1972.5,35.71,164.99,23,4.8,Delivered
58456,20251102,1080,2086,3118,2,468.75,72.64,0.0,45,3.5,Delivered
58457,20240304,1252,2016,3097,1,712.93,58.57,191.31,34,5.0,Delivered
58458,20251025,1500,2017,3001,5,4153.34,72.66,43.29,57,4.4,Delivered
58459,20240802,1447,2001,3113,3,2558.7,59.55,228.81,56,3.8,Delivered
58460,20240614,1541,2008,3105,5,3626.04,59.94,160.38,65,3.1,Delivered
58461,20250626,1531,2022,3112,3,1891.02,31.3,0.0,29,4.4,Delivered
58462,20240819,1212,2074,3060,5,958.41,19.85,0.0,20,3.3,Delivered
58463,20250624,1324,2090,3141,4,972.9,69.43,241.77,35,4.6,Delivered
58464,20240713,1404,2022,3148,4,3031.1,67.7,136.68,19,3.7,Delivered
58465,20250520,1601,2074,3099,3,1395.68,44.91,23.54,34,4.7,Delivered
58466,20241129,1113,2062,3024,4,2966.56,39.83,0.0,34,4.2,Delivered
58467,20241030,1281,2050,3011,2,769.61,31.05,98.16,52,3.8,Delivered
58468,20250312,1350,2083,3025,3,1143.71,26.51,0.0,18,3.9,Delivered
58469,20241118,1652,2071,3011,3,1327.8,47.35,66.31,60,4.8,Delivered
58470,20250516,1778,2098,3054,3,1722.47,45.78,50.61,26,3.5,Delivered
58471,20250127,1621,2119,3020,1,820.59,33.69,55.15,33,3.9,Delivered
58472,20250821,1497,2033,3041,2,991.91,67.62,63.0,50,3.7,Delivered
58473,20240528,1374,2077,3032,5,993.14,55.4,0.0,42,4.2,Delivered
58474,20250208,1283,2089,3105,2,491.32,20.73,110.01,31,3.6,Delivered
58475,20241009,1432,2032,3103,1,740.19,24.67,125.46,25,3.6,Delivered
58476,20241227,1368,2016,3103,3,1616.14,26.67,218.02,45,4.3,Delivered
58477,20250113,1705,2012,3090,2,1208.04,49.23,44.79,40,3.1,Delivered
58478,20240716,1371,2097,3103,4,606.9,54.67,164.21,58,3.1,Delivered
58479,20250709,1594,2023,3092,4,2243.14,64.43,191.17,39,3.0,Delivered
58480,20241221,1213,2119,3136,1,813.75,73.26,124.22,26,3.7,Delivered
58481,20250623,1286,2117,3064,1,329.79,78.74,0.0,55,4.9,Delivered
58482,20250304,1512,2056,3057,1,158.99,31.84,0.0,24,4.4,Delivered
58483,20240117,1107,2085,3095,5,1060.82,74.44,160.94,62,4.9,Delivered
58484,20250930,1707,2099,3075,2,689.86,60.49,0.0,57,5.0,Delivered
58485,20250113,1005,2117,3004,2,972.81,22.6,0.0,41,4.4,Delivered
58486,20251110,1776,2017,3141,2,929.06,60.36,31.57,32,3.7,Delivered
58487,20250520,1531,2022,3125,1,816.49,27.1,0.0,54,3.4,Delivered
58488,20240316,1516,2116,3107,5,1177.84,23.02,0.0,49,5.0,Delivered
58489,20240818,1093,2066,3028,5,4045.8,73.89,115.49,53,3.9,Delivered
58490,20251216,1649,2103,3090,3,1142.42,68.12,0.0,59,3.4,Delivered
58491,20240904,1049,2112,3002,2,1299.1,29.12,0.0,58,,Cancelled
58492,20241028,1518,2044,3034,3,2435.96,65.93,233.27,37,4.9,Delivered
58493,20251226,1440,2086,3138,5,4290.64,76.94,130.41,23,3.7,Delivered
58494,20240802,1368,2106,3057,1,322.45,61.18,32.48,65,4.8,Delivered
58495,20240606,1175,2108,3027,5,2464.3,74.05,211.97,53,4.3,Delivered
58496,20240309,1119,2100,3100,3,675.28,73.1,0.0,57,3.4,Delivered
58497,20250127,1265,2010,3092,2,953.06,63.69,0.0,56,3.7,Delivered
58498,20240325,1189,2044,3071,4,1155.53,35.57,0.0,25,4.1,Delivered
58499,20240923,1070,2004,3025,1,238.95,49.38,208.3,23,4.1,Delivered
58500,20240309,1582,2075,3146,5,3474.4,49.03,0.0,30,4.3,Delivered
58501,20250902,1219,2098,3123,3,1743.33,58.79,0.0,26,4.2,Delivered
58502,20241212,1194,2053,3085,4,2843.38,21.46,45.7,43,4.8,Delivered
58503,20251228,1343,2040,3080,3,2334.82,71.82,224.88,33,4.9,Delivered
58504,20251103,1004,2011,3005,1,458.83,16.65,212.99,57,4.5,Delivered
58505,20250226,1497,2010,3150,4,988.18,16.32,45.43,57,3.5,Delivered
58506,20250828,1238,2042,3103,5,2955.22,24.56,44.8,56,4.6,Delivered
58507,20240622,1175,2099,3034,2,300.12,75.57,53.73,22,4.5,Delivered
58508,20251107,1684,2059,3029,1,651.23,33.96,0.0,60,4.6,Delivered
58509,20240424,1225,2045,3001,1,603.93,68.09,104.63,39,4.7,Delivered
58510,20240807,1059,2097,3007,1,635.59,29.49,0.0,29,4.7,Delivered
58511,20240131,1214,2113,3078,3,1765.93,48.62,159.04,27,3.4,Delivered
58512,20250606,1701,2055,3051,5,3937.04,46.09,75.71,28,3.9,Delivered
58513,20241208,1216,2035,3027,3,2333.38,63.44,43.96,54,3.6,Delivered
58514,20250111,1573,2103,3149,2,965.75,70.72,225.77,30,4.0,Delivered
58515,20240509,1172,2090,3129,2,1313.09,33.64,0.0,20,4.4,Delivered
58516,20250908,1095,2085,3044,3,2302.34,61.11,0.0,65,,Cancelled
58517,20250622,1228,2091,3089,4,2607.83,19.2,0.0,27,4.0,Delivered
58518,20240102,1624,2119,3111,3,2149.61,23.57,0.0,58,4.5,Delivered
58519,20240410,1715,2056,3033,4,1478.05,15.29,44.95,22,3.7,Delivered
58520,20250616,1489,2075,3012,1,314.06,15.81,0.0,21,3.3,Delivered
58521,20240227,1002,2062,3149,5,1589.65,77.64,0.0,41,3.4,Delivered
58522,20250123,1654,2013,3085,5,3726.18,42.72,0.0,38,4.9,Delivered
58523,20251122,1704,2118,3142,3,2189.97,77.58,82.27,37,4.7,Delivered
58524,20241206,1469,2075,3106,1,398.57,24.89,41.62,32,,Cancelled
58525,20240120,1558,2097,3005,1,888.79,66.39,0.0,54,,Cancelled
58526,20240911,1578,2048,3070,2,1667.78,36.32,0.0,20,4.7,Delivered
58527,20241112,1364,2008,3029,2,1526.68,50.41,0.0,30,4.9,Delivered
58528,20240207,1768,2090,3100,3,1052.99,15.24,0.0,39,5.0,Delivered
58529,20251021,1455,2113,3097,5,4247.15,76.01,0.0,64,3.5,Delivered
58530,20250620,1353,2043,3055,5,2162.35,24.94,89.34,25,4.2,Delivered
58531,20250120,1716,2107,3031,5,3025.93,51.64,59.07,55,4.9,Delivered
58532,20250924,1332,2008,3052,5,1627.33,35.78,87.48,45,,Cancelled
58533,20240126,1384,2035,3007,2,1579.85,72.91,0.0,30,3.6,Delivered
58534,20250329,1686,2030,3136,4,700.0,33.57,178.29,22,3.6,Delivered
58535,20251111,1389,2084,3104,1,896.34,34.94,28.2,47,3.4,Delivered
58536,20241118,1700,2034,3007,3,1553.03,50.16,129.65,50,4.4,Delivered
58537,20250527,1189,2017,3095,2,1503.87,70.57,0.0,51,4.3,Delivered
58538,20240113,1283,2089,3087,1,481.37,39.99,140.16,22,4.4,Delivered
58539,20250713,1148,2028,3114,2,1495.87,39.25,172.49,21,3.2,Delivered
58540,20250105,1588,2099,3003,3,2070.41,26.55,0.0,27,4.4,Delivered
58541,20241017,1234,2064,3099,4,3252.8,33.6,40.72,43,4.5,Delivered
58542,20241127,1636,2100,3045,5,2702.29,74.39,0.0,57,4.3,Delivered
58543,20250828,1287,2008,3038,2,708.85,57.52,67.9,59,3.1,Delivered
58544,20240917,1481,2048,3008,4,835.87,41.36,138.88,63,3.9,Delivered
58545,20240723,1028,2101,3008,3,1529.04,61.52,25.32,60,4.7,Delivered
58546,20251127,1310,2028,3029,5,1842.23,40.61,0.0,32,4.2,Delivered
58547,20251117,1627,2005,3007,1,617.08,17.58,48.09,51,3.3,Delivered
58548,20250121,1040,2008,3141,3,475.05,22.59,0.0,55,4.7,Delivered
58549,20250412,1062,2028,3116,4,2994.95,49.5,0.0,41,3.9,Delivered
58550,20250218,1577,2056,3123,4,3098.92,39.13,195.55,23,3.1,Delivered
58551,20240309,1682,2018,3066,1,533.72,54.53,237.48,26,3.6,Delivered
58552,20250416,1628,2084,3139,3,640.0,48.26,113.89,23,4.2,Delivered
58553,20240413,1357,2008,3071,5,2062.73,29.5,231.56,21,5.0,Delivered
58554,20240609,1419,2097,3080,2,855.1,38.44,95.9,56,3.0,Delivered
58555,20240718,1591,2039,3020,3,2286.3,61.06,23.64,36,3.0,Delivered
58556,20240803,1412,2033,3003,2,1578.54,67.58,215.01,57,3.9,Delivered
58557,20240730,1605,2029,3032,1,484.31,17.78,225.65,63,4.9,Delivered
58558,20250522,1048,2088,3114,1,677.43,23.82,0.0,31,,Cancelled
58559,20240116,1231,2101,3040,2,674.64,59.72,0.0,64,3.6,Delivered
58560,20250512,1387,2065,3116,4,2705.14,23.94,0.0,48,4.8,Delivered
58561,20241127,1091,2116,3010,2,421.19,25.74,110.95,38,3.8,Delivered
58562,20251217,1768,2090,3111,2,551.53,56.36,240.76,27,4.9,Delivered
58563,20250704,1407,2023,3075,3,940.0,61.74,118.36,56,3.8,Delivered
58564,20250823,1700,2073,3115,1,746.59,20.16,153.95,40,,Cancelled
58565,20240912,1411,2041,3013,3,1867.48,71.11,0.0,51,3.8,Delivered
58566,20251228,1566,2051,3021,3,900.15,57.95,217.69,41,3.1,Delivered
58567,20240620,1555,2065,3109,3,1897.59,19.03,66.26,57,3.5,Delivered
58568,20251010,1678,2077,3106,3,984.59,54.23,0.0,18,3.6,Delivered
58569,20250512,1563,2063,3046,2,1374.88,18.43,177.0,44,4.1,Delivered
58570,20250415,1043,2071,3085,4,966.48,44.68,0.0,55,4.8,Delivered
58571,20250118,1729,2097,3094,2,702.11,59.72,183.02,56,4.9,Delivered
58572,20251120,1506,2078,3131,5,2375.51,51.57,196.58,44,3.2,Delivered
58573,20250811,1060,2099,3123,4,1731.57,18.52,0.0,38,3.8,Delivered
58574,20251130,1429,2109,3126,2,1409.14,63.23,0.0,29,3.2,Delivered
58575,20250521,1172,2002,3063,5,4091.95,68.44,0.0,42,5.0,Delivered
58576,20250610,1772,2035,3074,5,995.98,43.53,0.0,56,3.4,Delivered
58577,20241120,1101,2071,3045,2,950.63,42.82,178.86,28,,Cancelled
58578,20240801,1273,2024,3005,5,2258.68,18.12,0.0,63,4.7,Delivered
58579,20240726,1175,2054,3044,3,2653.96,35.29,22.28,24,3.8,Delivered
58580,20240617,1216,2080,3021,5,2580.51,46.22,66.11,57,3.8,Delivered
58581,20241125,1451,2019,3032,1,346.32,75.14,0.0,20,4.9,Delivered
58582,20241006,1280,2089,3146,4,3003.87,49.52,185.83,30,4.2,Delivered
58583,20241031,1067,2049,3054,3,1010.84,24.66,0.0,42,3.2,Delivered
58584,20240525,1637,2107,3065,2,1287.05,47.79,0.0,18,4.3,Delivered
58585,20250530,1435,2116,3076,1,615.68,19.24,208.28,44,4.4,Delivered
58586,20240330,1785,2090,3149,5,3997.65,15.57,0.0,51,3.6,Delivered
58587,20250328,1707,2063,3028,1,817.11,49.5,134.54,34,3.8,Delivered
58588,20240229,1473,2082,3094,2,1571.2,23.63,53.47,49,4.9,Delivered
58589,20241106,1736,2036,3038,1,255.16,23.84,0.0,48,3.0,Delivered
58590,20250611,1782,2040,3111,2,1179.42,21.72,0.0,44,4.0,Delivered
58591,20240814,1410,2077,3054,1,441.36,48.28,235.98,39,3.3,Delivered
58592,20250418,1397,2119,3019,5,2651.39,22.31,0.0,61,4.0,Delivered
58593,20250624,1042,2002,3050,2,1502.14,53.0,21.93,60,3.8,Delivered
58594,20251024,1487,2035,3076,3,501.93,22.1,128.97,52,4.2,Delivered
58595,20240319,1399,2028,3099,4,1978.24,58.49,0.0,34,4.1,Delivered
58596,20250308,1464,2118,3145,3,2690.68,79.83,170.5,30,4.3,Delivered
58597,20240601,1146,2078,3145,2,1777.87,71.73,65.34,43,4.1,Delivered
58598,20250204,1016,2107,3052,3,2393.82,55.25,75.94,28,3.5,Delivered
58599,20241005,1548,2044,3081,1,647.95,15.31,60.49,43,4.5,Delivered
58600,20240226,1371,2097,3042,5,2118.55,46.38,0.0,53,3.8,Delivered
58601,20240704,1254,2090,3068,5,1389.96,61.49,192.24,25,4.5,Delivered
58602,20250201,1699,2075,3030,1,704.98,42.37,43.73,43,,Cancelled
58603,20250827,1185,2004,3103,2,1498.8,15.78,220.15,62,4.5,Delivered
58604,20240606,1474,2107,3144,3,1142.58,36.73,0.0,58,3.6,Delivered
58605,20251123,1689,2033,3106,2,1347.53,34.89,0.0,19,3.2,Delivered
58606,20241224,1077,2097,3060,5,1387.99,19.18,204.16,63,4.3,Delivered
58607,20250315,1455,2096,3055,1,653.47,58.16,0.0,64,3.3,Delivered
58608,20250811,1091,2027,3042,5,1131.59,59.72,0.0,20,4.1,Delivered
58609,20250410,1325,2117,3118,1,624.68,36.55,0.0,24,4.6,Delivered
58610,20251024,1695,2095,3055,4,1171.16,42.06,0.0,53,4.0,Delivered
58611,20250321,1271,2029,3101,5,1260.34,49.74,0.0,34,4.0,Delivered
58612,20250502,1388,2104,3053,2,371.93,39.93,29.99,19,,Cancelled
58613,20250613,1730,2068,3030,4,2155.18,44.79,0.0,49,3.2,Delivered
58614,20240313,1240,2043,3104,2,371.46,31.1,153.18,46,4.7,Delivered
58615,20251201,1361,2094,3084,4,2468.46,59.2,0.0,56,3.8,Delivered
58616,20240117,1701,2049,3068,4,1933.76,67.57,0.0,30,3.3,Delivered
58617,20250614,1476,2117,3099,5,3829.02,25.85,243.62,54,4.1,Delivered
58618,20251231,1097,2049,3073,5,1503.5,68.47,171.48,39,3.5,Delivered
58619,20241121,1256,2052,3077,4,2504.22,29.08,129.99,38,3.8,Delivered
58620,20250923,1157,2017,3108,1,503.84,52.17,244.3,34,3.9,Delivered
58621,20250904,1099,2083,3003,5,2010.19,53.05,0.0,40,3.4,Delivered
58622,20250629,1477,2106,3119,1,227.43,34.49,238.44,44,4.3,Delivered
58623,20250818,1662,2097,3111,5,1965.82,59.79,0.0,64,3.8,Delivered
58624,20251208,1155,2035,3022,3,1486.3,61.03,0.0,32,3.0,Delivered
58625,20240720,1458,2115,3024,4,600.21,33.05,103.81,48,3.9,Delivered
58626,20241209,1283,2089,3107,1,836.36,63.39,50.49,53,3.5,Delivered
58627,20250606,1401,2051,3010,4,1801.29,31.46,0.0,57,3.4,Delivered
58628,20250203,1054,2002,3108,5,3955.95,35.33,0.0,48,4.4,Delivered
58629,20240805,1714,2043,3081,3,2427.73,46.72,42.13,62,4.1,Delivered
58630,20250320,1474,2100,3098,4,956.98,21.7,0.0,59,3.0,Delivered
58631,20240809,1388,2099,3061,1,341.03,49.82,0.0,39,4.5,Delivered
58632,20250117,1405,2018,3102,1,185.43,66.37,173.93,64,3.9,Delivered
58633,20250814,1558,2117,3071,2,1654.86,38.81,177.76,19,4.6,Delivered
58634,20240107,1044,2040,3146,4,2510.0,46.19,0.0,60,3.2,Delivered
58635,20240928,1472,2106,3005,2,1106.13,54.59,76.52,36,4.9,Delivered
58636,20240116,1640,2044,3108,1,239.82,78.77,0.0,63,3.4,Delivered
58637,20250227,1185,2004,3138,3,690.35,16.16,243.3,28,,Cancelled
58638,20250607,1186,2074,3074,4,2497.72,59.44,0.0,50,4.6,Delivered
58639,20240121,1295,2113,3032,5,3132.21,16.91,0.0,27,3.6,Delivered
58640,20251120,1575,2017,3093,5,2463.61,17.01,49.87,28,3.3,Delivered
58641,20240815,1301,2020,3050,2,1467.28,24.7,118.78,19,4.6,Delivered
58642,20241014,1411,2041,3090,3,2353.82,77.0,0.0,24,4.6,Delivered
58643,20240513,1551,2007,3053,4,3084.72,61.46,201.49,44,3.4,Delivered
58644,20241009,1475,2088,3022,1,720.73,21.91,222.61,41,3.9,Delivered
58645,20250207,1700,2036,3052,1,305.57,58.55,243.56,22,3.5,Delivered
58646,20251026,1457,2043,3073,3,2695.19,49.89,111.93,64,4.6,Delivered
58647,20240306,1029,2080,3122,3,2445.21,41.59,197.25,18,4.1,Delivered
58648,20251010,1458,2040,3086,2,1360.49,72.02,231.75,49,3.0,Delivered
58649,20250826,1516,2010,3133,2,462.88,22.85,0.0,34,4.6,Delivered
58650,20250312,1302,2101,3147,3,2070.95,58.7,0.0,41,3.6,Delivered
58651,20240915,1678,2077,3020,5,3784.95,50.27,0.0,55,5.0,Delivered
58652,20240412,1716,2019,3053,5,1097.93,39.6,0.0,55,3.0,Delivered
58653,20250720,1486,2085,3055,1,601.43,51.88,26.93,35,4.1,Delivered
58654,20240410,1246,2052,3121,3,450.85,59.0,0.0,46,4.7,Delivered
58655,20240716,1164,2067,3015,1,828.42,67.73,235.43,56,3.4,Delivered
58656,20240813,1001,2047,3018,3,573.72,64.72,105.67,50,4.3,Delivered
58657,20250407,1225,2055,3065,2,675.3,53.32,228.56,58,3.4,Delivered
58658,20240824,1333,2025,3069,4,1471.54,53.58,54.23,64,3.0,Delivered
58659,20240126,1142,2109,3075,2,456.43,75.34,93.89,30,3.2,Delivered
58660,20240430,1709,2046,3015,1,201.41,39.96,156.54,58,3.3,Delivered
58661,20250520,1711,2029,3015,4,1998.61,21.53,0.0,56,3.4,Delivered
58662,20240630,1798,2109,3035,1,362.12,53.12,0.0,53,3.5,Delivered
58663,20251211,1069,2075,3046,3,2575.43,49.57,0.0,59,3.5,Delivered
58664,20250925,1382,2034,3085,3,2039.15,48.45,0.0,30,3.4,Delivered
58665,20250626,1048,2038,3067,3,1549.51,56.86,0.0,21,4.7,Delivered
58666,20241110,1477,2043,3089,4,858.25,79.33,241.18,43,3.1,Delivered
58667,20250909,1731,2025,3052,3,2535.01,41.18,0.0,37,3.6,Delivered
58668,20240929,1534,2048,3099,1,503.56,24.31,0.0,63,,Cancelled
58669,20240819,1446,2012,3131,3,1141.82,20.58,96.11,46,3.5,Delivered
58670,20250223,1600,2053,3118,3,2455.41,60.52,211.43,54,3.3,Delivered
58671,20250317,1551,2116,3105,1,193.96,43.68,224.46,52,4.8,Delivered
58672,20250510,1387,2116,3080,5,4306.65,77.46,249.81,56,4.2,Delivered
58673,20240124,1736,2034,3001,5,2959.05,70.9,0.0,45,,Cancelled
58674,20240418,1629,2066,3012,5,3912.57,29.77,203.52,52,3.5,Delivered
58675,20251203,1294,2056,3053,5,2364.16,20.45,0.0,43,4.3,Delivered
58676,20250516,1781,2058,3128,1,200.02,30.41,0.0,20,4.8,Delivered
58677,20240125,1076,2079,3146,5,799.08,41.39,170.82,24,4.7,Delivered
58678,20240705,1403,2059,3048,1,663.9,34.58,0.0,60,3.1,Delivered
58679,20241014,1199,2064,3092,2,893.2,58.7,63.95,36,3.3,Delivered
58680,20250919,1403,2114,3086,3,547.3,25.91,122.97,54,4.1,Delivered
58681,20241203,1048,2105,3019,2,1713.61,59.69,0.0,54,3.1,Delivered
58682,20240206,1495,2027,3047,5,3687.23,19.29,0.0,55,4.0,Delivered
58683,20240516,1345,2093,3148,1,227.52,59.99,0.0,30,4.1,Delivered
58684,20250522,1229,2015,3042,4,1557.6,73.86,0.0,25,4.5,Delivered
58685,20240814,1333,2006,3143,1,498.82,26.85,108.68,57,3.3,Delivered
58686,20241115,1700,2026,3079,4,826.91,48.36,83.72,60,4.2,Delivered
58687,20240630,1209,2080,3075,1,153.77,51.37,0.0,21,3.4,Delivered
58688,20240326,1695,2031,3015,3,922.73,45.93,0.0,64,3.2,Delivered
58689,20250411,1180,2064,3013,3,2640.0,62.83,0.0,48,4.5,Delivered
58690,20240222,1438,2079,3148,1,853.89,58.29,109.01,51,3.7,Delivered
58691,20240822,1738,2016,3124,4,2420.57,72.76,0.0,57,4.3,Delivered
58692,20250308,1692,2045,3126,2,691.6,56.37,37.12,29,3.2,Delivered
58693,20250510,1283,2008,3100,1,219.28,25.95,95.32,21,4.6,Delivered
58694,20240409,1702,2093,3059,3,1946.91,78.24,41.52,24,4.7,Delivered
58695,20250821,1533,2114,3013,2,1106.76,21.14,0.0,40,4.7,Delivered
58696,20250206,1545,2048,3069,1,633.82,74.36,93.62,31,3.3,Delivered
58697,20250130,1411,2009,3044,5,3383.93,27.5,170.45,62,4.4,Delivered
58698,20250610,1740,2085,3016,5,1438.12,78.17,33.71,59,3.0,Delivered
58699,20250218,1439,2005,3017,1,778.92,53.81,154.25,35,3.1,Delivered
58700,20250904,1459,2089,3056,5,3329.72,44.99,39.0,33,5.0,Delivered
58701,20251107,1521,2004,3145,4,2354.56,17.84,105.61,31,3.1,Delivered
58702,20250407,1795,2033,3022,2,732.98,72.78,0.0,55,3.7,Delivered
58703,20250624,1072,2014,3099,1,817.15,33.0,0.0,38,4.6,Delivered
58704,20250917,1172,2085,3091,5,3610.44,21.32,47.7,38,4.6,Delivered
58705,20250910,1736,2026,3098,1,153.96,42.18,0.0,24,4.3,Delivered
58706,20241229,1252,2106,3042,5,4302.93,59.44,57.81,32,3.8,Delivered
58707,20240509,1367,2079,3079,5,3631.95,43.78,104.13,36,3.4,Delivered
58708,20240324,1630,2024,3052,5,3430.59,51.62,92.76,19,4.9,Delivered
58709,20240927,1673,2106,3112,4,1722.24,15.62,56.01,33,4.4,Delivered
58710,20240831,1168,2037,3003,3,1872.5,25.87,0.0,18,4.6,Delivered
58711,20250122,1372,2114,3130,1,678.95,33.21,205.56,58,,Cancelled
58712,20240801,1023,2005,3010,5,4162.19,71.28,0.0,23,3.7,Delivered
58713,20240614,1321,2048,3052,1,182.76,60.55,144.3,52,4.9,Delivered
58714,20240228,1367,2007,3080,4,1821.5,69.79,105.7,39,3.2,Delivered
58715,20250824,1670,2022,3133,3,2401.07,34.58,25.61,40,4.3,Delivered
58716,20250518,1053,2020,3023,5,2221.39,67.47,112.56,48,3.5,Delivered
58717,20251206,1106,2071,3119,1,844.71,36.59,77.85,26,4.9,Delivered
58718,20240502,1460,2078,3120,3,1936.62,40.94,168.88,32,3.8,Delivered
58719,20251009,1673,2016,3007,1,486.61,42.18,0.0,61,3.1,Delivered
58720,20250216,1155,2066,3138,1,411.21,64.21,0.0,44,4.7,Delivered
58721,20240518,1505,2106,3030,3,697.91,61.16,243.74,45,5.0,Delivered
58722,20240816,1259,2090,3014,3,950.77,45.25,0.0,40,4.0,Delivered
58723,20240930,1077,2085,3138,1,566.15,69.67,0.0,58,4.4,Delivered
58724,20250314,1220,2051,3038,2,777.99,78.67,240.74,23,3.3,Delivered
58725,20250715,1455,2095,3040,4,1379.56,21.5,137.81,27,4.6,Delivered
58726,20240427,1140,2075,3142,5,2130.17,42.79,0.0,44,4.4,Delivered
58727,20251214,1641,2026,3049,5,2891.79,79.94,0.0,22,4.5,Delivered
58728,20250427,1530,2017,3064,4,1724.21,49.51,110.67,41,3.1,Delivered
58729,20250129,1096,2037,3025,5,2414.4,55.42,110.52,63,4.1,Delivered
58730,20251203,1687,2007,3030,2,1059.64,22.57,250.0,26,4.1,Delivered
58731,20250404,1165,2029,3102,3,523.23,30.11,238.86,44,4.4,Delivered
58732,20251123,1373,2029,3008,1,702.38,19.18,234.87,19,3.9,Delivered
58733,20240318,1635,2004,3101,5,1346.76,26.98,140.47,50,3.8,Delivered
58734,20250215,1001,2032,3062,2,1508.57,48.99,0.0,42,3.7,Delivered
58735,20240315,1623,2052,3087,4,3281.68,21.03,129.27,62,3.8,Delivered
58736,20241021,1635,2055,3008,5,949.15,43.71,0.0,29,3.7,Delivered
58737,20240121,1576,2085,3127,4,2864.55,51.14,155.61,34,3.0,Delivered
58738,20240619,1186,2046,3049,3,820.97,20.61,209.02,56,3.9,Delivered
58739,20240115,1166,2022,3127,4,2945.28,46.08,0.0,50,4.4,Delivered
58740,20240729,1321,2004,3090,5,3621.9,68.26,128.24,37,5.0,Delivered
58741,20250713,1731,2043,3029,5,2478.8,74.94,0.0,34,4.1,Delivered
58742,20240326,1028,2105,3114,5,3307.52,49.12,57.21,46,4.4,Delivered
58743,20240528,1541,2085,3102,1,826.23,55.63,102.24,48,3.9,Delivered
58744,20251130,1360,2097,3048,4,2308.47,49.73,0.0,54,4.0,Delivered
58745,20250106,1155,2094,3111,3,1197.61,43.01,0.0,41,4.0,Delivered
58746,20250424,1251,2051,3023,1,351.45,53.63,247.43,40,3.2,Delivered
58747,20240530,1701,2080,3016,5,4027.5,79.75,74.51,61,3.7,Delivered
58748,20240520,1429,2074,3133,5,3456.37,32.09,107.53,31,4.3,Delivered
58749,20240309,1443,2039,3035,5,916.74,47.04,134.87,29,3.2,Delivered
58750,20240916,1710,2065,3056,4,2471.98,39.57,191.42,48,4.8,Delivered
58751,20250604,1664,2060,3038,4,2567.67,70.61,0.0,61,3.9,Delivered
58752,20250924,1477,2043,3009,3,1613.24,57.55,44.85,54,4.9,Delivered
58753,20250105,1499,2005,3069,3,1947.42,17.77,153.56,21,4.7,Delivered
58754,20250222,1688,2052,3005,5,3919.63,64.17,0.0,20,4.9,Delivered
58755,20240410,1596,2085,3060,5,2697.48,69.6,0.0,51,3.6,Delivered
58756,20251022,1667,2038,3067,4,1559.69,79.13,137.47,30,3.1,Delivered
58757,20251019,1069,2052,3077,3,1696.64,50.28,159.08,34,5.0,Delivered
58758,20240830,1400,2108,3012,4,649.37,71.19,0.0,30,4.5,Delivered
58759,20250526,1487,2080,3085,1,359.73,40.19,0.0,21,3.1,Delivered
58760,20250708,1620,2111,3055,4,2182.11,45.8,233.64,46,3.5,Delivered
58761,20240404,1308,2045,3113,4,2099.43,47.33,0.0,37,3.0,Delivered
58762,20240813,1376,2117,3084,1,635.5,77.21,142.61,22,3.3,Delivered
58763,20250601,1083,2003,3003,1,666.79,22.91,62.57,56,3.8,Delivered
58764,20240801,1456,2074,3133,5,2842.75,54.43,223.07,55,3.6,Delivered
58765,20251218,1393,2002,3030,2,524.5,41.89,114.03,63,3.8,Delivered
58766,20240307,1583,2097,3148,3,530.44,60.72,163.82,55,4.6,Delivered
58767,20250130,1605,2106,3063,3,2356.6,19.07,0.0,32,4.7,Delivered
58768,20250903,1337,2116,3147,2,338.95,76.87,208.77,33,3.4,Delivered
58769,20240112,1626,2097,3093,3,1395.29,65.79,48.12,30,3.9,Delivered
58770,20240824,1207,2092,3135,1,737.95,34.89,124.44,23,4.8,Delivered
58771,20250202,1229,2020,3071,4,1056.41,51.64,0.0,37,4.0,Delivered
58772,20250210,1342,2063,3136,3,1529.66,57.05,38.23,62,4.9,Delivered
58773,20250424,1284,2005,3095,1,520.35,26.1,94.05,58,4.7,Delivered
58774,20251008,1017,2081,3143,1,809.11,38.79,0.0,60,3.2,Delivered
58775,20240809,1414,2104,3095,3,1204.43,58.85,0.0,24,3.4,Delivered
58776,20240604,1633,2048,3012,2,986.77,56.39,0.0,51,4.4,Delivered
58777,20251015,1087,2032,3104,2,479.5,54.7,220.4,39,3.2,Delivered
58778,20250303,1420,2035,3067,1,222.96,63.41,39.87,64,4.1,Delivered
58779,20240606,1618,2077,3092,2,821.26,71.66,77.42,33,4.2,Delivered
58780,20250219,1207,2086,3063,2,343.17,68.85,0.0,55,4.3,Delivered
58781,20241121,1083,2039,3082,3,2609.04,62.52,20.84,55,4.2,Delivered
58782,20250105,1799,2029,3133,5,1275.44,34.93,0.0,55,4.3,Delivered
58783,20241209,1115,2111,3132,4,1167.2,60.28,0.0,48,,Cancelled
58784,20240918,1374,2077,3038,2,1285.69,74.21,97.95,32,4.9,Delivered
58785,20241009,1366,2028,3147,5,2008.2,20.11,89.43,20,3.8,Delivered
58786,20240816,1734,2025,3118,5,2795.83,38.93,116.04,34,4.3,Delivered
58787,20241006,1573,2064,3150,1,485.58,27.39,0.0,52,3.3,Delivered
58788,20241016,1145,2071,3111,3,517.92,47.65,0.0,62,4.8,Delivered
58789,20251110,1679,2006,3107,4,3565.07,49.2,0.0,45,3.3,Delivered
58790,20240216,1093,2094,3061,2,961.25,44.4,153.53,51,3.9,Delivered
58791,20251215,1140,2086,3058,5,3610.02,60.04,0.0,24,4.2,Delivered
58792,20240801,1011,2106,3122,2,1171.79,55.75,0.0,42,3.4,Delivered
58793,20240124,1361,2080,3036,3,1584.72,31.12,0.0,42,3.7,Delivered
58794,20241116,1642,2046,3078,5,1828.14,19.81,168.61,58,3.7,Delivered
58795,20240930,1561,2063,3006,3,1638.23,72.47,125.6,52,3.7,Delivered
58796,20250709,1300,2101,3023,4,1504.65,34.07,0.0,22,,Cancelled
58797,20241108,1371,2008,3098,4,2843.19,17.51,0.0,30,3.1,Delivered
58798,20241228,1509,2083,3096,3,1934.29,78.12,217.23,47,4.1,Delivered
58799,20251029,1282,2117,3033,2,493.3,50.79,163.61,62,5.0,Delivered
58800,20250114,1082,2015,3148,2,936.23,58.75,0.0,27,3.6,Delivered
58801,20251211,1607,2033,3129,3,1902.12,47.77,0.0,36,4.3,Delivered
58802,20251104,1703,2064,3124,4,3221.89,45.52,189.14,23,3.2,Delivered
58803,20250414,1434,2010,3051,5,2841.16,46.49,0.0,26,3.5,Delivered
58804,20251105,1632,2051,3138,1,475.22,79.09,107.39,35,4.1,Delivered
58805,20240425,1367,2060,3026,5,1829.21,27.85,75.75,26,3.8,Delivered
58806,20250827,1032,2054,3012,2,718.12,78.56,0.0,47,3.7,Delivered
58807,20240211,1168,2088,3034,5,3295.13,66.69,0.0,26,4.0,Delivered
58808,20250113,1209,2048,3008,3,2600.24,33.83,76.52,21,,Cancelled
58809,20251222,1737,2027,3081,3,487.83,69.03,85.82,40,4.3,Delivered
58810,20240724,1794,2068,3135,3,1232.73,67.7,65.07,41,3.4,Delivered
58811,20250410,1238,2051,3026,4,3332.24,74.51,0.0,64,3.3,Delivered
58812,20241006,1187,2011,3118,1,503.79,20.65,39.24,52,4.8,Delivered
58813,20251009,1709,2112,3102,2,1699.48,24.28,0.0,31,4.3,Delivered
58814,20250909,1163,2092,3024,2,1204.1,25.07,0.0,31,4.0,Delivered
58815,20240427,1798,2041,3032,4,3093.07,56.89,84.43,39,4.7,Delivered
58816,20240824,1763,2050,3046,2,519.69,15.17,116.71,46,3.8,Delivered
58817,20241104,1592,2015,3089,1,859.01,33.76,0.0,60,3.0,Delivered
58818,20250331,1335,2069,3034,4,712.76,56.97,0.0,61,3.3,Delivered
58819,20250419,1793,2006,3083,2,1662.54,52.92,40.25,38,4.0,Delivered
58820,20240409,1555,2116,3013,4,2804.71,32.48,0.0,30,,Cancelled
58821,20240917,1174,2086,3076,1,641.09,65.57,0.0,35,,Cancelled
58822,20241031,1207,2052,3104,5,4091.95,47.12,0.0,42,3.7,Delivered
58823,20241219,1642,2069,3023,3,1465.63,30.09,171.08,26,4.0,Delivered
58824,20241012,1252,2029,3034,3,1947.31,63.8,0.0,22,3.6,Delivered
58825,20241123,1202,2085,3055,5,4192.41,39.29,123.58,65,4.4,Delivered
58826,20240412,1106,2018,3070,4,3351.5,69.82,0.0,39,3.3,Delivered
58827,20240303,1217,2101,3114,2,1440.19,60.88,149.17,44,4.1,Delivered
58828,20251117,1117,2069,3007,3,2193.29,53.61,0.0,62,4.3,Delivered
58829,20241008,1507,2117,3113,4,2607.84,37.4,0.0,20,4.1,Delivered
58830,20250316,1755,2016,3029,4,1783.82,72.37,0.0,46,4.9,Delivered
58831,20241019,1701,2094,3115,1,272.65,42.6,139.18,64,4.8,Delivered
58832,20240107,1709,2082,3145,3,998.38,19.98,248.15,55,3.7,Delivered
58833,20250930,1256,2092,3134,4,2457.34,20.23,0.0,51,4.1,Delivered
58834,20240401,1416,2055,3122,2,1134.84,58.51,0.0,24,4.3,Delivered
58835,20240708,1266,2090,3139,5,1669.02,30.34,0.0,50,4.9,Delivered
58836,20250420,1597,2106,3095,3,1671.67,62.5,0.0,26,4.4,Delivered
58837,20250525,1745,2026,3061,4,642.27,38.77,0.0,44,4.3,Delivered
58838,20250406,1785,2085,3030,1,169.76,50.4,228.56,39,4.2,Delivered
58839,20240222,1761,2053,3037,2,1591.93,29.58,177.71,51,3.3,Delivered
58840,20250430,1410,2043,3080,1,228.02,52.87,0.0,43,3.5,Delivered
58841,20251005,1385,2068,3071,1,771.25,34.48,0.0,28,4.9,Delivered
58842,20250504,1619,2077,3133,1,491.84,27.2,0.0,24,4.8,Delivered
58843,20241229,1166,2052,3121,2,1056.46,73.99,0.0,30,3.0,Delivered
58844,20240421,1174,2073,3068,4,2743.59,29.67,225.99,62,4.8,Delivered
58845,20250212,1699,2072,3098,5,2585.16,25.18,222.67,25,5.0,Delivered
58846,20240107,1308,2066,3018,1,819.58,26.57,0.0,54,4.9,Delivered
58847,20251029,1076,2076,3060,3,1056.21,49.72,160.75,65,4.0,Delivered
58848,20240715,1037,2026,3077,5,3586.11,52.41,0.0,45,4.4,Delivered
58849,20250101,1658,2097,3029,5,4290.61,58.54,149.28,19,4.1,Delivered
58850,20240906,1620,2105,3119,1,715.36,47.32,30.58,61,4.7,Delivered
58851,20250817,1614,2064,3074,4,1657.38,63.2,0.0,20,3.3,Delivered
58852,20240827,1293,2107,3043,4,1119.27,37.42,177.14,30,3.6,Delivered
58853,20250114,1307,2102,3071,4,2266.49,26.19,0.0,60,3.6,Delivered
58854,20250415,1269,2090,3114,4,2298.23,74.24,0.0,30,4.4,Delivered
58855,20251201,1185,2055,3125,3,1456.95,59.47,45.79,43,,Cancelled
58856,20250330,1105,2070,3141,5,3158.43,16.11,0.0,32,3.4,Delivered
58857,20241231,1158,2076,3018,2,694.53,62.4,137.3,25,4.6,Delivered
58858,20241016,1117,2115,3106,4,1393.31,51.68,0.0,41,3.8,Delivered
58859,20250206,1777,2018,3143,3,1194.18,46.35,0.0,31,3.4,Delivered
58860,20240227,1245,2111,3126,3,707.41,54.6,136.75,35,3.2,Delivered
58861,20250604,1649,2081,3036,3,2549.45,18.83,86.62,42,4.0,Delivered
58862,20241030,1128,2058,3020,5,3402.66,32.42,247.05,50,,Cancelled
58863,20240424,1567,2036,3060,5,1556.24,18.41,210.49,61,3.9,Delivered
58864,20240728,1675,2072,3129,2,1080.77,69.62,55.23,38,4.7,Delivered
58865,20240210,1557,2020,3024,4,2632.91,37.92,56.3,22,3.9,Delivered
58866,20240621,1260,2080,3107,2,1385.09,66.58,0.0,32,4.1,Delivered
58867,20240821,1781,2058,3149,4,2566.34,67.81,0.0,51,3.5,Delivered
58868,20250812,1613,2036,3095,4,2207.13,57.57,56.77,31,3.1,Delivered
58869,20250911,1207,2052,3057,3,1442.97,28.5,129.47,21,3.1,Delivered
58870,20250206,1432,2062,3071,3,1302.58,53.64,0.0,53,4.4,Delivered
58871,20240208,1479,2075,3100,3,1622.5,35.63,171.01,59,3.4,Delivered
58872,20240428,1238,2080,3090,2,1795.19,68.96,42.37,33,3.0,Delivered
58873,20241130,1364,2008,3043,2,1659.75,30.57,39.94,58,4.9,Delivered
58874,20241201,1493,2080,3063,1,550.79,21.48,0.0,64,3.4,Delivered
58875,20250622,1073,2072,3117,5,2509.24,20.65,0.0,22,4.2,Delivered
58876,20250907,1304,2021,3076,2,387.91,41.42,87.73,22,3.9,Delivered
58877,20240314,1349,2035,3060,2,1135.56,39.0,177.9,59,3.7,Delivered
58878,20240709,1107,2090,3051,5,4463.19,42.02,0.0,28,4.3,Delivered
58879,20241119,1383,2085,3082,1,274.19,42.36,212.19,51,3.4,Delivered
58880,20240526,1653,2037,3131,4,2759.76,62.61,225.64,54,3.9,Delivered
58881,20241010,1524,2002,3105,2,1163.54,75.93,0.0,22,4.1,Delivered
58882,20240731,1719,2007,3063,2,1379.86,43.73,0.0,60,4.0,Delivered
58883,20250926,1178,2077,3011,3,553.97,71.24,0.0,63,4.3,Delivered
58884,20251218,1785,2085,3124,2,333.12,58.73,0.0,46,4.0,Delivered
58885,20250128,1607,2088,3115,5,1412.38,28.86,42.76,31,3.9,Delivered
58886,20241204,1379,2031,3056,1,505.43,56.95,0.0,19,4.4,Delivered
58887,20240122,1709,2040,3019,2,1399.3,26.25,0.0,29,4.1,Delivered
58888,20240414,1313,2096,3016,3,1659.79,21.85,0.0,22,3.6,Delivered
58889,20250410,1557,2071,3113,5,4343.13,23.27,0.0,44,3.8,Delivered
58890,20250403,1359,2076,3109,2,915.16,53.77,83.18,22,3.3,Delivered
58891,20250307,1622,2016,3134,3,1774.32,56.93,0.0,21,5.0,Delivered
58892,20251216,1265,2101,3058,5,3123.11,64.66,0.0,41,3.7,Delivered
58893,20250910,1770,2017,3055,4,1388.19,64.17,121.44,33,3.4,Delivered
58894,20240808,1350,2058,3040,4,1778.99,49.17,0.0,60,3.9,Delivered
58895,20250113,1213,2052,3141,3,2247.24,16.24,0.0,42,4.4,Delivered
58896,20240809,1616,2056,3055,1,390.56,41.38,50.9,20,3.8,Delivered
58897,20240914,1416,2004,3024,2,355.41,60.13,0.0,39,4.3,Delivered
58898,20251213,1022,2087,3045,2,1543.94,41.94,192.73,32,3.3,Delivered
58899,20250101,1475,2027,3064,2,1182.2,79.22,241.49,58,4.0,Delivered
58900,20241214,1353,2017,3021,4,1306.95,31.11,0.0,55,3.1,Delivered
58901,20240812,1507,2002,3045,2,920.9,54.45,0.0,46,4.3,Delivered
58902,20251214,1556,2047,3096,4,2536.16,47.82,0.0,48,4.5,Delivered
58903,20240823,1180,2081,3101,1,561.69,72.23,0.0,59,4.1,Delivered
58904,20240701,1627,2045,3018,2,700.47,74.59,0.0,42,4.4,Delivered
58905,20251212,1395,2073,3102,3,738.14,17.26,0.0,58,4.8,Delivered
58906,20250319,1449,2074,3102,5,4131.74,64.52,61.01,60,3.9,Delivered
58907,20250914,1479,2073,3005,3,2431.6,78.2,0.0,46,3.2,Delivered
58908,20240106,1527,2057,3148,2,919.3,30.03,234.41,42,3.9,Delivered
58909,20240823,1230,2029,3081,5,4282.98,78.31,223.04,62,,Cancelled
58910,20240506,1114,2030,3034,1,194.67,49.31,0.0,28,4.7,Delivered
58911,20240413,1296,2034,3150,4,735.84,30.33,192.92,36,4.7,Delivered
58912,20250424,1127,2092,3136,1,869.19,29.55,0.0,26,3.0,Delivered
58913,20240603,1128,2015,3114,5,4239.24,76.94,54.22,30,4.5,Delivered
58914,20240913,1350,2083,3052,5,3490.33,75.54,220.49,33,4.1,Delivered
58915,20240822,1186,2074,3002,2,1297.49,24.94,31.98,31,4.4,Delivered
58916,20250514,1001,2091,3055,2,479.89,69.56,0.0,26,4.0,Delivered
58917,20241015,1495,2050,3099,3,2120.35,32.48,0.0,55,4.0,Delivered
58918,20250524,1418,2026,3082,2,675.96,56.35,178.88,28,4.7,Delivered
58919,20250705,1277,2060,3085,2,995.4,16.41,154.75,35,3.1,Delivered
58920,20251209,1104,2116,3115,5,1449.19,65.29,212.55,45,5.0,Delivered
58921,20250722,1198,2088,3104,2,985.79,46.92,57.98,65,3.4,Delivered
58922,20241024,1338,2074,3014,5,1459.7,29.67,0.0,35,4.5,Delivered
58923,20250901,1750,2109,3145,4,2227.28,75.38,0.0,52,3.6,Delivered
58924,20240516,1574,2008,3110,2,1272.37,77.17,114.61,32,5.0,Delivered
58925,20250110,1406,2029,3076,5,1645.63,26.5,196.65,46,3.8,Delivered
58926,20240327,1055,2002,3022,3,2635.49,44.33,0.0,34,4.5,Delivered
58927,20250222,1422,2005,3103,3,715.7,43.34,0.0,22,4.7,Delivered
58928,20240717,1264,2006,3005,2,635.0,58.76,236.44,22,3.9,Delivered
58929,20250407,1045,2087,3145,2,1760.36,36.65,166.3,18,4.6,Delivered
58930,20250312,1681,2101,3148,3,777.58,41.88,0.0,49,4.3,Delivered
58931,20241105,1164,2113,3066,5,3041.71,39.61,22.84,25,4.3,Delivered
58932,20250818,1772,2005,3088,5,3638.47,66.42,0.0,57,4.4,Delivered
58933,20241007,1240,2044,3059,1,758.71,15.57,227.2,28,4.7,Delivered
58934,20241118,1682,2011,3046,4,2277.18,38.39,0.0,28,4.9,Delivered
58935,20251202,1514,2005,3129,1,783.01,46.39,132.48,58,4.4,Delivered
58936,20240531,1781,2028,3022,2,1079.16,18.53,62.19,60,4.2,Delivered
58937,20241028,1017,2115,3086,1,232.04,76.77,0.0,53,3.2,Delivered
58938,20241004,1628,2015,3110,1,297.98,49.44,240.62,50,3.2,Delivered
58939,20251012,1249,2059,3081,3,686.48,42.65,135.86,36,,Cancelled
58940,20251118,1739,2001,3101,1,804.59,33.29,0.0,26,4.8,Delivered
58941,20240108,1495,2027,3135,3,1278.67,52.08,71.08,55,4.3,Delivered
58942,20240822,1010,2072,3019,2,1759.45,70.89,60.24,41,3.4,Delivered
58943,20251105,1535,2117,3064,2,1363.03,39.36,0.0,51,3.7,Delivered
58944,20250714,1450,2083,3096,3,2228.38,69.87,0.0,36,3.8,Delivered
58945,20241028,1777,2084,3018,1,384.05,32.35,0.0,29,4.7,Delivered
58946,20240207,1246,2052,3029,1,160.91,79.06,0.0,20,,Cancelled
58947,20240515,1510,2089,3083,4,2522.56,62.93,158.81,47,3.5,Delivered
58948,20250224,1317,2057,3105,2,316.52,73.86,82.8,57,3.7,Delivered
58949,20240806,1370,2070,3069,5,3395.02,26.37,0.0,32,4.0,Delivered
58950,20241213,1696,2112,3090,1,417.02,78.37,240.2,25,4.9,Delivered
58951,20250629,1600,2024,3020,3,2595.52,22.3,177.58,23,3.9,Delivered
58952,20240319,1619,2106,3092,2,1150.73,29.54,0.0,55,4.4,Delivered
58953,20240929,1272,2081,3098,5,2884.82,36.76,185.19,49,4.4,Delivered
58954,20240609,1744,2033,3137,4,2250.38,64.19,0.0,45,4.1,Delivered
58955,20251117,1779,2034,3105,4,945.29,24.27,182.06,32,4.3,Delivered
58956,20241103,1282,2008,3019,5,1067.44,27.94,249.89,54,3.5,Delivered
58957,20250108,1016,2070,3056,5,2101.79,62.82,90.28,39,3.5,Delivered
58958,20240109,1114,2056,3068,4,1309.16,43.83,52.23,18,4.7,Delivered
58959,20250319,1590,2032,3140,4,2927.26,74.28,244.56,45,3.8,Delivered
58960,20240422,1664,2038,3107,1,568.67,71.25,0.0,44,,Cancelled
58961,20240723,1022,2091,3030,4,3508.08,78.09,158.29,54,4.7,Delivered
58962,20250208,1679,2025,3049,5,2300.92,27.87,0.0,63,4.9,Delivered
58963,20251128,1325,2008,3006,5,4123.07,65.91,0.0,27,4.6,Delivered
58964,20240715,1181,2040,3122,5,969.23,25.51,0.0,28,4.4,Delivered
58965,20240424,1124,2057,3010,5,860.03,36.28,0.0,56,4.6,Delivered
58966,20240430,1028,2027,3077,1,883.96,70.06,0.0,22,4.0,Delivered
58967,20251014,1432,2091,3126,4,3531.06,65.05,0.0,22,3.4,Delivered
58968,20240305,1035,2116,3062,4,986.71,65.3,227.96,33,3.7,Delivered
58969,20241002,1052,2042,3047,2,941.21,74.81,0.0,60,3.8,Delivered
58970,20240826,1438,2033,3023,1,577.55,32.12,232.23,43,3.2,Delivered
58971,20241028,1107,2117,3035,4,601.47,34.36,0.0,39,3.7,Delivered
58972,20250126,1359,2010,3112,5,4266.85,70.17,112.99,65,,Cancelled
58973,20250605,1272,2114,3092,3,543.44,21.0,0.0,58,4.1,Delivered
58974,20250103,1733,2108,3148,1,796.92,22.54,0.0,36,3.1,Delivered
58975,20240820,1228,2003,3136,3,1491.58,31.11,127.01,47,4.5,Delivered
58976,20240713,1248,2077,3053,1,831.96,74.06,154.75,62,3.1,Delivered
58977,20240112,1576,2008,3118,2,928.17,76.62,0.0,45,4.1,Delivered
58978,20251119,1037,2026,3012,4,2458.26,52.97,148.23,63,3.7,Delivered
58979,20240625,1084,2026,3094,1,445.72,36.07,0.0,63,4.6,Delivered
58980,20240804,1415,2097,3038,3,849.66,59.98,0.0,60,3.1,Delivered
58981,20240111,1421,2083,3014,4,3013.69,55.68,0.0,43,4.5,Delivered
58982,20250321,1587,2056,3010,1,435.94,69.53,70.86,18,4.3,Delivered
58983,20250921,1038,2062,3105,2,1600.38,28.18,29.93,18,4.2,Delivered
58984,20240612,1165,2025,3014,5,2755.24,50.61,192.17,32,3.6,Delivered
58985,20250704,1742,2019,3096,4,1194.14,50.22,137.02,34,4.3,Delivered
58986,20240222,1503,2020,3010,2,468.54,64.71,0.0,42,3.3,Delivered
58987,20240805,1374,2044,3096,1,524.75,73.84,0.0,44,3.4,Delivered
58988,20251218,1018,2055,3007,1,155.3,52.09,0.0,28,3.2,Delivered
58989,20241225,1696,2112,3115,3,756.98,47.95,159.95,55,3.2,Delivered
58990,20250119,1594,2014,3129,2,472.61,15.86,97.15,23,3.5,Delivered
58991,20240225,1455,2067,3108,3,2463.61,15.47,0.0,27,4.0,Delivered
58992,20240427,1571,2051,3087,2,1346.11,25.67,157.23,64,4.8,Delivered
58993,20240909,1401,2004,3089,5,4473.09,72.49,240.64,18,3.6,Delivered
58994,20240628,1661,2031,3006,4,2748.44,42.1,167.31,24,3.1,Delivered
58995,20250218,1596,2002,3084,1,444.17,40.77,114.17,54,4.5,Delivered
58996,20240822,1250,2039,3109,5,894.74,56.67,136.89,44,5.0,Delivered
58997,20251208,1112,2094,3029,4,3255.03,23.49,0.0,30,,Cancelled
58998,20240320,1273,2022,3063,3,979.52,20.86,0.0,29,4.5,Delivered
58999,20251008,1082,2071,3079,1,410.11,78.88,0.0,36,3.6,Delivered
59000,20240122,1346,2041,3131,1,717.66,20.78,249.22,27,3.3,Delivered
59001,20250421,1713,2080,3040,4,2525.35,26.27,0.0,33,4.3,Delivered
59002,20250315,1068,2097,3020,5,2318.67,45.41,104.52,27,5.0,Delivered
59003,20250723,1783,2033,3039,5,766.29,71.49,103.14,36,3.4,Delivered
59004,20240402,1296,2052,3096,1,312.37,32.33,0.0,21,3.6,Delivered
59005,20240710,1033,2036,3037,5,4271.32,26.31,135.46,56,3.9,Delivered
59006,20240412,1032,2062,3036,4,2107.05,47.57,248.6,63,5.0,Delivered
59007,20250130,1305,2068,3108,1,631.46,51.75,53.8,23,,Cancelled
59008,20240107,1096,2010,3009,5,941.03,64.2,0.0,37,3.7,Delivered
59009,20251001,1230,2043,3146,1,764.75,72.27,28.6,24,4.1,Delivered
59010,20250720,1790,2015,3015,3,2066.74,33.76,70.31,19,4.5,Delivered
59011,20240818,1775,2079,3106,1,205.61,68.25,248.06,37,3.6,Delivered
59012,20250727,1164,2113,3021,3,2059.88,22.81,218.0,29,4.5,Delivered
59013,20240827,1540,2060,3083,5,1430.9,51.18,42.81,36,4.6,Delivered
59014,20240330,1785,2002,3141,5,1421.97,70.89,0.0,62,4.5,Delivered
59015,20240819,1036,2112,3058,1,510.81,42.78,55.91,56,4.4,Delivered
59016,20250401,1490,2026,3104,5,3356.82,29.68,0.0,34,3.4,Delivered
59017,20240820,1436,2036,3023,1,631.98,18.65,0.0,33,4.6,Delivered
59018,20241219,1682,2058,3005,5,2101.56,15.1,245.33,20,4.9,Delivered
59019,20241128,1558,2002,3075,1,500.6,46.69,76.22,38,,Cancelled
59020,20250314,1283,2089,3023,1,734.66,28.01,21.68,31,,Cancelled
59021,20250109,1087,2098,3121,5,2315.13,52.85,0.0,61,3.1,Delivered
59022,20241018,1149,2043,3065,3,2005.22,39.46,162.35,64,3.5,Delivered
59023,20241210,1160,2118,3007,1,658.27,22.64,0.0,62,4.0,Delivered
59024,20251025,1182,2036,3014,2,1451.59,55.65,139.39,25,4.8,Delivered
59025,20250303,1478,2110,3058,5,2585.63,49.16,67.11,20,4.8,Delivered
59026,20251018,1556,2087,3014,4,2865.95,65.31,0.0,19,4.5,Delivered
59027,20240509,1300,2056,3073,3,2546.9,50.66,110.97,36,4.0,Delivered
59028,20240520,1735,2040,3005,5,950.0,77.8,0.0,30,4.4,Delivered
59029,20250218,1602,2110,3140,3,1746.83,19.65,174.56,23,3.4,Delivered
59030,20240402,1764,2103,3099,1,879.3,69.83,0.0,42,3.8,Delivered
59031,20250917,1559,2091,3116,3,2588.68,58.5,129.06,30,4.2,Delivered
59032,20241010,1403,2112,3115,4,2387.77,31.08,0.0,41,,Cancelled
59033,20251016,1008,2031,3013,5,3251.5,56.04,189.65,58,3.7,Delivered
59034,20240810,1791,2078,3130,3,1192.71,22.08,0.0,64,3.5,Delivered
59035,20250407,1409,2086,3022,1,666.4,22.44,0.0,55,4.5,Delivered
59036,20250628,1638,2035,3074,5,1704.14,68.59,65.59,64,3.3,Delivered
59037,20241002,1022,2120,3008,5,3854.92,68.99,119.64,53,3.4,Delivered
59038,20251112,1303,2097,3007,4,1073.95,70.78,0.0,39,3.5,Delivered
59039,20240519,1724,2012,3136,2,1148.48,35.87,0.0,29,4.1,Delivered
59040,20241222,1252,2077,3046,2,912.17,16.81,52.58,23,3.9,Delivered
59041,20251213,1242,2119,3023,4,652.44,23.15,0.0,26,,Cancelled
59042,20240123,1061,2001,3050,3,1030.9,23.86,96.53,64,3.1,Delivered
59043,20240926,1302,2065,3138,4,1063.36,55.47,176.26,54,4.4,Delivered
59044,20251026,1607,2079,3148,3,2381.95,64.03,164.78,63,4.6,Delivered
59045,20241128,1259,2097,3018,5,3946.81,74.47,0.0,54,4.5,Delivered
59046,20240325,1187,2028,3035,4,1949.52,38.91,32.92,64,4.6,Delivered
59047,20250912,1147,2008,3035,2,1173.93,46.9,193.77,32,4.8,Delivered
59048,20240131,1588,2039,3057,2,819.95,45.87,0.0,21,4.8,Delivered
59049,20240827,1305,2072,3105,5,2593.45,72.73,129.38,64,4.2,Delivered
59050,20241228,1237,2077,3071,5,2093.26,35.03,30.18,62,4.9,Delivered
59051,20250123,1098,2016,3068,4,1934.52,34.47,0.0,45,4.3,Delivered
59052,20251014,1489,2092,3078,2,753.76,54.8,88.42,23,3.1,Delivered
59053,20251029,1792,2071,3095,2,1169.4,31.8,89.84,27,4.8,Delivered
59054,20241025,1512,2038,3092,3,1577.25,44.77,0.0,21,3.6,Delivered
59055,20250105,1153,2015,3034,2,982.72,42.26,0.0,53,3.7,Delivered
59056,20240408,1736,2068,3119,1,640.51,15.28,0.0,33,4.8,Delivered
59057,20240216,1214,2020,3053,5,4320.44,51.59,0.0,47,4.5,Delivered
59058,20250225,1629,2049,3075,2,1094.27,59.67,247.89,58,4.4,Delivered
59059,20250424,1042,2085,3137,4,1052.65,78.0,236.46,53,3.2,Delivered
59060,20250801,1291,2057,3087,1,292.77,47.88,157.08,24,,Cancelled
59061,20240302,1449,2057,3051,1,167.63,65.81,68.34,46,3.5,Delivered
59062,20240418,1550,2085,3013,1,305.76,39.11,101.64,44,4.0,Delivered
59063,20251109,1223,2115,3087,5,3579.46,54.62,61.03,61,3.2,Delivered
59064,20250702,1259,2090,3055,3,1492.94,67.67,81.05,25,4.1,Delivered
59065,20240428,1173,2005,3084,5,2844.78,71.9,114.18,64,4.1,Delivered
59066,20250820,1496,2045,3073,5,4431.22,22.24,0.0,48,3.5,Delivered
59067,20250116,1196,2095,3025,3,2637.95,37.04,44.68,58,4.8,Delivered
59068,20250126,1564,2118,3122,2,595.28,69.59,98.24,21,4.7,Delivered
59069,20240221,1295,2018,3076,1,396.25,71.91,66.83,64,5.0,Delivered
59070,20250825,1040,2089,3110,5,2322.72,27.94,138.93,25,3.8,Delivered
59071,20241015,1709,2040,3106,4,759.99,24.47,174.79,63,4.4,Delivered
59072,20241202,1216,2055,3058,3,1003.18,41.09,157.95,44,3.8,Delivered
59073,20240722,1043,2067,3109,1,681.58,65.16,158.86,37,4.2,Delivered
59074,20240825,1489,2092,3145,3,1700.75,17.71,174.74,32,3.1,Delivered
59075,20250116,1640,2029,3107,2,965.96,68.73,0.0,38,3.4,Delivered
59076,20251028,1706,2038,3132,3,1976.61,78.45,0.0,51,4.9,Delivered
59077,20240515,1357,2085,3028,4,1180.31,43.03,37.11,27,3.2,Delivered
59078,20250210,1468,2043,3066,1,684.1,69.3,163.33,54,4.3,Delivered
59079,20250522,1195,2006,3103,2,345.85,29.53,58.1,52,3.4,Delivered
59080,20241227,1537,2013,3079,3,1576.78,16.32,39.04,47,4.9,Delivered
59081,20250115,1579,2020,3040,3,1905.88,65.67,203.1,45,4.2,Delivered
59082,20250729,1612,2099,3115,5,3417.52,22.3,199.24,28,,Cancelled
59083,20250926,1680,2031,3145,2,1653.72,57.71,149.1,36,4.1,Delivered
59084,20240910,1749,2074,3076,2,514.01,66.34,0.0,39,4.9,Delivered
59085,20250421,1426,2006,3043,2,1292.52,52.44,0.0,44,4.6,Delivered
59086,20240423,1742,2014,3038,3,2248.63,58.07,52.84,39,,Cancelled
59087,20240120,1447,2058,3022,3,2209.93,48.42,60.63,46,4.6,Delivered
59088,20250611,1230,2044,3061,1,544.02,28.43,29.26,48,4.6,Delivered
59089,20240524,1544,2065,3132,5,3830.31,66.65,0.0,37,3.9,Delivered
59090,20240726,1557,2058,3020,2,1790.68,43.5,0.0,43,3.5,Delivered
59091,20250614,1239,2049,3065,4,2461.64,75.26,232.87,21,4.0,Delivered
59092,20250110,1700,2068,3023,1,720.38,17.22,37.54,28,4.7,Delivered
59093,20250518,1642,2109,3044,1,276.64,38.09,219.9,37,4.0,Delivered
59094,20240614,1415,2008,3113,2,654.63,71.12,0.0,36,4.8,Delivered
59095,20250703,1339,2059,3117,2,1442.78,16.01,114.03,26,5.0,Delivered
59096,20240629,1517,2061,3070,5,1144.97,45.36,105.92,60,3.2,Delivered
59097,20250908,1035,2105,3014,4,2689.96,34.79,61.78,23,3.9,Delivered
59098,20250903,1537,2091,3101,5,3016.79,64.16,0.0,43,3.7,Delivered
59099,20250824,1361,2045,3146,5,2974.91,16.59,0.0,37,4.5,Delivered
59100,20250319,1178,2025,3056,4,2831.92,67.9,114.88,62,4.1,Delivered
59101,20241127,1642,2103,3013,3,899.08,30.01,0.0,44,3.2,Delivered
59102,20250517,1401,2055,3027,5,1897.08,39.1,175.84,38,4.4,Delivered
59103,20240319,1730,2036,3014,3,828.03,54.13,92.66,26,3.6,Delivered
59104,20250807,1501,2094,3069,1,412.84,19.45,0.0,18,4.3,Delivered
59105,20251118,1324,2117,3029,1,393.3,51.67,22.4,29,4.4,Delivered
59106,20250130,1089,2025,3144,2,734.08,25.37,111.68,64,,Cancelled
59107,20250830,1498,2010,3023,5,1589.3,54.31,0.0,38,3.9,Delivered
59108,20240412,1660,2115,3006,3,1618.52,36.82,106.17,18,3.5,Delivered
59109,20250205,1082,2018,3123,1,606.56,53.68,169.94,42,4.6,Delivered
59110,20240811,1167,2106,3034,2,1112.65,23.89,107.1,50,3.0,Delivered
59111,20250601,1488,2088,3054,1,464.17,79.76,32.24,32,3.2,Delivered
59112,20250925,1082,2095,3065,2,1540.29,16.12,185.17,60,4.5,Delivered
59113,20240823,1343,2074,3105,1,333.19,53.85,0.0,53,3.6,Delivered
59114,20250302,1066,2093,3100,4,1878.22,77.82,142.03,35,3.2,Delivered
59115,20240425,1429,2115,3066,3,1990.61,67.8,227.53,29,4.8,Delivered
59116,20240611,1068,2089,3034,5,803.88,57.75,64.3,43,3.6,Delivered
59117,20240813,1001,2110,3134,5,957.17,73.04,0.0,37,3.5,Delivered
59118,20240817,1784,2010,3116,4,2858.58,19.3,0.0,22,3.9,Delivered
59119,20240630,1588,2100,3028,5,3039.13,56.16,0.0,20,3.8,Delivered
59120,20240905,1035,2065,3068,1,799.06,44.97,41.6,20,4.4,Delivered
59121,20241113,1241,2032,3037,3,1073.27,78.61,118.44,43,4.2,Delivered
59122,20240728,1371,2002,3115,5,1318.24,19.27,0.0,37,4.5,Delivered
59123,20251017,1553,2012,3062,5,3969.91,57.04,0.0,60,4.0,Delivered
59124,20250126,1681,2088,3002,2,789.1,77.24,34.23,25,3.2,Delivered
59125,20240405,1088,2112,3048,5,3434.83,38.22,0.0,18,4.3,Delivered
59126,20240326,1481,2049,3012,2,453.91,59.37,63.61,18,,Cancelled
59127,20250218,1211,2089,3001,1,680.48,61.0,241.9,36,4.9,Delivered
59128,20250128,1235,2056,3103,1,730.84,64.05,207.11,63,3.4,Delivered
59129,20251126,1290,2084,3112,2,1698.73,30.27,222.22,40,4.3,Delivered
59130,20250924,1302,2010,3147,5,1144.31,21.49,0.0,26,3.0,Delivered
59131,20250515,1412,2027,3057,5,3391.6,45.07,0.0,52,3.5,Delivered
59132,20250826,1496,2048,3068,1,288.37,73.43,0.0,54,4.4,Delivered
59133,20250804,1392,2007,3036,3,928.83,47.46,0.0,47,,Cancelled
59134,20240512,1729,2090,3056,5,2166.12,60.97,0.0,57,3.3,Delivered
59135,20251010,1212,2109,3044,1,502.62,40.86,75.81,59,4.9,Delivered
59136,20241109,1431,2117,3081,4,2203.1,37.38,0.0,26,3.6,Delivered
59137,20251129,1586,2071,3124,4,3043.64,66.85,178.71,22,,Cancelled
59138,20240808,1183,2026,3119,3,1285.89,39.62,0.0,49,4.2,Delivered
59139,20250313,1554,2097,3041,1,390.97,22.98,190.42,23,4.5,Delivered
59140,20240215,1306,2037,3075,4,2388.5,28.48,41.55,19,,Cancelled
59141,20240710,1693,2001,3105,3,775.3,69.8,0.0,56,3.8,Delivered
59142,20250603,1185,2035,3144,5,3705.92,41.73,151.14,45,4.1,Delivered
59143,20250113,1100,2072,3081,1,188.14,67.38,0.0,25,4.9,Delivered
59144,20251121,1115,2105,3056,3,707.34,61.09,76.06,45,3.1,Delivered
59145,20241129,1179,2115,3004,5,4366.12,50.86,0.0,37,3.5,Delivered
59146,20240208,1786,2046,3117,1,204.49,71.07,101.97,21,3.4,Delivered
59147,20241019,1291,2118,3149,4,2123.26,26.76,0.0,34,,Cancelled
59148,20251120,1480,2045,3125,4,641.04,74.82,212.84,27,4.9,Delivered
59149,20240610,1681,2101,3142,1,263.29,27.79,209.48,58,3.7,Delivered
59150,20241126,1661,2058,3025,1,334.94,27.89,0.0,53,4.8,Delivered
59151,20240413,1690,2102,3095,4,1080.98,66.77,0.0,56,4.3,Delivered
59152,20240609,1508,2034,3048,3,2666.47,30.09,211.16,41,3.6,Delivered
59153,20250926,1582,2026,3083,3,2658.39,43.17,107.41,46,3.9,Delivered
59154,20240223,1459,2090,3133,3,1541.07,62.51,0.0,43,4.6,Delivered
59155,20240203,1338,2041,3104,2,693.72,37.16,95.21,61,4.0,Delivered
59156,20240829,1331,2090,3089,5,3885.63,30.08,25.72,45,3.9,Delivered
59157,20240422,1576,2085,3012,2,907.62,78.08,119.85,21,4.7,Delivered
59158,20241113,1346,2114,3069,5,2699.21,63.69,55.63,57,3.4,Delivered
59159,20240123,1467,2043,3029,5,4372.76,30.17,224.06,52,4.4,Delivered
59160,20250711,1524,2085,3137,4,3072.44,22.55,0.0,45,3.2,Delivered
59161,20251008,1669,2085,3087,1,886.44,57.51,0.0,31,4.9,Delivered
59162,20240427,1158,2088,3088,2,547.27,39.63,55.34,39,3.5,Delivered
59163,20251201,1741,2089,3057,3,2069.05,70.0,161.52,39,3.1,Delivered
59164,20251004,1509,2083,3016,3,1680.37,39.7,0.0,61,4.2,Delivered
59165,20240730,1525,2051,3053,2,1502.98,47.69,0.0,54,3.1,Delivered
59166,20250221,1508,2068,3066,3,2325.29,20.02,219.66,51,4.2,Delivered
59167,20240422,1158,2050,3003,1,626.17,47.3,142.76,43,4.9,Delivered
59168,20240213,1157,2106,3094,3,1254.45,57.73,0.0,58,4.8,Delivered
59169,20240507,1779,2034,3127,4,757.85,41.87,245.97,22,3.0,Delivered
59170,20240606,1347,2053,3095,4,1206.65,30.58,122.49,37,3.4,Delivered
59171,20250128,1350,2001,3129,3,1784.39,32.55,0.0,24,3.3,Delivered
59172,20250526,1438,2050,3112,5,2736.12,31.34,0.0,24,3.1,Delivered
59173,20240214,1746,2011,3080,5,1689.2,74.39,111.06,43,3.3,Delivered
59174,20240417,1452,2035,3029,1,415.76,32.09,40.96,32,3.1,Delivered
59175,20240806,1489,2024,3011,3,948.5,36.07,0.0,20,3.7,Delivered
59176,20250318,1392,2038,3033,4,1908.69,29.29,0.0,54,4.3,Delivered
59177,20241110,1136,2120,3017,5,4387.92,60.14,245.03,48,3.6,Delivered
59178,20240625,1091,2065,3073,1,257.93,24.87,45.67,28,3.2,Delivered
59179,20240815,1718,2033,3056,5,3387.69,30.55,0.0,31,3.7,Delivered
59180,20251203,1732,2102,3072,5,4208.78,19.51,203.58,40,4.4,Delivered
59181,20251102,1335,2046,3134,1,673.44,69.6,0.0,57,4.3,Delivered
59182,20240923,1760,2085,3071,4,3452.38,26.19,0.0,20,4.6,Delivered
59183,20250113,1092,2032,3105,3,2004.64,32.61,124.15,53,4.1,Delivered
59184,20250503,1321,2045,3024,2,1356.58,52.18,46.49,53,3.6,Delivered
59185,20251202,1557,2084,3147,3,761.19,31.51,0.0,65,3.0,Delivered
59186,20251117,1373,2006,3148,3,1341.82,72.06,227.46,18,4.1,Delivered
59187,20241016,1595,2095,3114,3,2581.85,47.47,0.0,29,3.7,Delivered
59188,20241222,1352,2095,3087,4,2708.94,24.91,0.0,52,4.7,Delivered
59189,20251018,1219,2021,3067,2,793.0,35.79,99.5,30,3.4,Delivered
59190,20240722,1031,2022,3054,5,1746.54,18.96,0.0,34,3.5,Delivered
59191,20240731,1010,2036,3083,3,2651.37,65.32,0.0,35,3.4,Delivered
59192,20250705,1285,2061,3032,3,2693.79,45.44,134.89,46,3.2,Delivered
59193,20241118,1529,2103,3049,2,1653.6,68.68,216.26,23,4.0,Delivered
59194,20250816,1146,2081,3123,5,4481.94,56.89,198.02,28,3.4,Delivered
59195,20240629,1636,2104,3148,5,885.32,37.32,83.24,59,3.3,Delivered
59196,20250513,1702,2070,3088,1,324.54,42.94,0.0,25,,Cancelled
59197,20241115,1427,2060,3092,3,2430.61,44.6,118.2,65,3.8,Delivered
59198,20240323,1355,2045,3006,1,490.92,57.85,0.0,53,4.4,Delivered
59199,20241029,1221,2057,3086,4,2490.6,78.58,241.36,33,3.8,Delivered
59200,20240918,1393,2097,3113,3,1942.49,37.72,192.84,26,3.2,Delivered
59201,20240718,1583,2097,3043,2,796.47,68.79,0.0,60,,Cancelled
59202,20240827,1237,2017,3034,2,894.56,65.07,0.0,47,4.3,Delivered
59203,20251122,1255,2095,3032,3,2516.85,57.63,232.77,41,4.6,Delivered
59204,20251113,1769,2016,3020,4,3252.06,59.2,0.0,33,,Cancelled
59205,20241021,1210,2016,3072,3,876.74,50.8,194.27,46,4.7,Delivered
59206,20250526,1674,2005,3011,2,311.99,23.16,0.0,19,4.1,Delivered
59207,20251119,1299,2078,3008,1,631.85,34.5,0.0,35,4.9,Delivered
59208,20250130,1495,2050,3019,2,1049.99,69.83,186.8,50,3.3,Delivered
59209,20240517,1705,2052,3003,2,714.07,44.13,0.0,61,4.7,Delivered
59210,20240508,1053,2083,3096,5,3722.79,68.55,0.0,42,3.3,Delivered
59211,20240218,1400,2098,3092,5,3818.4,54.27,0.0,53,3.3,Delivered
59212,20251106,1656,2047,3051,4,1648.05,50.83,0.0,45,4.8,Delivered
59213,20241019,1417,2106,3018,5,1688.52,16.6,0.0,50,4.4,Delivered
59214,20250919,1638,2066,3006,4,879.81,64.9,0.0,59,4.1,Delivered
59215,20250619,1422,2094,3134,1,528.68,70.42,0.0,35,4.8,Delivered
59216,20241106,1334,2016,3080,3,1756.3,60.54,0.0,60,3.7,Delivered
59217,20250620,1088,2103,3065,4,633.76,57.06,172.78,35,3.6,Delivered
59218,20250930,1678,2006,3121,2,1395.39,63.97,0.0,47,3.6,Delivered
59219,20240821,1781,2061,3134,5,3885.72,64.91,209.68,37,,Cancelled
59220,20240727,1518,2106,3094,3,618.18,25.78,148.05,38,4.2,Delivered
59221,20250827,1421,2061,3053,3,951.5,72.04,0.0,40,3.6,Delivered
59222,20240403,1644,2040,3042,3,1602.55,37.17,90.64,18,3.3,Delivered
59223,20241122,1590,2100,3145,5,1984.76,58.04,190.26,53,4.9,Delivered
59224,20240812,1445,2108,3030,5,1070.03,15.36,0.0,62,3.2,Delivered
59225,20240111,1171,2084,3007,5,980.74,51.68,0.0,41,4.1,Delivered
59226,20241124,1535,2089,3142,1,194.92,42.68,187.98,54,4.3,Delivered
59227,20240112,1148,2058,3116,2,865.33,25.46,134.5,54,4.6,Delivered
59228,20240204,1593,2115,3027,2,765.3,73.74,198.8,46,,Cancelled
59229,20250322,1155,2102,3014,3,1478.85,19.14,59.25,39,3.8,Delivered
59230,20250327,1640,2029,3092,3,1831.94,53.5,73.84,38,4.5,Delivered
59231,20240807,1783,2065,3108,2,351.78,18.73,0.0,26,4.7,Delivered
59232,20250316,1331,2089,3128,4,1710.6,46.18,157.96,65,4.1,Delivered
59233,20251014,1582,2075,3103,5,1897.42,48.07,164.41,39,4.9,Delivered
59234,20250618,1488,2076,3087,3,489.01,45.56,241.52,56,4.2,Delivered
59235,20250817,1361,2102,3081,3,2050.37,68.1,189.17,61,,Cancelled
59236,20240816,1301,2113,3060,5,2731.59,21.96,163.83,34,3.6,Delivered
59237,20241209,1705,2052,3013,3,1380.7,75.18,0.0,62,4.2,Delivered
59238,20240320,1501,2004,3125,2,841.28,27.82,31.89,46,4.1,Delivered
59239,20241218,1610,2082,3099,1,828.04,16.54,0.0,35,4.4,Delivered
59240,20250130,1329,2043,3039,1,512.72,33.3,72.54,42,3.9,Delivered
59241,20241016,1442,2050,3123,2,1369.8,68.75,178.91,37,3.1,Delivered
59242,20250330,1031,2024,3015,1,199.97,66.87,0.0,32,3.6,Delivered
59243,20251101,1438,2037,3011,1,357.39,39.15,247.82,64,4.9,Delivered
59244,20240507,1286,2085,3112,4,987.49,24.93,137.23,25,4.8,Delivered
59245,20251202,1486,2085,3093,3,648.46,75.41,239.71,44,3.6,Delivered
59246,20250626,1471,2054,3119,4,600.75,55.42,0.0,61,3.2,Delivered
59247,20241224,1771,2087,3083,5,2632.45,46.84,0.0,51,3.3,Delivered
59248,20250610,1085,2056,3077,1,245.94,39.29,0.0,26,4.2,Delivered
59249,20241108,1361,2066,3053,4,3387.37,22.13,0.0,62,4.6,Delivered
59250,20240315,1302,2033,3038,1,158.31,78.68,138.59,40,4.8,Delivered
59251,20250629,1109,2084,3088,1,797.33,58.47,0.0,25,4.5,Delivered
59252,20240714,1678,2043,3105,5,3162.46,63.57,0.0,49,4.7,Delivered
59253,20240129,1209,2042,3061,5,1871.22,44.51,136.3,27,4.5,Delivered
59254,20251206,1346,2082,3137,5,3122.89,59.89,39.16,23,4.3,Delivered
59255,20240116,1195,2016,3136,4,1745.88,43.31,0.0,32,4.5,Delivered
59256,20250226,1555,2116,3039,5,2785.82,68.4,0.0,47,4.4,Delivered
59257,20250811,1543,2087,3064,2,739.15,69.84,0.0,23,4.8,Delivered
59258,20250815,1556,2003,3002,4,1268.8,60.0,0.0,36,3.6,Delivered
59259,20250208,1483,2019,3055,3,2672.33,49.81,0.0,30,3.5,Delivered
59260,20250927,1370,2110,3069,1,652.09,57.65,196.92,51,3.4,Delivered
59261,20250614,1367,2105,3040,4,748.48,15.55,0.0,49,,Cancelled
59262,20250905,1024,2029,3104,1,829.36,25.13,0.0,18,,Cancelled
59263,20240317,1412,2038,3038,3,1639.42,63.55,0.0,57,4.3,Delivered
59264,20240816,1243,2043,3086,2,877.29,21.28,209.11,65,4.3,Delivered
59265,20241023,1633,2004,3103,4,3587.54,38.53,90.57,52,4.9,Delivered
59266,20250524,1160,2009,3045,5,4457.93,60.27,0.0,24,3.1,Delivered
59267,20251215,1576,2089,3135,2,1412.88,54.32,58.73,50,4.5,Delivered
59268,20250726,1070,2045,3075,4,1566.66,45.96,56.13,49,4.1,Delivered
59269,20250621,1247,2106,3150,1,158.44,35.81,135.12,54,,Cancelled
59270,20250805,1698,2031,3073,2,1206.9,35.27,0.0,63,4.0,Delivered
59271,20250906,1055,2097,3046,1,273.76,67.29,39.0,58,3.1,Delivered
59272,20241121,1353,2106,3015,4,2139.56,16.28,0.0,47,3.7,Delivered
59273,20241228,1147,2008,3144,1,248.09,75.57,206.08,55,4.3,Delivered
59274,20251030,1025,2017,3077,1,797.48,24.6,82.66,57,3.7,Delivered
59275,20241224,1174,2052,3034,2,1474.85,70.78,0.0,61,3.2,Delivered
59276,20251206,1570,2049,3145,4,1028.46,54.38,82.46,32,3.9,Delivered
59277,20241119,1122,2010,3101,4,3043.94,70.6,63.58,25,4.8,Delivered
59278,20251128,1388,2014,3142,5,3750.38,73.89,164.23,61,4.9,Delivered
59279,20241121,1267,2050,3131,5,975.96,37.23,0.0,43,3.2,Delivered
59280,20250916,1490,2012,3009,4,1151.77,32.28,71.23,59,3.4,Delivered
59281,20240613,1380,2089,3129,2,1160.79,32.37,0.0,63,3.9,Delivered
59282,20250726,1144,2097,3072,3,668.3,51.12,48.97,19,4.4,Delivered
59283,20250826,1302,2060,3102,4,2040.61,36.8,0.0,27,3.4,Delivered
59284,20250330,1179,2114,3083,1,507.12,45.1,0.0,49,,Cancelled
59285,20240601,1459,2097,3075,1,853.2,59.32,164.76,60,4.3,Delivered
59286,20240506,1270,2031,3148,4,2778.61,76.88,144.19,42,3.1,Delivered
59287,20240711,1468,2044,3133,2,418.12,71.58,0.0,50,,Cancelled
59288,20250918,1523,2016,3118,2,952.37,39.44,0.0,25,3.4,Delivered
59289,20250613,1473,2046,3076,2,1468.09,24.6,0.0,39,3.7,Delivered
59290,20240110,1175,2070,3084,2,620.04,55.77,244.69,32,3.7,Delivered
59291,20240401,1014,2020,3066,1,871.4,62.37,0.0,39,4.0,Delivered
59292,20240518,1784,2030,3043,5,2559.06,21.58,48.75,64,3.2,Delivered
59293,20250425,1461,2036,3113,5,2415.48,36.67,224.34,20,3.4,Delivered
59294,20250324,1705,2068,3149,5,3882.25,79.45,0.0,26,3.5,Delivered
59295,20241128,1338,2081,3110,1,572.02,32.93,0.0,43,5.0,Delivered
59296,20241205,1354,2018,3043,4,2345.24,62.11,0.0,21,4.2,Delivered
59297,20240221,1066,2019,3123,3,2334.91,39.55,0.0,18,3.2,Delivered
59298,20251207,1621,2036,3135,2,624.2,52.77,0.0,58,4.3,Delivered
59299,20250410,1086,2104,3004,1,352.95,47.1,0.0,54,4.8,Delivered
59300,20251218,1020,2024,3097,3,1769.13,61.67,69.61,28,4.0,Delivered
59301,20250419,1755,2029,3014,2,1723.17,35.07,0.0,54,4.0,Delivered
59302,20250204,1735,2114,3029,1,396.14,75.04,0.0,35,3.2,Delivered
59303,20250314,1548,2006,3042,1,619.72,37.44,0.0,24,3.1,Delivered
59304,20250827,1029,2049,3141,4,1540.49,64.43,0.0,36,3.3,Delivered
59305,20251018,1767,2086,3142,2,940.16,46.13,173.97,41,4.2,Delivered
59306,20250820,1646,2113,3041,2,1253.23,35.16,61.24,37,3.5,Delivered
59307,20250523,1341,2107,3108,5,2003.06,55.01,0.0,43,4.6,Delivered
59308,20240601,1005,2085,3010,3,1022.21,55.2,0.0,53,3.5,Delivered
59309,20250528,1491,2096,3035,1,212.82,77.03,117.96,56,3.4,Delivered
59310,20250517,1543,2120,3079,2,1669.8,35.84,0.0,19,3.8,Delivered
59311,20251106,1521,2005,3044,5,3839.26,64.42,0.0,49,3.6,Delivered
59312,20240106,1734,2077,3053,4,3532.64,76.5,0.0,49,3.7,Delivered
59313,20250514,1577,2105,3070,1,782.32,71.28,83.32,27,4.7,Delivered
59314,20251022,1633,2055,3033,4,1957.22,23.12,162.66,50,4.5,Delivered
59315,20251217,1180,2115,3055,3,468.06,49.6,0.0,26,5.0,Delivered
59316,20240427,1691,2008,3110,1,604.01,48.02,0.0,36,5.0,Delivered
59317,20250429,1424,2110,3150,4,2416.65,24.06,0.0,33,4.4,Delivered
59318,20250823,1637,2023,3137,1,301.79,20.52,102.05,29,3.5,Delivered
59319,20251027,1037,2034,3082,3,480.53,74.84,0.0,26,3.9,Delivered
59320,20251109,1662,2097,3140,2,1219.31,75.55,113.09,44,4.9,Delivered
59321,20250412,1316,2082,3150,3,1744.73,35.06,116.11,34,4.3,Delivered
59322,20240609,1262,2025,3027,5,1449.75,70.65,128.69,64,3.3,Delivered
59323,20240926,1495,2101,3064,1,523.94,55.87,0.0,42,4.4,Delivered
59324,20240225,1249,2115,3003,4,841.15,27.52,93.15,44,3.2,Delivered
59325,20240815,1778,2107,3104,3,2269.92,41.53,44.07,34,4.6,Delivered
59326,20240528,1393,2085,3109,2,481.69,37.7,144.5,44,4.9,Delivered
59327,20240215,1652,2084,3103,4,1551.79,66.88,0.0,36,,Cancelled
59328,20240523,1226,2009,3148,1,880.02,44.98,117.77,64,3.8,Delivered
59329,20250923,1707,2019,3145,5,4223.99,38.89,96.0,24,4.2,Delivered
59330,20241205,1754,2001,3147,1,646.84,26.93,193.76,35,4.1,Delivered
59331,20250216,1132,2086,3017,1,615.39,23.13,0.0,27,3.7,Delivered
59332,20250603,1704,2040,3011,2,1582.87,29.48,0.0,59,4.1,Delivered
59333,20241209,1181,2069,3029,5,2600.24,29.2,154.74,38,4.1,Delivered
59334,20250121,1532,2034,3034,5,4450.63,61.02,31.89,33,4.2,Delivered
59335,20250417,1140,2075,3098,4,1670.39,54.41,105.84,37,3.3,Delivered
59336,20241001,1262,2043,3019,5,913.82,31.65,0.0,18,3.7,Delivered
59337,20241218,1012,2070,3076,4,1961.5,19.83,0.0,36,4.2,Delivered
59338,20240306,1259,2089,3120,5,3952.37,59.46,0.0,42,3.5,Delivered
59339,20240319,1123,2079,3001,1,481.31,43.12,0.0,46,4.4,Delivered
59340,20250820,1515,2004,3015,4,2106.63,43.41,0.0,44,3.3,Delivered
59341,20250927,1148,2015,3143,1,396.4,49.96,0.0,39,3.8,Delivered
59342,20240720,1699,2036,3124,3,1399.92,74.05,69.41,54,4.4,Delivered
59343,20251023,1037,2034,3106,2,306.11,15.04,0.0,43,3.1,Delivered
59344,20250711,1615,2069,3099,3,1983.61,62.74,50.68,26,4.0,Delivered
59345,20240422,1146,2115,3048,2,1619.96,40.67,0.0,63,4.4,Delivered
59346,20240331,1282,2097,3125,5,4446.89,64.46,0.0,46,4.8,Delivered
59347,20240520,1685,2018,3064,4,1897.0,48.15,0.0,24,3.0,Delivered
59348,20241015,1675,2073,3082,2,1480.08,62.61,0.0,55,3.6,Delivered
59349,20251230,1667,2030,3145,5,1137.57,29.04,0.0,56,4.8,Delivered
59350,20250811,1395,2034,3121,1,779.43,27.67,87.2,44,3.5,Delivered
59351,20250214,1466,2106,3074,4,2011.56,67.5,0.0,32,4.0,Delivered
59352,20250111,1484,2020,3120,4,1624.65,71.39,51.51,52,3.7,Delivered
59353,20250118,1014,2058,3129,2,908.68,59.18,77.45,63,4.2,Delivered
59354,20240531,1794,2012,3103,3,759.36,44.93,0.0,56,4.8,Delivered
59355,20250918,1242,2022,3053,4,2177.28,36.64,183.54,53,4.7,Delivered
59356,20241114,1777,2020,3040,4,1253.61,53.01,0.0,59,,Cancelled
59357,20250103,1696,2057,3056,5,4312.31,71.34,29.75,41,4.3,Delivered
59358,20250828,1456,2057,3069,3,1716.45,36.87,32.63,25,4.4,Delivered
59359,20250713,1052,2004,3073,1,821.13,62.68,38.08,47,3.3,Delivered
59360,20251203,1098,2006,3150,5,3311.6,34.98,100.75,24,3.4,Delivered
59361,20250406,1783,2007,3071,2,1605.03,77.95,0.0,41,4.4,Delivered
59362,20240112,1243,2077,3111,5,2658.95,45.7,0.0,18,3.5,Delivered
59363,20240604,1774,2042,3140,2,1358.94,66.32,0.0,39,4.2,Delivered
59364,20251114,1333,2017,3113,4,737.07,55.79,0.0,49,3.6,Delivered
59365,20250421,1333,2016,3095,1,861.32,62.53,142.6,44,4.9,Delivered
59366,20250204,1317,2081,3101,2,1441.39,38.39,154.29,35,4.0,Delivered
59367,20240625,1196,2011,3095,5,1276.92,42.34,0.0,29,4.3,Delivered
59368,20241206,1473,2064,3008,2,1437.44,24.67,88.43,60,4.9,Delivered
59369,20240226,1136,2013,3143,2,962.67,17.46,195.11,37,4.6,Delivered
59370,20250323,1261,2017,3137,5,2722.63,52.21,27.75,59,3.0,Delivered
59371,20240721,1697,2097,3101,2,1727.38,74.43,206.34,59,4.2,Delivered
59372,20251127,1147,2090,3046,2,1618.78,18.02,0.0,20,4.2,Delivered
59373,20250924,1104,2105,3118,3,1957.54,63.38,109.59,49,4.6,Delivered
59374,20240720,1517,2001,3055,3,1043.12,28.78,0.0,45,5.0,Delivered
59375,20241125,1531,2012,3088,5,1689.13,53.02,0.0,45,4.3,Delivered
59376,20241228,1759,2029,3150,2,1695.0,60.66,0.0,41,3.8,Delivered
59377,20250329,1295,2113,3125,4,2478.79,67.94,236.62,52,3.2,Delivered
59378,20241221,1283,2089,3127,5,1269.23,62.59,81.34,18,4.2,Delivered
59379,20240803,1156,2104,3122,1,677.3,24.03,0.0,45,3.1,Delivered
59380,20250708,1087,2108,3068,2,753.76,69.06,143.85,55,4.9,Delivered
59381,20240123,1496,2080,3082,2,362.78,56.59,0.0,45,3.8,Delivered
59382,20240603,1064,2052,3085,3,1559.3,59.58,0.0,24,4.2,Delivered
59383,20240704,1313,2015,3037,4,953.48,58.75,192.57,20,3.7,Delivered
59384,20240905,1690,2055,3030,1,503.49,16.9,71.27,27,4.0,Delivered
59385,20240513,1401,2004,3144,5,1950.48,32.35,0.0,19,4.1,Delivered
59386,20241116,1399,2084,3003,2,1613.01,20.22,0.0,25,4.1,Delivered
59387,20250124,1024,2044,3059,2,514.48,22.79,235.04,27,4.4,Delivered
59388,20250309,1749,2114,3055,2,488.54,50.39,210.38,20,4.5,Delivered
59389,20240122,1321,2004,3060,5,2002.86,15.28,0.0,58,3.9,Delivered
59390,20250822,1752,2013,3146,5,2079.89,43.85,0.0,41,3.9,Delivered
59391,20251026,1059,2090,3064,4,2610.03,76.55,0.0,29,3.7,Delivered
59392,20240504,1633,2049,3030,2,1416.49,69.35,163.65,63,3.2,Delivered
59393,20240319,1018,2045,3069,5,960.47,29.14,0.0,50,3.6,Delivered
59394,20240220,1392,2056,3120,4,2008.26,48.24,0.0,58,3.1,Delivered
59395,20251228,1142,2103,3018,3,2453.04,30.66,0.0,57,3.3,Delivered
59396,20240624,1580,2016,3022,1,344.07,69.47,0.0,52,3.3,Delivered
59397,20240909,1532,2119,3007,3,2497.53,62.84,48.75,26,4.9,Delivered
59398,20240902,1461,2022,3105,5,2834.29,75.02,0.0,34,4.4,Delivered
59399,20240415,1286,2090,3129,3,2670.01,77.61,164.57,53,3.8,Delivered
59400,20240711,1671,2079,3102,2,423.73,46.71,114.19,18,4.7,Delivered
59401,20241111,1650,2090,3031,1,756.09,42.23,0.0,39,4.2,Delivered
59402,20241028,1286,2002,3080,1,551.48,23.79,0.0,36,3.5,Delivered
59403,20250701,1570,2055,3087,5,4320.29,50.01,147.81,52,3.1,Delivered
59404,20251216,1123,2007,3115,1,745.59,51.5,0.0,33,4.9,Delivered
59405,20240924,1314,2037,3037,2,570.3,77.87,53.46,26,5.0,Delivered
59406,20240618,1006,2061,3062,2,593.88,71.95,177.76,47,4.9,Delivered
59407,20250704,1225,2004,3089,5,1634.91,44.1,0.0,23,4.2,Delivered
59408,20250330,1334,2077,3119,5,2081.01,79.59,0.0,62,3.3,Delivered
59409,20251012,1298,2048,3137,2,892.69,22.62,223.49,36,4.9,Delivered
59410,20241018,1018,2042,3034,4,713.2,76.04,66.78,63,3.6,Delivered
59411,20250717,1209,2049,3023,4,2509.99,58.19,231.51,45,3.2,Delivered
59412,20240520,1382,2026,3053,3,720.75,54.64,0.0,29,4.6,Delivered
59413,20240525,1277,2076,3042,2,566.27,46.99,0.0,60,4.6,Delivered
59414,20250228,1378,2002,3091,1,187.05,43.44,26.95,41,4.3,Delivered
59415,20241109,1112,2066,3072,2,876.88,49.2,0.0,21,3.1,Delivered
59416,20240702,1317,2103,3048,5,3929.67,32.11,157.62,61,3.1,Delivered
59417,20251025,1447,2083,3009,3,1260.8,23.3,223.7,44,3.4,Delivered
59418,20251213,1185,2035,3113,3,1385.38,43.77,177.53,26,3.4,Delivered
59419,20240507,1332,2002,3064,1,585.07,25.39,0.0,59,3.5,Delivered
59420,20241013,1350,2028,3064,3,2307.22,59.49,0.0,45,4.2,Delivered
59421,20240909,1537,2054,3036,1,618.19,72.57,0.0,47,3.8,Delivered
59422,20251130,1651,2045,3146,2,1193.5,75.2,0.0,40,4.5,Delivered
59423,20250120,1068,2089,3041,2,1644.89,68.82,0.0,52,4.4,Delivered
59424,20240817,1527,2074,3134,5,4198.09,41.29,0.0,55,3.7,Delivered
59425,20240927,1711,2106,3112,5,1471.19,21.65,0.0,19,3.8,Delivered
59426,20250218,1463,2026,3137,3,643.4,50.65,59.06,61,3.2,Delivered
59427,20240716,1255,2015,3044,5,4314.49,53.87,0.0,35,3.6,Delivered
59428,20241118,1427,2050,3099,2,611.04,26.0,222.27,36,3.2,Delivered
59429,20240225,1307,2035,3121,1,193.5,61.59,0.0,65,4.4,Delivered
59430,20240721,1602,2014,3139,2,556.5,32.94,0.0,33,3.3,Delivered
59431,20250912,1254,2089,3031,2,1062.34,28.8,188.8,38,3.7,Delivered
59432,20250919,1162,2089,3067,3,2062.78,77.97,102.18,32,3.8,Delivered
59433,20250826,1629,2066,3005,5,2598.34,67.52,152.46,34,4.9,Delivered
59434,20240517,1524,2085,3065,4,2570.84,78.0,0.0,48,5.0,Delivered
59435,20250225,1762,2017,3093,3,1759.16,23.45,0.0,50,3.8,Delivered
59436,20240226,1319,2096,3050,4,693.22,61.72,38.26,48,3.1,Delivered
59437,20250715,1473,2114,3017,2,1782.99,45.08,0.0,48,3.3,Delivered
59438,20240311,1220,2049,3043,2,1006.72,78.19,0.0,28,4.0,Delivered
59439,20250816,1305,2034,3129,3,648.62,24.48,221.14,55,4.1,Delivered
59440,20250106,1624,2053,3029,2,1473.28,26.62,0.0,37,4.1,Delivered
59441,20250908,1132,2075,3065,4,744.2,74.58,61.05,61,5.0,Delivered
59442,20250822,1497,2101,3126,4,2530.97,44.64,247.7,44,4.1,Delivered
59443,20250528,1216,2042,3031,3,1676.88,20.3,0.0,58,4.1,Delivered
59444,20240324,1778,2062,3082,3,1986.21,39.36,0.0,18,3.2,Delivered
59445,20240212,1156,2023,3024,3,1495.4,78.16,244.03,51,3.8,Delivered
59446,20251027,1691,2089,3050,4,1513.13,40.66,0.0,45,4.0,Delivered
59447,20250828,1519,2025,3081,5,3778.91,54.77,0.0,40,3.6,Delivered
59448,20240512,1241,2019,3037,2,831.91,42.58,76.66,61,4.7,Delivered
59449,20250129,1083,2108,3090,3,1156.55,53.15,0.0,29,4.0,Delivered
59450,20240305,1439,2080,3031,5,3510.83,64.59,0.0,25,4.4,Delivered
59451,20241016,1193,2051,3100,1,462.17,61.68,0.0,58,3.3,Delivered
59452,20250110,1349,2055,3123,5,2034.49,27.53,74.91,39,4.0,Delivered
59453,20250411,1374,2006,3146,1,795.81,35.75,0.0,41,4.4,Delivered
59454,20240731,1003,2118,3058,5,3497.83,74.33,61.82,20,3.9,Delivered
59455,20240527,1327,2089,3081,5,1003.67,73.48,189.67,24,4.7,Delivered
59456,20250726,1153,2011,3052,5,4056.83,44.94,61.09,52,3.1,Delivered
59457,20250415,1488,2065,3067,5,1274.71,54.15,73.87,51,4.4,Delivered
59458,20240528,1089,2044,3111,5,2939.54,62.61,142.78,29,4.1,Delivered
59459,20240328,1202,2089,3083,5,3727.36,66.84,81.68,18,4.3,Delivered
59460,20241119,1079,2057,3028,4,2979.19,61.8,210.41,33,4.2,Delivered
59461,20250130,1749,2074,3054,5,2773.75,37.5,124.46,26,4.4,Delivered
59462,20250207,1155,2080,3087,2,1380.13,42.24,0.0,55,3.6,Delivered
59463,20240322,1202,2002,3070,2,1637.12,70.83,146.47,21,4.7,Delivered
59464,20251002,1792,2011,3074,1,644.44,20.71,41.13,65,3.8,Delivered
59465,20241012,1440,2119,3098,2,1171.13,65.32,0.0,40,4.0,Delivered
59466,20250116,1328,2008,3027,4,2530.95,26.23,0.0,54,3.4,Delivered
59467,20240926,1345,2014,3021,4,3076.37,50.71,0.0,33,4.4,Delivered
59468,20241018,1377,2049,3032,3,1741.63,42.26,233.37,37,3.8,Delivered
59469,20250328,1254,2008,3085,2,1616.67,28.73,51.81,45,5.0,Delivered
59470,20251215,1521,2005,3001,1,703.66,25.56,159.31,35,3.5,Delivered
59471,20240124,1516,2030,3090,2,850.18,42.15,0.0,56,4.8,Delivered
59472,20241106,1162,2085,3015,3,1957.86,17.08,0.0,24,3.1,Delivered
59473,20250405,1365,2113,3063,2,346.31,36.63,38.45,58,4.2,Delivered
59474,20240726,1364,2089,3014,1,230.75,66.33,203.57,37,4.3,Delivered
59475,20251217,1023,2004,3041,2,676.53,36.92,0.0,42,4.8,Delivered
59476,20251025,1794,2068,3144,3,2305.27,43.67,106.66,50,3.9,Delivered
59477,20250313,1415,2008,3032,4,962.96,69.6,209.25,29,,Cancelled
59478,20250621,1394,2068,3082,3,1908.1,63.64,0.0,22,3.3,Delivered
59479,20251206,1365,2011,3003,3,1992.2,65.53,161.08,49,3.3,Delivered
59480,20241201,1591,2014,3010,5,4071.07,19.26,0.0,34,4.2,Delivered
59481,20250225,1230,2044,3150,3,1380.07,45.83,0.0,46,4.1,Delivered
59482,20241116,1457,2016,3136,2,552.02,63.36,166.82,46,3.4,Delivered
59483,20250511,1635,2048,3143,4,1045.17,49.22,0.0,46,3.1,Delivered
59484,20250809,1622,2025,3070,3,1157.87,38.17,204.85,57,3.1,Delivered
59485,20240611,1054,2089,3147,5,3613.92,59.91,0.0,39,3.2,Delivered
59486,20250624,1552,2057,3027,2,449.61,48.94,50.92,56,3.3,Delivered
59487,20240613,1299,2109,3142,4,1010.62,27.78,78.89,36,4.6,Delivered
59488,20251128,1320,2010,3126,5,3303.06,78.73,0.0,64,3.3,Delivered
59489,20250719,1058,2098,3029,3,931.64,79.11,0.0,27,3.3,Delivered
59490,20241021,1666,2071,3067,5,3148.7,33.08,82.96,39,4.3,Delivered
59491,20240211,1675,2072,3114,4,3210.53,18.63,165.5,39,4.8,Delivered
59492,20241011,1090,2027,3042,1,184.06,36.39,0.0,27,4.3,Delivered
59493,20250121,1525,2102,3009,3,1139.28,60.63,72.85,51,4.6,Delivered
59494,20240517,1544,2010,3138,2,1553.67,20.71,0.0,31,3.3,Delivered
59495,20240705,1025,2017,3131,2,1463.19,18.17,0.0,50,3.2,Delivered
59496,20251216,1737,2101,3013,4,1115.53,40.13,0.0,55,3.9,Delivered
59497,20250306,1278,2081,3023,4,980.69,57.63,0.0,53,,Cancelled
59498,20250707,1432,2087,3094,4,2503.39,68.41,0.0,28,4.8,Delivered
59499,20250219,1343,2112,3052,2,313.81,63.68,0.0,32,3.3,Delivered
59500,20250301,1339,2064,3041,5,4338.3,72.47,248.06,32,3.5,Delivered
59501,20250219,1676,2023,3138,3,2594.33,73.83,203.54,47,,Cancelled
59502,20240126,1099,2020,3060,2,1133.77,23.35,143.2,44,3.4,Delivered
59503,20250105,1542,2009,3070,2,1520.73,27.6,0.0,54,4.2,Delivered
59504,20250119,1261,2044,3079,1,737.8,23.88,120.81,65,3.9,Delivered
59505,20240225,1697,2085,3077,3,551.09,30.87,0.0,26,3.9,Delivered
59506,20240909,1262,2029,3002,2,492.26,79.56,0.0,24,4.9,Delivered
59507,20250925,1017,2082,3078,5,3463.91,20.43,0.0,32,4.0,Delivered
59508,20240415,1007,2028,3073,2,1199.53,64.33,181.11,43,5.0,Delivered
59509,20240509,1693,2001,3025,2,787.79,62.38,0.0,31,3.2,Delivered
59510,20251031,1309,2016,3081,5,1763.64,39.69,124.13,48,3.1,Delivered
59511,20250110,1134,2083,3003,5,3974.17,27.9,0.0,65,3.0,Delivered
59512,20241103,1495,2027,3047,4,2481.71,46.29,0.0,23,3.7,Delivered
59513,20240331,1161,2090,3093,2,1130.72,73.61,149.44,57,4.1,Delivered
59514,20250127,1387,2033,3059,2,1483.53,15.73,0.0,45,4.6,Delivered
59515,20250617,1718,2030,3096,5,902.3,29.93,144.73,49,4.2,Delivered
59516,20240419,1530,2077,3126,4,2935.02,65.16,234.9,31,3.7,Delivered
59517,20250714,1578,2042,3020,5,4017.3,45.71,0.0,59,4.0,Delivered
59518,20251002,1711,2029,3018,5,2023.63,57.57,223.66,41,4.8,Delivered
59519,20250807,1072,2054,3066,2,633.67,25.07,204.12,30,3.2,Delivered
59520,20241205,1355,2066,3005,3,780.72,54.89,69.62,24,4.4,Delivered
59521,20250718,1080,2072,3011,5,4378.9,21.27,116.22,33,4.2,Delivered
59522,20241221,1403,2114,3140,3,1576.26,39.51,0.0,56,4.3,Delivered
59523,20240616,1130,2085,3150,2,1142.78,48.37,55.05,43,,Cancelled
59524,20250710,1033,2053,3149,5,3175.38,16.26,174.73,22,,Cancelled
59525,20250327,1046,2011,3133,1,823.25,15.9,71.83,29,4.6,Delivered
59526,20240414,1264,2029,3111,2,1643.97,63.65,0.0,30,4.1,Delivered
59527,20240529,1005,2090,3083,2,1545.46,52.43,0.0,62,4.0,Delivered
59528,20240525,1733,2013,3090,3,555.06,25.34,66.24,22,4.1,Delivered
59529,20251216,1069,2036,3130,5,4002.84,41.66,224.61,65,4.1,Delivered
59530,20241025,1325,2117,3143,1,883.83,40.03,0.0,54,3.2,Delivered
59531,20240615,1739,2058,3111,2,1765.86,68.8,73.66,26,4.4,Delivered
59532,20251213,1577,2037,3017,1,292.09,28.3,196.97,37,4.1,Delivered
59533,20251007,1173,2004,3003,5,2005.12,63.54,238.39,36,3.7,Delivered
59534,20251223,1760,2097,3052,4,1617.77,50.7,0.0,44,3.6,Delivered
59535,20240217,1437,2041,3094,3,1261.54,28.91,156.43,30,3.7,Delivered
59536,20250929,1559,2062,3091,3,1001.55,30.97,166.57,47,3.7,Delivered
59537,20240826,1086,2023,3095,3,1880.62,25.02,0.0,55,4.9,Delivered
59538,20240107,1043,2058,3114,1,358.37,42.53,0.0,23,4.9,Delivered
59539,20250408,1404,2119,3031,4,2756.99,52.31,0.0,40,4.9,Delivered
59540,20250328,1102,2109,3110,3,900.41,31.28,197.53,24,3.9,Delivered
59541,20250105,1280,2090,3089,5,914.18,25.57,0.0,44,3.2,Delivered
59542,20250702,1425,2061,3029,4,2661.47,24.43,0.0,59,4.6,Delivered
59543,20250501,1671,2065,3130,3,2688.39,19.73,0.0,47,4.0,Delivered
59544,20240729,1248,2029,3091,5,4419.58,22.65,0.0,62,3.9,Delivered
59545,20240613,1568,2016,3078,5,2799.62,52.13,0.0,48,4.0,Delivered
59546,20240504,1165,2025,3074,4,1623.08,24.6,0.0,47,3.1,Delivered
59547,20241202,1541,2097,3102,4,3170.91,37.82,161.67,39,3.1,Delivered
59548,20240710,1169,2007,3093,2,1126.49,33.93,0.0,39,3.8,Delivered
59549,20251230,1624,2073,3141,4,3004.24,25.58,148.87,57,3.2,Delivered
59550,20240801,1194,2053,3118,3,2276.29,19.79,0.0,25,4.0,Delivered
59551,20250727,1448,2089,3009,3,1165.73,79.17,153.86,60,3.3,Delivered
59552,20241123,1711,2029,3129,3,1440.53,42.37,0.0,42,4.4,Delivered
59553,20250115,1302,2010,3104,3,2634.62,15.22,0.0,38,4.3,Delivered
59554,20251103,1357,2008,3088,3,945.66,77.73,114.67,55,3.6,Delivered
59555,20250731,1500,2017,3005,4,2335.7,45.8,179.44,63,4.1,Delivered
59556,20240826,1551,2010,3045,2,1070.26,79.72,241.05,55,4.2,Delivered
59557,20250615,1587,2033,3141,1,706.98,63.43,120.63,27,5.0,Delivered
59558,20251130,1605,2044,3032,3,1702.52,29.05,0.0,64,,Cancelled
59559,20240322,1621,2053,3043,1,752.37,61.43,0.0,34,4.0,Delivered
59560,20241228,1136,2054,3139,5,4274.43,61.21,32.23,45,3.8,Delivered
59561,20250519,1156,2003,3039,1,492.88,16.54,60.02,32,4.7,Delivered
59562,20240720,1282,2097,3026,5,1634.7,76.83,0.0,35,3.2,Delivered
59563,20250518,1544,2088,3135,4,1006.29,35.04,230.94,19,3.5,Delivered
59564,20251005,1547,2005,3022,2,1615.97,24.77,0.0,37,3.7,Delivered
59565,20240206,1754,2028,3122,5,2314.56,35.72,177.68,52,3.3,Delivered
59566,20251005,1771,2087,3008,2,1693.07,54.16,26.68,61,3.8,Delivered
59567,20250811,1772,2094,3120,5,4133.39,31.46,0.0,29,3.0,Delivered
59568,20250823,1588,2047,3112,5,1180.82,78.84,220.99,47,4.9,Delivered
59569,20250205,1725,2116,3052,1,862.52,71.09,0.0,35,,Cancelled
59570,20251206,1054,2008,3093,5,3495.99,17.84,88.77,23,,Cancelled
59571,20240624,1230,2043,3141,5,1808.43,73.03,228.63,50,4.4,Delivered
59572,20250628,1288,2115,3066,2,1451.34,57.53,33.18,47,4.6,Delivered
59573,20250723,1594,2032,3078,5,4145.88,42.94,0.0,54,4.5,Delivered
59574,20250411,1566,2051,3073,4,1649.92,22.0,0.0,29,3.2,Delivered
59575,20240719,1725,2065,3014,3,761.35,48.82,127.05,44,3.2,Delivered
59576,20250623,1219,2039,3035,5,4017.74,70.07,59.95,63,3.3,Delivered
59577,20250630,1658,2117,3078,4,2191.12,76.6,199.9,54,4.0,Delivered
59578,20250928,1308,2102,3072,5,1909.67,73.68,0.0,26,4.5,Delivered
59579,20250128,1421,2083,3066,4,1656.33,68.78,0.0,27,4.4,Delivered
59580,20240211,1589,2097,3073,5,3718.03,61.94,0.0,25,3.6,Delivered
59581,20250819,1539,2025,3038,1,608.64,50.28,184.99,65,4.6,Delivered
59582,20250127,1766,2076,3086,1,639.3,53.79,0.0,38,3.6,Delivered
59583,20251130,1434,2038,3031,1,537.3,23.17,0.0,22,,Cancelled
59584,20250914,1205,2001,3040,4,3221.08,22.95,79.08,45,3.6,Delivered
59585,20250316,1423,2054,3130,1,717.49,44.04,175.56,61,3.8,Delivered
59586,20250908,1082,2083,3032,4,2211.3,79.99,233.76,23,3.1,Delivered
59587,20250520,1600,2036,3089,4,2739.46,76.53,214.68,42,4.4,Delivered
59588,20241115,1345,2108,3096,3,1594.68,40.85,0.0,43,4.7,Delivered
59589,20250706,1440,2119,3114,3,554.19,75.86,0.0,23,3.7,Delivered
59590,20240802,1536,2024,3030,2,356.52,66.36,0.0,41,4.0,Delivered
59591,20240311,1055,2002,3046,3,1667.65,72.68,0.0,41,3.8,Delivered
59592,20250721,1731,2006,3033,3,975.05,69.81,88.89,64,3.8,Delivered
59593,20240823,1196,2084,3030,2,1717.02,77.52,0.0,62,4.7,Delivered
59594,20241007,1748,2096,3092,5,4336.02,42.32,229.14,36,4.6,Delivered
59595,20250908,1608,2019,3030,5,3509.83,75.54,102.51,27,3.3,Delivered
59596,20240610,1235,2037,3140,5,2553.05,24.24,166.28,44,4.9,Delivered
59597,20240709,1655,2066,3086,5,2651.7,36.51,58.01,39,4.9,Delivered
59598,20240109,1573,2081,3016,3,2041.42,62.14,0.0,35,3.1,Delivered
59599,20240229,1561,2087,3080,1,442.82,75.77,157.41,24,3.1,Delivered
59600,20240812,1390,2054,3145,2,352.71,64.04,0.0,45,4.5,Delivered
59601,20251130,1119,2054,3010,2,1543.38,62.81,62.99,41,3.6,Delivered
59602,20250804,1430,2026,3049,5,3403.89,62.9,170.92,55,,Cancelled
59603,20241013,1777,2096,3002,4,628.84,63.42,191.35,20,,Cancelled
59604,20240617,1580,2025,3139,5,1279.54,75.49,41.69,39,4.3,Delivered
59605,20240302,1037,2072,3022,1,597.51,60.12,166.15,28,3.5,Delivered
59606,20241214,1180,2057,3130,1,480.38,73.86,0.0,55,3.6,Delivered
59607,20250317,1645,2041,3147,4,983.07,60.36,105.68,25,3.0,Delivered
59608,20240114,1359,2030,3087,4,2483.02,15.35,103.2,54,3.1,Delivered
59609,20240612,1558,2085,3050,5,1883.42,50.27,20.87,46,3.4,Delivered
59610,20250223,1794,2052,3032,3,1031.35,76.83,93.25,24,3.3,Delivered
59611,20250603,1623,2034,3097,3,2295.53,16.7,66.54,29,4.7,Delivered
59612,20251027,1282,2090,3088,2,987.16,42.69,0.0,28,4.4,Delivered
59613,20250701,1599,2043,3026,3,470.84,67.93,0.0,38,4.1,Delivered
59614,20250713,1429,2059,3045,5,2473.32,25.31,0.0,55,3.1,Delivered
59615,20250819,1543,2091,3061,4,1008.83,54.01,0.0,45,3.1,Delivered
59616,20240128,1744,2079,3060,2,513.03,76.83,72.99,40,3.4,Delivered
59617,20251208,1189,2025,3052,3,523.92,45.48,0.0,37,3.6,Delivered
59618,20250321,1332,2085,3062,1,336.83,18.16,0.0,19,3.8,Delivered
59619,20240726,1410,2017,3079,2,680.26,77.82,64.76,54,3.7,Delivered
59620,20250414,1561,2023,3088,5,2681.74,25.73,151.05,32,,Cancelled
59621,20251216,1371,2097,3044,3,1535.97,33.3,121.99,29,,Cancelled
59622,20240413,1292,2076,3022,5,3006.77,42.75,133.2,44,3.1,Delivered
59623,20250301,1642,2064,3016,3,520.25,30.0,131.25,18,5.0,Delivered
59624,20240410,1472,2006,3073,2,585.26,79.56,0.0,51,,Cancelled
59625,20250624,1071,2090,3074,4,1015.18,46.21,242.98,48,4.8,Delivered
59626,20250930,1025,2016,3071,2,1133.94,50.65,78.57,55,3.3,Delivered
59627,20250605,1223,2118,3075,2,664.06,79.16,0.0,55,4.8,Delivered
59628,20240415,1138,2028,3041,5,3364.52,43.26,0.0,40,4.7,Delivered
59629,20251109,1303,2097,3131,2,829.41,52.93,123.17,62,3.8,Delivered
59630,20241003,1472,2029,3016,3,1865.43,33.52,132.96,24,5.0,Delivered
59631,20240305,1701,2094,3130,5,2145.86,22.54,171.69,49,4.5,Delivered
59632,20240706,1055,2008,3049,3,999.64,56.41,77.91,22,4.9,Delivered
59633,20241112,1102,2078,3007,2,863.21,56.78,0.0,45,4.1,Delivered
59634,20240517,1388,2062,3059,4,2083.82,27.19,0.0,41,4.9,Delivered
59635,20241208,1049,2059,3148,1,874.01,19.2,68.01,18,4.5,Delivered
59636,20240414,1799,2017,3116,2,1174.48,37.16,0.0,20,3.6,Delivered
59637,20250629,1662,2090,3047,4,1548.27,26.06,167.6,33,3.1,Delivered
59638,20250114,1674,2035,3044,3,1570.43,70.75,26.65,33,3.3,Delivered
59639,20240419,1158,2007,3056,3,1800.68,63.15,229.58,62,,Cancelled
59640,20250628,1151,2062,3054,3,1490.41,41.73,0.0,54,4.7,Delivered
59641,20241219,1223,2046,3053,5,2809.16,20.18,0.0,43,3.2,Delivered
59642,20241112,1467,2029,3040,2,1038.17,77.69,0.0,49,4.1,Delivered
59643,20240922,1444,2108,3137,4,1322.07,76.63,0.0,44,4.8,Delivered
59644,20251124,1138,2067,3138,4,2532.08,67.24,0.0,55,4.0,Delivered
59645,20240305,1292,2116,3043,3,1390.37,35.97,107.17,65,3.3,Delivered
59646,20241128,1752,2100,3107,2,724.21,20.07,224.89,26,3.4,Delivered
59647,20250527,1663,2046,3140,2,356.8,57.52,0.0,51,3.3,Delivered
59648,20240512,1124,2115,3141,2,1587.64,32.52,21.0,32,4.1,Delivered
59649,20250814,1124,2046,3102,5,2313.06,57.17,0.0,45,3.2,Delivered
59650,20250623,1743,2077,3090,4,2634.67,56.14,194.17,35,4.1,Delivered
59651,20250618,1521,2066,3125,5,2826.44,23.22,163.33,28,3.4,Delivered
59652,20250510,1624,2022,3072,1,565.91,62.33,60.12,45,3.4,Delivered
59653,20250912,1330,2065,3089,4,1614.71,53.19,0.0,40,3.4,Delivered
59654,20250910,1095,2117,3061,5,4240.92,24.99,95.23,46,3.6,Delivered
59655,20251018,1487,2048,3136,3,1096.5,72.87,241.96,46,4.4,Delivered
59656,20250103,1577,2033,3120,2,1305.84,55.61,214.4,53,4.6,Delivered
59657,20251012,1371,2085,3109,3,2451.08,19.68,90.0,40,4.9,Delivered
59658,20240408,1555,2065,3130,3,1780.76,39.77,0.0,42,3.4,Delivered
59659,20241112,1533,2082,3073,4,1260.84,62.97,174.95,39,3.1,Delivered
59660,20240502,1233,2049,3106,2,1055.92,61.1,0.0,65,,Cancelled
59661,20241115,1009,2044,3050,1,156.26,71.36,211.27,34,3.2,Delivered
59662,20250815,1522,2111,3010,5,3766.03,75.1,65.42,31,4.9,Delivered
59663,20250509,1590,2019,3056,4,1425.63,70.2,243.65,40,4.6,Delivered
59664,20250401,1118,2005,3037,1,242.42,57.21,210.78,54,3.1,Delivered
59665,20250605,1169,2037,3048,3,2487.79,52.8,63.74,58,4.6,Delivered
59666,20250603,1150,2031,3061,3,2455.22,68.2,0.0,56,3.3,Delivered
59667,20251217,1117,2112,3115,1,432.4,48.23,203.5,34,4.3,Delivered
59668,20241110,1048,2033,3005,1,819.13,63.05,181.02,32,4.6,Delivered
59669,20251209,1612,2070,3017,5,4209.55,51.59,177.43,50,3.8,Delivered
59670,20251210,1090,2076,3020,4,1671.55,79.48,53.84,32,3.6,Delivered
59671,20250625,1359,2007,3144,5,3947.22,16.6,0.0,21,3.0,Delivered
59672,20250423,1007,2095,3066,5,2141.57,43.37,106.29,30,4.2,Delivered
59673,20240120,1268,2071,3040,2,919.87,19.66,197.67,63,,Cancelled
59674,20250713,1513,2067,3131,5,4385.6,35.25,0.0,41,3.5,Delivered
59675,20240509,1264,2077,3075,1,833.04,54.16,228.84,63,4.0,Delivered
59676,20241019,1261,2077,3026,3,2634.86,79.08,232.82,30,4.2,Delivered
59677,20240511,1341,2047,3145,3,2214.43,78.31,86.96,29,3.7,Delivered
59678,20241221,1357,2085,3066,2,826.58,25.15,91.01,21,,Cancelled
59679,20240223,1435,2101,3092,4,1623.48,53.83,0.0,42,3.3,Delivered
59680,20250121,1504,2077,3001,5,2660.76,73.0,195.9,63,4.6,Delivered
59681,20240921,1174,2073,3018,4,3439.27,47.47,0.0,25,4.3,Delivered
59682,20240802,1603,2117,3021,2,1635.58,63.0,0.0,54,4.6,Delivered
59683,20250404,1156,2003,3014,5,2470.48,69.98,0.0,21,4.6,Delivered
59684,20250402,1020,2026,3121,1,277.62,21.17,67.79,47,3.8,Delivered
59685,20240212,1457,2006,3052,3,2671.09,35.32,244.74,39,4.2,Delivered
59686,20250808,1580,2029,3082,3,2508.47,18.11,76.65,62,4.2,Delivered
59687,20241004,1671,2111,3039,1,450.31,55.61,68.39,46,4.2,Delivered
59688,20240509,1394,2068,3092,3,2346.1,67.9,171.76,28,4.8,Delivered
59689,20241215,1476,2090,3018,1,804.11,64.34,0.0,48,3.8,Delivered
59690,20251206,1652,2058,3005,2,458.93,61.8,190.2,48,4.9,Delivered
59691,20250627,1263,2091,3146,1,740.94,52.45,0.0,35,3.5,Delivered
59692,20240415,1294,2037,3059,5,3412.73,53.31,32.67,47,,Cancelled
59693,20251216,1564,2009,3149,5,1134.91,38.1,128.21,29,4.0,Delivered
59694,20240101,1107,2097,3059,5,750.75,35.2,65.01,24,4.7,Delivered
59695,20250806,1258,2055,3019,4,3018.29,72.83,0.0,44,3.9,Delivered
59696,20250307,1166,2068,3004,4,825.26,21.66,130.6,61,,Cancelled
59697,20241101,1003,2040,3106,1,223.22,37.84,0.0,28,4.0,Delivered
59698,20250610,1369,2114,3090,3,2047.59,19.11,52.97,41,4.4,Delivered
59699,20240222,1731,2006,3044,5,3367.84,59.05,66.81,46,,Cancelled
59700,20250603,1724,2026,3065,4,2236.8,22.1,217.55,42,3.9,Delivered
59701,20241125,1464,2081,3068,5,832.28,41.47,0.0,39,4.2,Delivered
59702,20250711,1227,2002,3077,4,1950.14,34.89,0.0,42,3.1,Delivered
59703,20241120,1469,2119,3057,4,2134.77,20.5,42.44,61,3.1,Delivered
59704,20240423,1330,2037,3011,4,2203.13,50.27,79.43,61,3.5,Delivered
59705,20240526,1633,2004,3125,1,493.29,41.19,151.5,34,4.9,Delivered
59706,20240614,1660,2046,3030,4,2863.52,53.78,0.0,46,3.8,Delivered
59707,20250113,1506,2078,3054,3,2172.27,20.53,35.31,49,3.9,Delivered
59708,20240518,1698,2096,3129,1,397.48,68.91,212.43,23,4.8,Delivered
59709,20250920,1570,2045,3143,3,2333.79,63.11,248.49,26,4.9,Delivered
59710,20241025,1707,2003,3147,3,2013.7,78.99,0.0,62,3.2,Delivered
59711,20241002,1588,2013,3081,2,1499.3,79.79,97.87,30,4.0,Delivered
59712,20240626,1186,2059,3012,5,2687.72,78.94,39.05,24,4.7,Delivered
59713,20241219,1079,2115,3129,3,1816.21,32.14,0.0,51,3.6,Delivered
59714,20240602,1014,2031,3002,1,783.05,34.29,164.65,43,3.2,Delivered
59715,20240719,1516,2010,3090,2,1189.99,28.93,0.0,56,4.2,Delivered
59716,20240424,1430,2022,3060,5,2214.53,54.39,142.32,29,3.4,Delivered
59717,20251101,1232,2089,3097,4,975.2,67.18,179.51,45,4.8,Delivered
59718,20250707,1688,2052,3127,2,604.09,42.01,186.92,47,4.3,Delivered
59719,20240308,1710,2060,3055,5,3306.08,28.19,0.0,39,4.9,Delivered
59720,20250320,1454,2008,3121,2,1253.32,24.15,172.97,49,3.7,Delivered
59721,20250320,1243,2017,3116,2,825.73,77.66,68.3,47,3.3,Delivered
59722,20241121,1323,2042,3006,1,535.32,33.99,44.43,59,4.6,Delivered
59723,20251208,1626,2008,3038,5,1745.69,60.78,73.03,48,3.4,Delivered
59724,20250824,1380,2090,3102,2,483.27,74.22,0.0,44,3.3,Delivered
59725,20250914,1524,2097,3049,5,2589.13,43.79,137.71,21,3.3,Delivered
59726,20241224,1254,2085,3124,4,3597.05,69.48,232.47,21,,Cancelled
59727,20240524,1249,2069,3102,5,1656.85,20.26,0.0,55,,Cancelled
59728,20241001,1299,2057,3086,5,2504.63,26.24,0.0,58,,Cancelled
59729,20250523,1202,2085,3035,5,2297.43,75.59,0.0,27,3.4,Delivered
59730,20240627,1767,2052,3149,4,1806.94,31.2,123.25,32,5.0,Delivered
59731,20250421,1165,2025,3095,4,2051.87,46.73,0.0,44,3.5,Delivered
59732,20250217,1314,2060,3085,2,601.11,63.25,64.06,34,3.7,Delivered
59733,20240601,1349,2094,3047,3,2028.52,56.09,0.0,41,4.7,Delivered
59734,20240413,1420,2035,3010,1,461.1,73.7,41.63,62,4.0,Delivered
59735,20240315,1279,2094,3005,2,1392.42,24.63,119.64,26,4.9,Delivered
59736,20240507,1082,2031,3006,5,975.84,72.82,0.0,63,3.5,Delivered
59737,20251211,1637,2054,3047,3,782.45,47.55,219.31,41,4.0,Delivered
59738,20251027,1215,2106,3013,1,830.81,69.25,0.0,50,3.0,Delivered
59739,20250721,1498,2038,3080,3,1841.85,45.25,191.48,23,3.2,Delivered
59740,20241210,1442,2010,3036,2,1305.64,65.47,97.15,62,4.2,Delivered
59741,20250614,1258,2004,3038,2,1282.85,42.01,78.46,39,3.6,Delivered
59742,20240607,1714,2029,3140,3,2457.72,65.75,20.5,47,4.0,Delivered
59743,20250621,1371,2085,3097,3,926.69,78.28,205.29,63,3.5,Delivered
59744,20250301,1697,2097,3102,3,2010.62,43.02,134.49,25,3.3,Delivered
59745,20251111,1492,2018,3082,4,1444.55,65.5,21.01,19,3.3,Delivered
59746,20240123,1180,2040,3093,1,810.36,77.76,62.56,19,3.8,Delivered
59747,20240216,1415,2002,3125,2,1691.75,23.69,0.0,39,4.9,Delivered
59748,20250608,1722,2002,3072,5,3685.23,66.97,65.08,24,3.7,Delivered
59749,20251229,1673,2029,3078,5,2054.61,74.62,61.59,26,4.9,Delivered
59750,20251206,1570,2102,3125,1,737.57,57.33,0.0,33,3.3,Delivered
59751,20240523,1011,2025,3027,3,1167.18,79.21,181.78,53,4.0,Delivered
59752,20250807,1207,2092,3056,4,2733.38,29.98,0.0,40,4.8,Delivered
59753,20251029,1382,2072,3059,4,604.71,58.2,0.0,51,4.9,Delivered
59754,20250811,1208,2102,3040,3,2401.95,44.7,0.0,40,4.9,Delivered
59755,20250222,1402,2015,3061,2,1410.82,22.27,0.0,24,3.1,Delivered
59756,20251111,1122,2101,3106,2,1198.28,69.2,0.0,40,3.2,Delivered
59757,20240325,1791,2046,3038,2,972.33,24.89,0.0,48,4.5,Delivered
59758,20250219,1072,2120,3076,2,1701.96,65.08,0.0,44,3.5,Delivered
59759,20251124,1722,2008,3107,3,1126.05,52.99,133.1,26,3.9,Delivered
59760,20250426,1661,2095,3023,2,548.4,24.07,0.0,52,3.1,Delivered
59761,20250331,1490,2053,3144,4,1813.91,23.44,176.56,48,4.3,Delivered
59762,20241023,1702,2003,3065,2,1268.27,64.61,0.0,23,3.3,Delivered
59763,20240421,1620,2105,3133,4,3433.34,68.51,0.0,23,4.7,Delivered
59764,20240817,1686,2116,3041,1,266.41,27.8,195.12,65,4.0,Delivered
59765,20240405,1610,2082,3089,3,1472.84,23.27,0.0,36,3.5,Delivered
59766,20251110,1226,2112,3054,3,870.52,69.8,237.27,50,4.7,Delivered
59767,20250112,1196,2061,3077,1,210.77,45.91,144.81,18,4.3,Delivered
59768,20240604,1298,2055,3067,3,821.93,29.29,104.83,36,3.5,Delivered
59769,20250224,1675,2026,3112,2,557.35,31.48,37.23,20,4.7,Delivered
59770,20240414,1206,2043,3112,4,3207.55,51.96,0.0,32,5.0,Delivered
59771,20251205,1137,2051,3023,5,3194.59,60.13,228.33,62,3.9,Delivered
59772,20241125,1445,2021,3015,4,1058.19,37.47,133.11,47,3.4,Delivered
59773,20250314,1441,2089,3127,1,206.97,66.43,0.0,32,,Cancelled
59774,20240511,1270,2018,3084,2,1748.32,69.11,193.55,43,4.5,Delivered
59775,20250116,1487,2042,3145,4,3317.33,78.11,155.07,57,3.5,Delivered
59776,20240517,1772,2035,3019,2,1080.17,41.77,106.39,25,3.8,Delivered
59777,20240926,1425,2058,3058,1,403.23,65.48,114.73,28,3.5,Delivered
59778,20250703,1423,2032,3036,1,510.05,63.28,0.0,55,4.7,Delivered
59779,20250130,1723,2094,3148,2,615.32,50.79,0.0,48,3.7,Delivered
59780,20250710,1102,2082,3068,3,1518.95,57.23,163.12,21,4.0,Delivered
59781,20250408,1066,2091,3134,4,1734.18,57.35,32.26,53,4.8,Delivered
59782,20251105,1786,2057,3068,1,512.8,28.64,109.43,43,3.5,Delivered
59783,20250325,1235,2065,3098,5,2822.37,17.95,37.5,22,,Cancelled
59784,20241126,1009,2077,3075,5,4258.57,60.15,0.0,56,3.7,Delivered
59785,20240909,1017,2046,3024,4,758.96,72.81,92.72,61,3.3,Delivered
59786,20251111,1238,2102,3015,3,1286.53,53.45,0.0,43,4.3,Delivered
59787,20241011,1387,2079,3118,3,713.33,35.12,0.0,21,5.0,Delivered
59788,20240930,1050,2028,3052,4,1691.44,74.95,226.98,57,5.0,Delivered
59789,20240120,1181,2064,3090,2,717.05,23.21,166.59,37,3.2,Delivered
59790,20240826,1543,2023,3132,4,1415.85,54.34,126.26,40,4.1,Delivered
59791,20240926,1609,2014,3137,5,2193.84,28.14,201.2,65,,Cancelled
59792,20250221,1430,2024,3056,5,1265.06,21.92,0.0,25,4.8,Delivered
59793,20241105,1762,2043,3127,1,881.06,52.63,44.08,45,4.3,Delivered
59794,20240131,1508,2053,3090,3,502.21,68.38,182.33,51,3.6,Delivered
59795,20240413,1314,2056,3063,5,3730.29,54.87,0.0,49,3.4,Delivered
59796,20251112,1247,2017,3135,1,619.72,55.15,231.19,46,,Cancelled
59797,20240704,1002,2003,3140,2,1320.01,68.58,184.78,64,5.0,Delivered
59798,20240507,1304,2063,3053,5,2776.31,78.78,219.34,65,3.7,Delivered
59799,20240728,1714,2106,3117,3,2371.4,45.32,57.28,20,4.3,Delivered
59800,20250217,1347,2022,3068,1,836.35,20.93,232.29,52,4.4,Delivered
59801,20241007,1407,2107,3094,5,2182.45,42.79,90.78,61,4.2,Delivered
59802,20240909,1240,2029,3149,3,2408.28,53.7,0.0,48,3.9,Delivered
59803,20240119,1584,2038,3013,3,1186.37,38.18,32.63,53,3.7,Delivered
59804,20251212,1380,2097,3007,3,1202.28,26.38,0.0,22,3.2,Delivered
59805,20240515,1024,2029,3050,1,227.73,27.34,0.0,40,3.1,Delivered
59806,20240810,1695,2067,3138,1,523.69,45.67,235.73,29,3.3,Delivered
59807,20240103,1011,2077,3102,2,1158.57,33.74,0.0,54,3.3,Delivered
59808,20240823,1011,2025,3002,1,348.24,75.37,81.81,34,3.9,Delivered
59809,20250409,1167,2006,3045,4,1081.25,19.35,31.59,26,,Cancelled
59810,20240815,1717,2008,3103,4,3327.17,37.64,84.92,41,4.5,Delivered
59811,20251015,1554,2090,3144,4,1002.68,79.77,85.37,27,4.2,Delivered
59812,20250513,1451,2019,3132,3,1369.6,68.36,0.0,63,3.4,Delivered
59813,20250604,1356,2106,3006,4,2701.97,32.77,201.27,59,4.9,Delivered
59814,20251202,1554,2002,3100,5,1799.96,39.04,0.0,58,4.7,Delivered
59815,20251107,1765,2089,3042,1,412.37,72.03,243.86,34,4.4,Delivered
59816,20240518,1268,2083,3064,5,4029.76,55.79,132.92,48,3.9,Delivered
59817,20241002,1442,2007,3045,3,1689.06,70.37,0.0,27,4.7,Delivered
59818,20241017,1566,2005,3013,4,3176.67,29.6,152.73,41,4.3,Delivered
59819,20240222,1222,2009,3140,2,909.3,68.52,0.0,56,3.7,Delivered
59820,20251117,1752,2087,3042,4,3167.31,59.52,137.78,36,4.5,Delivered
59821,20240419,1611,2094,3076,1,602.47,22.6,241.09,28,4.2,Delivered
59822,20251215,1616,2105,3121,3,2656.39,50.81,0.0,56,3.4,Delivered
59823,20251009,1408,2002,3145,1,590.39,55.08,62.6,56,,Cancelled
59824,20240104,1038,2003,3111,2,1129.75,47.78,151.77,23,4.6,Delivered
59825,20251028,1237,2043,3085,5,1743.18,68.07,160.58,48,4.1,Delivered
59826,20251114,1749,2046,3119,1,230.36,48.83,0.0,29,4.8,Delivered
59827,20240216,1266,2002,3036,1,194.82,45.36,23.11,52,4.9,Delivered
59828,20240403,1205,2018,3073,5,4352.69,39.76,0.0,49,4.9,Delivered
59829,20250713,1671,2030,3122,3,514.43,41.23,217.33,22,4.9,Delivered
59830,20240731,1212,2069,3027,2,678.61,41.03,0.0,31,4.2,Delivered
59831,20250311,1676,2047,3041,4,2740.03,69.38,0.0,23,,Cancelled
59832,20250522,1104,2030,3116,4,2894.43,65.58,0.0,42,4.1,Delivered
59833,20251012,1129,2079,3092,5,1540.23,51.1,0.0,58,4.4,Delivered
59834,20240723,1453,2097,3052,5,1485.93,71.54,164.29,30,3.3,Delivered
59835,20250115,1094,2090,3106,2,1411.01,17.97,0.0,35,3.0,Delivered
59836,20240313,1200,2082,3096,3,1473.73,71.67,0.0,34,3.5,Delivered
59837,20250530,1281,2027,3026,4,2978.11,62.31,0.0,18,3.2,Delivered
59838,20240316,1612,2098,3027,2,926.72,52.72,92.99,58,4.8,Delivered
59839,20240317,1245,2079,3038,4,914.55,31.87,66.95,45,4.4,Delivered
59840,20250213,1419,2097,3127,3,1503.67,57.17,45.89,63,3.3,Delivered
59841,20250905,1071,2085,3134,2,1627.13,22.74,0.0,47,4.4,Delivered
59842,20240415,1765,2090,3090,3,1473.03,51.34,21.75,29,4.2,Delivered
59843,20250704,1368,2006,3062,1,380.91,55.38,0.0,51,4.2,Delivered
59844,20250420,1319,2058,3039,3,841.51,56.97,23.59,20,,Cancelled
59845,20241001,1060,2047,3127,5,1830.68,37.65,0.0,29,4.8,Delivered
59846,20240328,1083,2120,3105,5,2953.39,58.59,138.15,58,4.1,Delivered
59847,20251223,1586,2031,3122,5,4132.71,60.12,148.84,26,4.0,Delivered
59848,20240317,1574,2002,3079,5,2226.59,72.62,124.47,25,4.9,Delivered
59849,20240317,1065,2084,3066,1,648.99,35.21,229.18,33,4.5,Delivered
59850,20250317,1208,2048,3121,5,957.4,46.05,0.0,22,3.5,Delivered
59851,20250623,1612,2108,3103,5,4296.75,25.71,167.57,51,4.1,Delivered
59852,20240901,1436,2036,3108,2,701.7,73.47,0.0,24,4.0,Delivered
59853,20250731,1524,2085,3148,2,1382.23,28.24,0.0,20,4.5,Delivered
59854,20250116,1343,2064,3044,4,1813.48,47.26,0.0,24,3.5,Delivered
59855,20251217,1322,2097,3055,2,601.72,34.94,196.36,19,3.8,Delivered
59856,20250723,1784,2038,3068,4,1326.14,38.86,0.0,25,3.0,Delivered
59857,20251213,1180,2057,3133,2,1717.05,47.01,67.66,58,3.7,Delivered
59858,20240521,1450,2020,3125,1,859.06,69.06,205.65,55,4.4,Delivered
59859,20250102,1131,2060,3136,2,679.64,50.81,230.9,60,3.9,Delivered
59860,20240324,1154,2078,3125,5,3188.23,59.53,0.0,40,,Cancelled
59861,20240522,1612,2107,3076,2,1478.71,72.49,128.03,25,4.3,Delivered
59862,20241217,1468,2029,3112,2,1312.15,68.18,0.0,48,3.3,Delivered
59863,20250628,1539,2025,3029,1,684.19,58.4,88.74,45,3.1,Delivered
59864,20240531,1515,2004,3137,1,366.34,31.06,111.64,38,3.0,Delivered
59865,20240606,1769,2044,3067,4,2551.05,78.7,118.69,58,3.1,Delivered
59866,20250321,1672,2053,3006,4,2365.56,45.0,75.64,19,4.3,Delivered
59867,20251014,1461,2012,3143,1,734.52,71.09,240.07,59,,Cancelled
59868,20241029,1181,2082,3040,2,1610.96,41.75,0.0,58,4.1,Delivered
59869,20250915,1187,2096,3048,2,1407.03,49.33,194.77,36,5.0,Delivered
59870,20251017,1227,2089,3124,3,1181.13,27.93,0.0,18,4.5,Delivered
59871,20250325,1324,2117,3043,2,1762.0,52.49,44.32,35,4.5,Delivered
59872,20251221,1656,2108,3063,4,935.02,47.26,130.53,25,3.1,Delivered
59873,20240811,1174,2052,3041,4,1360.3,68.76,109.74,65,3.3,Delivered
59874,20240212,1409,2022,3067,1,656.21,73.79,0.0,40,3.9,Delivered
59875,20240920,1180,2057,3150,3,839.13,26.62,77.46,45,3.4,Delivered
59876,20240103,1539,2077,3130,1,272.92,15.02,0.0,36,4.6,Delivered
59877,20250928,1256,2036,3017,1,662.33,77.99,0.0,65,4.3,Delivered
59878,20240924,1368,2077,3043,2,1456.38,32.97,0.0,29,4.7,Delivered
59879,20250818,1712,2068,3133,4,3122.38,27.18,36.3,29,4.1,Delivered
59880,20240116,1642,2046,3112,3,2683.84,26.68,243.19,53,4.8,Delivered
59881,20241129,1468,2106,3134,1,412.79,36.62,178.94,49,,Cancelled
59882,20250408,1698,2096,3005,1,584.98,26.81,0.0,50,4.7,Delivered
59883,20240228,1317,2074,3056,1,481.8,34.63,0.0,30,3.8,Delivered
59884,20240625,1269,2008,3064,5,2970.67,19.37,132.49,27,4.1,Delivered
59885,20240303,1464,2112,3124,2,1327.42,61.75,169.42,44,3.7,Delivered
59886,20250714,1582,2092,3075,5,3213.02,27.13,237.79,18,3.6,Delivered
59887,20241102,1442,2060,3144,4,1386.17,48.49,247.88,34,4.5,Delivered
59888,20240902,1268,2031,3088,4,1791.38,57.67,85.95,44,4.1,Delivered
59889,20241015,1050,2096,3059,5,1174.41,15.69,0.0,20,3.3,Delivered
59890,20241127,1454,2097,3072,4,1283.66,17.96,0.0,43,4.9,Delivered
59891,20250610,1756,2096,3050,2,616.51,42.29,138.11,39,3.8,Delivered
59892,20240911,1717,2097,3054,4,654.6,28.2,0.0,30,3.7,Delivered
59893,20250826,1736,2075,3104,3,585.25,35.69,194.14,65,3.6,Delivered
59894,20250524,1563,2098,3074,4,2956.97,34.16,0.0,34,3.3,Delivered
59895,20251218,1673,2006,3085,1,200.43,46.32,171.79,21,5.0,Delivered
59896,20250828,1069,2012,3117,5,892.48,48.75,246.65,41,3.4,Delivered
59897,20250407,1055,2090,3089,3,2351.11,58.29,0.0,51,4.5,Delivered
59898,20240717,1592,2083,3110,1,650.48,74.2,0.0,20,4.9,Delivered
59899,20240927,1765,2002,3061,2,1622.42,61.31,234.01,56,3.4,Delivered
59900,20250711,1164,2031,3113,4,686.27,23.43,87.36,36,,Cancelled
59901,20240304,1252,2077,3080,1,897.71,76.2,0.0,54,4.6,Delivered
59902,20240817,1368,2016,3088,2,1053.05,36.4,74.3,33,3.8,Delivered
59903,20240905,1100,2053,3129,1,883.82,23.14,0.0,46,3.4,Delivered
59904,20240902,1303,2089,3149,5,3341.95,46.4,94.76,44,3.6,Delivered
59905,20250809,1201,2049,3003,3,1886.83,73.98,0.0,29,4.4,Delivered
59906,20240605,1400,2019,3013,2,516.67,44.41,217.09,50,3.2,Delivered
59907,20251202,1189,2025,3083,2,1360.12,45.98,0.0,23,4.0,Delivered
59908,20250717,1283,2008,3010,2,1534.2,79.08,192.19,47,3.3,Delivered
59909,20240328,1700,2068,3019,3,1755.32,35.12,158.39,42,3.1,Delivered
59910,20241108,1655,2049,3047,4,3278.67,19.85,42.49,34,3.1,Delivered
59911,20240306,1241,2120,3016,5,1010.19,57.1,72.67,27,4.8,Delivered
59912,20251023,1337,2105,3132,4,780.89,34.7,0.0,30,4.9,Delivered
59913,20240120,1706,2111,3113,1,489.79,41.26,0.0,49,4.2,Delivered
59914,20240202,1415,2008,3054,4,3005.77,54.52,120.17,64,3.9,Delivered
59915,20250711,1002,2091,3060,1,162.87,36.63,223.97,52,3.5,Delivered
59916,20240313,1368,2016,3030,2,1675.32,15.01,162.93,50,,Cancelled
59917,20241208,1063,2051,3014,2,415.1,29.34,0.0,62,3.2,Delivered
59918,20240512,1028,2088,3108,1,534.91,23.08,0.0,21,5.0,Delivered
59919,20240224,1590,2110,3012,3,2454.61,60.17,0.0,37,4.3,Delivered
59920,20240301,1184,2056,3040,4,3032.21,56.18,158.56,57,3.8,Delivered
59921,20250603,1404,2072,3007,4,1607.99,65.67,0.0,22,4.4,Delivered
59922,20240928,1377,2055,3068,1,560.17,37.05,223.24,34,3.5,Delivered
59923,20240902,1799,2044,3070,5,2563.42,36.6,0.0,20,3.1,Delivered
59924,20240624,1732,2094,3047,5,3385.93,78.35,223.35,55,4.6,Delivered
59925,20250919,1058,2108,3024,3,846.01,41.95,249.45,56,4.8,Delivered
59926,20241112,1290,2096,3147,5,786.57,74.57,80.38,35,3.2,Delivered
59927,20251205,1024,2025,3116,5,3974.94,75.54,0.0,64,3.5,Delivered
59928,20251023,1610,2112,3027,1,809.87,65.39,199.61,36,3.5,Delivered
59929,20240510,1442,2076,3093,4,3246.73,53.45,65.51,35,3.5,Delivered
59930,20240411,1577,2088,3054,4,1268.09,65.7,0.0,46,3.0,Delivered
59931,20241105,1747,2038,3007,2,1126.36,19.43,103.53,55,4.1,Delivered
59932,20241018,1043,2018,3084,4,1303.43,50.63,90.51,56,3.3,Delivered
59933,20251222,1153,2071,3127,2,814.33,23.59,0.0,49,4.9,Delivered
59934,20250509,1667,2030,3066,5,3022.72,34.52,0.0,41,4.7,Delivered
59935,20241226,1633,2055,3083,4,1114.97,18.61,0.0,28,,Cancelled
59936,20241203,1335,2118,3016,5,2996.42,54.46,115.08,27,4.0,Delivered
59937,20250801,1194,2072,3029,1,511.88,48.84,172.54,23,3.6,Delivered
59938,20240110,1481,2005,3071,2,521.6,38.51,125.76,27,,Cancelled
59939,20240218,1785,2002,3032,3,1778.43,27.45,116.9,57,3.8,Delivered
59940,20250501,1578,2080,3111,1,609.54,54.49,0.0,58,4.3,Delivered
59941,20250914,1212,2081,3083,2,1508.08,51.42,0.0,20,3.5,Delivered
59942,20241116,1571,2080,3119,5,3155.75,16.01,29.37,30,3.3,Delivered
59943,20251231,1666,2095,3002,3,1006.87,60.75,0.0,52,3.4,Delivered
59944,20250722,1681,2030,3040,1,487.63,44.72,0.0,37,4.7,Delivered
59945,20250916,1023,2066,3018,2,1010.95,19.27,0.0,48,4.1,Delivered
59946,20240512,1079,2040,3107,4,1578.33,60.8,153.17,26,4.6,Delivered
59947,20250805,1305,2052,3062,5,3606.87,49.36,21.81,56,3.4,Delivered
59948,20240323,1554,2085,3077,5,2617.54,76.19,0.0,42,4.7,Delivered
59949,20240226,1607,2056,3085,4,3318.92,19.78,232.89,43,3.9,Delivered
59950,20250110,1573,2114,3069,4,3230.75,75.02,80.94,25,3.6,Delivered
59951,20241214,1444,2047,3006,4,1789.06,52.25,156.28,34,4.5,Delivered
59952,20240927,1746,2011,3139,1,454.68,65.15,46.91,18,4.8,Delivered
59953,20250427,1792,2083,3079,4,3504.92,64.45,0.0,55,3.2,Delivered
59954,20240420,1231,2088,3104,3,1547.13,24.62,0.0,23,3.4,Delivered
59955,20240316,1563,2091,3019,2,1392.07,46.48,92.12,44,4.7,Delivered
59956,20240606,1690,2004,3131,4,1556.65,72.63,0.0,52,3.8,Delivered
59957,20250615,1131,2038,3128,3,1224.27,47.16,0.0,25,,Cancelled
59958,20251004,1092,2054,3124,1,379.97,16.69,0.0,61,4.5,Delivered
59959,20241124,1648,2001,3099,1,447.21,28.63,86.15,62,3.5,Delivered
59960,20240501,1100,2073,3104,2,1083.58,15.84,0.0,51,4.9,Delivered
59961,20240210,1301,2001,3060,5,3194.16,62.53,179.19,61,4.8,Delivered
59962,20240615,1203,2107,3112,2,1514.04,32.7,0.0,20,4.4,Delivered
59963,20251003,1149,2017,3028,4,773.75,50.43,96.2,62,3.9,Delivered
59964,20240123,1337,2116,3046,5,2616.56,78.11,0.0,56,3.4,Delivered
59965,20241005,1300,2038,3118,2,1576.4,52.2,22.05,50,3.3,Delivered
59966,20250413,1174,2073,3120,3,591.32,32.28,181.91,41,,Cancelled
59967,20250203,1730,2119,3077,2,835.66,36.68,0.0,64,,Cancelled
59968,20240109,1088,2082,3078,1,220.86,62.05,0.0,24,4.5,Delivered
59969,20240113,1441,2002,3064,3,993.5,54.87,0.0,23,3.7,Delivered
59970,20240221,1415,2089,3083,2,1369.67,74.32,142.78,61,4.9,Delivered
59971,20240727,1705,2086,3006,2,471.61,64.31,0.0,31,3.3,Delivered
59972,20250703,1705,2068,3091,1,725.27,19.02,164.73,30,4.7,Delivered
59973,20250903,1534,2004,3029,3,463.49,16.88,0.0,50,4.5,Delivered
59974,20251205,1451,2098,3002,3,2683.35,27.31,178.8,65,3.9,Delivered
59975,20250205,1288,2064,3132,4,1573.54,22.62,0.0,22,,Cancelled
59976,20240709,1166,2034,3141,5,1769.67,31.23,0.0,54,4.1,Delivered
59977,20240220,1507,2117,3064,1,485.77,29.26,0.0,43,,Cancelled
59978,20250127,1333,2025,3033,1,834.51,63.31,0.0,30,4.9,Delivered
59979,20251014,1610,2059,3126,3,1692.3,63.6,0.0,42,4.9,Delivered
59980,20251110,1157,2016,3045,2,1308.98,72.06,32.98,65,3.5,Delivered
59981,20250912,1021,2083,3103,3,2083.78,46.8,0.0,57,3.5,Delivered
59982,20251219,1276,2031,3091,4,1811.59,76.25,150.95,46,3.6,Delivered
59983,20241026,1455,2011,3043,2,646.1,46.77,0.0,41,4.1,Delivered
59984,20250913,1097,2045,3029,1,490.04,25.99,71.63,36,4.8,Delivered
59985,20240714,1800,2086,3076,1,613.5,65.4,185.17,27,4.0,Delivered
59986,20250220,1205,2031,3113,5,3694.64,78.97,0.0,58,3.0,Delivered
59987,20251025,1360,2085,3039,2,1452.07,59.22,119.3,30,4.6,Delivered
59988,20250223,1307,2042,3008,4,2186.69,65.3,78.59,42,3.6,Delivered
59989,20251001,1046,2011,3006,5,1668.95,50.52,111.42,48,4.6,Delivered
59990,20250908,1570,2055,3122,5,3301.32,78.44,130.79,50,3.3,Delivered
59991,20250605,1249,2112,3115,3,1295.07,42.09,248.01,60,4.6,Delivered
59992,20241221,1239,2048,3076,3,1779.14,41.55,240.17,19,4.2,Delivered
59993,20240527,1169,2105,3070,4,2901.55,76.45,0.0,23,4.1,Delivered
59994,20241230,1508,2073,3047,1,839.09,29.23,0.0,61,4.1,Delivered
59995,20241229,1461,2034,3023,5,4125.62,18.99,0.0,45,4.3,Delivered
59996,20251013,1202,2097,3061,4,2712.09,64.65,0.0,48,3.1,Delivered
59997,20251202,1451,2063,3065,2,1446.34,53.79,0.0,23,4.5,Delivered
59998,20250205,1096,2105,3106,1,359.86,25.78,0.0,40,4.0,Delivered
59999,20250828,1457,2016,3129,2,1374.41,27.05,118.2,27,4.9,Delivered
60000,20250506,1490,2052,3044,4,3534.02,18.13,174.01,39,4.1,Delivered
